Ref: 005
Rodada: 1

2 x 0

São Paulo
Botafogo de Futebol E Regatas
Data: 27/04/2019 - sábado às 16h00
Local: Morumbi - Sao Paulo - SP
Transmissão: Premiere
Ref: 008
Rodada: 1

2 x 0

Chapecoense
Internacional
Data: 27/04/2019 - sábado às 19h00
Local: Arena Condá - Chapeco - SC
Transmissão: Premiere
Ref: 002
Rodada: 1

2 x 1

Atlético Mineiro
Avaí
Data: 27/04/2019 - sábado às 19h00
Local: Independência - Belo Horizonte - MG
Transmissão: Premiere, SporTV
Ref: 006
Rodada: 1

3 x 1

Flamengo
Cruzeiro Esporte Clube
Data: 27/04/2019 - sábado às 21h00
Local: Maracanã - Rio de Janeiro - RJ
Transmissão: Premiere
Ref: 001
Rodada: 1

1 x 2

Grêmio
Santos Fc
Data: 28/04/2019 - domingo às 11h00
Local: Arena do Grêmio - Porto Alegre - RS
Transmissão: Premiere
Ref: 009
Rodada: 1

3 x 2

Esporte Clube Bahia
Corinthians
Data: 28/04/2019 - domingo às 16h00
Local: Arena Fonte Nova - Salvador - BA
Transmissão: Globo, Premiere
Ref: 010
Rodada: 1

4 x 1

Athletico Paranaense
Vasco da Gama
Data: 28/04/2019 - domingo às 16h00
Local: Arena da Baixada - Curitiba - PR
Transmissão: Globo
Ref: 003
Rodada: 1

4 x 0

Ceará
Csa
Data: 28/04/2019 - domingo às 16h00
Local: Arena Castelão - Fortaleza - CE
Transmissão: Premiere
Ref: 004
Rodada: 1

4 x 0

Palmeiras
Fortaleza
Data: 28/04/2019 - domingo às 19h00
Local: Allianz Parque - Sao Paulo - SP
Transmissão: TNT
Ref: 007
Rodada: 1

0 x 1

Fluminense
Goiás
Data: 28/04/2019 - domingo às 19h00
Local: Maracanã - Rio de Janeiro - RJ
Transmissão: Premiere, SporTV
Ref: 011
Rodada: 2

2 x 1

Internacional
Flamengo
Data: 01/05/2019 - quarta-feira às 16h00
Local: Beira-Rio - Porto Alegre - RS
Transmissão: Premiere
Ref: 020
Rodada: 2

1 x 1

Csa
Palmeiras
Data: 01/05/2019 - quarta-feira às 16h00
Local: Rei Pelé - Maceio - AL
Ref: 014
Rodada: 2

1 x 0

Corinthians
Chapecoense
Data: 01/05/2019 - quarta-feira às 16h00
Local: Neo Química Arena - Sao Paulo - SP
Transmissão: Premiere
Ref: 018
Rodada: 2

1 x 1

Avaí
Grêmio
Data: 01/05/2019 - quarta-feira às 19h15
Local: Ressacada - Florianopolis - SC
Transmissão: Premiere, SporTV
Ref: 012
Rodada: 2

1 x 0

Cruzeiro Esporte Clube
Ceará
Data: 01/05/2019 - quarta-feira às 19h15
Local: Mineirão - Belo Horizonte - MG
Transmissão: Premiere
Ref: 016
Rodada: 2

1 x 2

Vasco da Gama
Atlético Mineiro
Data: 01/05/2019 - quarta-feira às 21h30
Local: São Januário - Rio de Janeiro - RJ
Transmissão: Globo, Premiere
Ref: 019
Rodada: 2

1 x 2

Goiás
São Paulo
Data: 01/05/2019 - quarta-feira às 21h30
Local: Serra Dourada - Goiania - GO
Transmissão: Globo, Premiere
Ref: 013
Rodada: 2

2 x 1

Fortaleza
Athletico Paranaense
Data: 01/05/2019 - quarta-feira às 21h30
Local: Arena Castelão - Fortaleza - CE
Transmissão: Globo, TNT
Ref: 015
Rodada: 2

2 x 1

Santos Fc
Fluminense
Data: 02/05/2019 - quinta-feira às 19h15
Local: Vila Belmiro - Santos - SP
Transmissão: Premiere
Ref: 017
Rodada: 2

3 x 2

Botafogo de Futebol E Regatas
Esporte Clube Bahia
Data: 02/05/2019 - quinta-feira às 20h00
Local: Nilton Santos - Rio de Janeiro - RJ
Transmissão: Premiere
Ref: 026
Rodada: 3

1 x 1

Vasco da Gama
Corinthians
Data: 04/05/2019 - sábado às 19h00
Local: Arena da Amazônia - Manaus - AM
Transmissão: Premiere
Ref: 024
Rodada: 3

1 x 0

Palmeiras
Internacional
Data: 04/05/2019 - sábado às 19h00
Local: Allianz Parque - Sao Paulo - SP
Transmissão: TNT
Ref: 023
Rodada: 3

1 x 2

Ceará
Atlético Mineiro
Data: 04/05/2019 - sábado às 21h00
Local: Arena Castelão - Fortaleza - CE
Transmissão: Premiere
Ref: 028
Rodada: 3

1 x 1

Chapecoense
Athletico Paranaense
Data: 05/05/2019 - domingo às 11h00
Local: Arena Condá - Chapeco - SC
Ref: 025
Rodada: 3

1 x 1

São Paulo
Flamengo
Data: 05/05/2019 - domingo às 16h00
Local: Morumbi - Sao Paulo - SP
Transmissão: Globo, Premiere
Ref: 027
Rodada: 3

1 x 0

Botafogo de Futebol E Regatas
Fortaleza
Data: 05/05/2019 - domingo às 16h00
Local: Nilton Santos - Rio de Janeiro - RJ
Transmissão: Premiere
Ref: 030
Rodada: 3

0 x 0

Csa
Santos Fc
Data: 05/05/2019 - domingo às 16h00
Local: Rei Pelé - Maceio - AL
Transmissão: Premiere
Ref: 022
Rodada: 3

2 x 1

Cruzeiro Esporte Clube
Goiás
Data: 05/05/2019 - domingo às 16h00
Local: Mineirão - Belo Horizonte - MG
Transmissão: Globo, Premiere
Ref: 021
Rodada: 3

4 x 5

Grêmio
Fluminense
Data: 05/05/2019 - domingo às 19h00
Local: Arena do Grêmio - Porto Alegre - RS
Transmissão: Premiere, SporTV
Ref: 029
Rodada: 3

1 x 0

Esporte Clube Bahia
Avaí
Data: 05/05/2019 - domingo às 19h00
Local: Arena Fonte Nova - Salvador - BA
Transmissão: Premiere
Ref: 037
Rodada: 4

0 x 1

Fluminense
Botafogo de Futebol E Regatas
Data: 11/05/2019 - sábado às 16h00
Local: Maracanã - Rio de Janeiro - RJ
Transmissão: Premiere
Ref: 034
Rodada: 4

0 x 0

Corinthians
Grêmio
Data: 11/05/2019 - sábado às 19h00
Local: Neo Química Arena - Sao Paulo - SP
Transmissão: Premiere
Ref: 039
Rodada: 4

2 x 1

Goiás
Ceará
Data: 11/05/2019 - sábado às 21h00
Local: Serra Dourada - Goiania - GO
Transmissão: Premiere
Ref: 036
Rodada: 4

2 x 1

Flamengo
Chapecoense
Data: 12/05/2019 - domingo às 11h00
Local: Maracanã - Rio de Janeiro - RJ
Transmissão: Premiere
Ref: 031
Rodada: 4

3 x 1

Internacional
Cruzeiro Esporte Clube
Data: 12/05/2019 - domingo às 16h00
Local: Beira-Rio - Porto Alegre - RS
Transmissão: Globo, Premiere
Ref: 035
Rodada: 4

3 x 0

Santos Fc
Vasco da Gama
Data: 12/05/2019 - domingo às 16h00
Local: Pacaembu - Sao Paulo - SP
Transmissão: Globo, Premiere
Ref: 032
Rodada: 4

0 x 2

Atlético Mineiro
Palmeiras
Data: 12/05/2019 - domingo às 16h00
Local: Mineirão - Belo Horizonte - MG
Ref: 040
Rodada: 4

1 x 0

Athletico Paranaense
Esporte Clube Bahia
Data: 12/05/2019 - domingo às 19h00
Local: Arena da Baixada - Curitiba - PR
Transmissão: TNT
Ref: 038
Rodada: 4

0 x 0

Avaí
Csa
Data: 12/05/2019 - domingo às 19h00
Local: Ressacada - Florianopolis - SC
Transmissão: Premiere, SporTV
Ref: 033
Rodada: 4

0 x 1

Fortaleza
São Paulo
Data: 12/05/2019 - domingo às 19h00
Local: Arena Castelão - Fortaleza - CE
Transmissão: Premiere
Ref: 047
Rodada: 5

4 x 1

Fluminense
Cruzeiro Esporte Clube
Data: 18/05/2019 - sábado às 18h00
Local: Maracanã - Rio de Janeiro - RJ
Transmissão: Premiere
Ref: 044
Rodada: 5

4 x 0

Palmeiras
Santos Fc
Data: 18/05/2019 - sábado às 19h00
Local: Pacaembu - Sao Paulo - SP
Transmissão: TNT
Ref: 042
Rodada: 5

2 x 1

Atlético Mineiro
Flamengo
Data: 18/05/2019 - sábado às 19h00
Local: Independência - Belo Horizonte - MG
Transmissão: Premiere
Ref: 045
Rodada: 5

0 x 0

São Paulo
Esporte Clube Bahia
Data: 19/05/2019 - domingo às 11h00
Local: Morumbi - Sao Paulo - SP
Transmissão: Premiere
Ref: 041
Rodada: 5

2 x 0

Internacional
Csa
Data: 19/05/2019 - domingo às 16h00
Local: Beira-Rio - Porto Alegre - RS
Transmissão: Premiere
Ref: 048
Rodada: 5

1 x 3

Chapecoense
Fortaleza
Data: 19/05/2019 - domingo às 16h00
Local: Arena Condá - Chapeco - SC
Transmissão: Premiere
Ref: 049
Rodada: 5

1 x 0

Goiás
Botafogo de Futebol E Regatas
Data: 19/05/2019 - domingo às 16h00
Local: Serra Dourada - Goiania - GO
Transmissão: Globo, Premiere
Ref: 050
Rodada: 5

0 x 2

Athletico Paranaense
Corinthians
Data: 19/05/2019 - domingo às 16h00
Local: Arena da Baixada - Curitiba - PR
Transmissão: Globo
Ref: 046
Rodada: 5

1 x 1

Vasco da Gama
Avaí
Data: 19/05/2019 - domingo às 19h00
Local: São Januário - Rio de Janeiro - RJ
Transmissão: Premiere, SporTV
Ref: 043
Rodada: 5

2 x 1

Ceará
Grêmio
Data: 19/05/2019 - domingo às 19h00
Local: Arena Castelão - Fortaleza - CE
Transmissão: Premiere
Ref: 057
Rodada: 6

0 x 1

Botafogo de Futebol E Regatas
Palmeiras
Data: 25/05/2019 - sábado às 16h00
Local: Mané Garrincha - Brasilia - DF
Ref: 051
Rodada: 6

1 x 0

Grêmio
Atlético Mineiro
Data: 25/05/2019 - sábado às 19h00
Local: Arena do Grêmio - Porto Alegre - RS
Transmissão: Premiere
Ref: 055
Rodada: 6

0 x 0

Santos Fc
Internacional
Data: 26/05/2019 - domingo às 16h00
Local: Vila Belmiro - Santos - SP
Transmissão: Globo, Premiere, TNT
Ref: 056
Rodada: 6

3 x 2

Flamengo
Athletico Paranaense
Data: 26/05/2019 - domingo às 16h00
Local: Maracanã - Rio de Janeiro - RJ
Transmissão: Globo
Ref: 059
Rodada: 6

3 x 2

Esporte Clube Bahia
Fluminense
Data: 26/05/2019 - domingo às 19h00
Local: Arena Fonte Nova - Salvador - BA
Transmissão: Premiere
Ref: 054
Rodada: 6

1 x 0

Corinthians
São Paulo
Data: 26/05/2019 - domingo às 19h00
Local: Neo Química Arena - Sao Paulo - SP
Transmissão: Premiere
Ref: 053
Rodada: 6

1 x 1

Fortaleza
Vasco da Gama
Data: 26/05/2019 - domingo às 19h00
Local: Arena Castelão - Fortaleza - CE
Transmissão: Premiere
Ref: 052
Rodada: 6

1 x 2

Cruzeiro Esporte Clube
Chapecoense
Data: 26/05/2019 - domingo às 19h00
Local: Independência - Belo Horizonte - MG
Transmissão: Premiere, SporTV
Ref: 058
Rodada: 6

1 x 2

Avaí
Ceará
Data: 27/05/2019 - segunda-feira às 20h00
Local: Ressacada - Florianopolis - SC
Transmissão: Premiere
Ref: 060
Rodada: 6

1 x 0

Csa
Goiás
Data: 27/05/2019 - segunda-feira às 20h00
Local: Rei Pelé - Maceio - AL
Transmissão: Premiere, SporTV
Ref: 066
Rodada: 7

2 x 0

Flamengo
Fortaleza
Data: 01/06/2019 - sábado às 16h00
Local: Nilton Santos - Rio de Janeiro - RJ
Transmissão: Premiere
Ref: 069
Rodada: 7

1 x 0

Esporte Clube Bahia
Grêmio
Data: 01/06/2019 - sábado às 19h00
Local: Pituaçu - Salvador - BA
Transmissão: Premiere
Ref: 067
Rodada: 7

1 x 0

Botafogo de Futebol E Regatas
Vasco da Gama
Data: 02/06/2019 - domingo às 11h00
Local: Nilton Santos - Rio de Janeiro - RJ
Transmissão: Premiere
Ref: 065
Rodada: 7

1 x 1

São Paulo
Cruzeiro Esporte Clube
Data: 02/06/2019 - domingo às 16h00
Local: Pacaembu - Sao Paulo - SP
Transmissão: Globo, Premiere
Ref: 070
Rodada: 7

3 x 0

Athletico Paranaense
Fluminense
Data: 02/06/2019 - domingo às 16h00
Local: Arena da Baixada - Curitiba - PR
Transmissão: Globo
Ref: 063
Rodada: 7

0 x 1

Ceará
Santos Fc
Data: 02/06/2019 - domingo às 16h00
Local: Arena Castelão - Fortaleza - CE
Transmissão: Globo, Premiere, TNT
Ref: 062
Rodada: 7

4 x 0

Atlético Mineiro
Csa
Data: 02/06/2019 - domingo às 19h00
Local: Independência - Belo Horizonte - MG
Transmissão: Premiere, SporTV
Ref: 061
Rodada: 7

2 x 0

Internacional
Avaí
Data: 02/06/2019 - domingo às 19h00
Local: Beira-Rio - Porto Alegre - RS
Transmissão: Premiere
Ref: 068
Rodada: 7

1 x 2

Chapecoense
Palmeiras
Data: 02/06/2019 - domingo às 19h00
Local: Arena Condá - Chapeco - SC
Ref: 064
Rodada: 7

2 x 0

Corinthians
Goiás
Data: 07/08/2019 - quarta-feira às 19h15
Local: Neo Química Arena - Sao Paulo - SP
Transmissão: Premiere
Ref: 076
Rodada: 8

2 x 1

Vasco da Gama
Internacional
Data: 07/06/2019 - sexta-feira às 20h30
Local: São Januário - Rio de Janeiro - RJ
Transmissão: Premiere
Ref: 074
Rodada: 8

1 x 0

Palmeiras
Athletico Paranaense
Data: 08/06/2019 - sábado às 16h30
Local: Allianz Parque - Sao Paulo - SP
Transmissão: Globo, TNT
Ref: 071
Rodada: 8

1 x 0

Grêmio
Fortaleza
Data: 08/06/2019 - sábado às 19h00
Local: Centenário - Caxias do Sul - RS
Transmissão: Premiere
Ref: 072
Rodada: 8

0 x 0

Cruzeiro Esporte Clube
Corinthians
Data: 08/06/2019 - sábado às 19h00
Local: Mineirão - Belo Horizonte - MG
Transmissão: Premiere
Ref: 073
Rodada: 8

0 x 0

Ceará
Esporte Clube Bahia
Data: 08/06/2019 - sábado às 19h30
Local: Arena Castelão - Fortaleza - CE
Transmissão: Premiere, TNT
Ref: 078
Rodada: 8

0 x 0

Avaí
São Paulo
Data: 08/06/2019 - sábado às 21h00
Local: Ressacada - Florianopolis - SC
Transmissão: Premiere
Ref: 077
Rodada: 8

0 x 0

Fluminense
Flamengo
Data: 09/06/2019 - domingo às 19h00
Local: Maracanã - Rio de Janeiro - RJ
Transmissão: Premiere
Ref: 075
Rodada: 8

3 x 1

Santos Fc
Atlético Mineiro
Data: 09/06/2019 - domingo às 19h00
Local: Vila Belmiro - Santos - SP
Transmissão: Premiere
Ref: 080
Rodada: 8

1 x 2

Csa
Botafogo de Futebol E Regatas
Data: 09/06/2019 - domingo às 19h00
Local: Rei Pelé - Maceio - AL
Transmissão: Premiere, SporTV
Ref: 079
Rodada: 8

3 x 1

Goiás
Chapecoense
Data: 10/06/2019 - segunda-feira às 20h00
Local: Serra Dourada - Goiania - GO
Transmissão: Premiere, SporTV
Ref: 087
Rodada: 9

0 x 1

Botafogo de Futebol E Regatas
Grêmio
Data: 12/06/2019 - quarta-feira às 19h15
Local: Nilton Santos - Rio de Janeiro - RJ
Transmissão: Premiere, SporTV
Ref: 083
Rodada: 9

2 x 1

Fortaleza
Cruzeiro Esporte Clube
Data: 12/06/2019 - quarta-feira às 21h00
Local: Arena Castelão - Fortaleza - CE
Transmissão: Premiere
Ref: 081
Rodada: 9

3 x 1

Internacional
Esporte Clube Bahia
Data: 12/06/2019 - quarta-feira às 21h30
Local: Beira-Rio - Porto Alegre - RS
Transmissão: Globo, Premiere, TNT
Ref: 085
Rodada: 9

1 x 0

Santos Fc
Corinthians
Data: 12/06/2019 - quarta-feira às 21h30
Local: Vila Belmiro - Santos - SP
Transmissão: Globo, Premiere
Ref: 090
Rodada: 9

0 x 2

Csa
Flamengo
Data: 12/06/2019 - quarta-feira às 21h30
Local: Mané Garrincha - Brasilia - DF
Transmissão: Globo, Premiere
Ref: 086
Rodada: 9

1 x 0

Vasco da Gama
Ceará
Data: 13/06/2019 - quinta-feira às 19h15
Local: São Januário - Rio de Janeiro - RJ
Transmissão: Premiere
Ref: 082
Rodada: 9

1 x 1

Atlético Mineiro
São Paulo
Data: 13/06/2019 - quinta-feira às 20h00
Local: Independência - Belo Horizonte - MG
Transmissão: Premiere
Ref: 088
Rodada: 9

1 x 1

Chapecoense
Fluminense
Data: 13/06/2019 - quinta-feira às 20h00
Local: Arena Condá - Chapeco - SC
Transmissão: Premiere, SporTV
Ref: 089
Rodada: 9

2 x 1

Goiás
Athletico Paranaense
Data: 13/06/2019 - quinta-feira às 20h00
Local: Serra Dourada - Goiania - GO
Ref: 084
Rodada: 9

2 x 0

Palmeiras
Avaí
Data: 13/06/2019 - quinta-feira às 20h00
Local: Allianz Parque - Sao Paulo - SP
Transmissão: Premiere
Ref: 093
Rodada: 10

2 x 0

Fortaleza
Avaí
Data: 13/07/2019 - sábado às 17h00
Local: Arena Castelão - Fortaleza - CE
Transmissão: Globo
Ref: 091
Rodada: 10

2 x 1

Grêmio
Vasco da Gama
Data: 13/07/2019 - sábado às 17h00
Local: Arena do Grêmio - Porto Alegre - RS
Transmissão: Premiere
Ref: 095
Rodada: 10

1 x 1

São Paulo
Palmeiras
Data: 13/07/2019 - sábado às 19h00
Local: Morumbi - Sao Paulo - SP
Transmissão: Premiere, TNT
Ref: 099
Rodada: 10

0 x 1

Esporte Clube Bahia
Santos Fc
Data: 13/07/2019 - sábado às 19h00
Local: Pituaçu - Salvador - BA
Transmissão: Premiere, TNT
Ref: 096
Rodada: 10

6 x 1

Flamengo
Goiás
Data: 14/07/2019 - domingo às 11h00
Local: Maracanã - Rio de Janeiro - RJ
Transmissão: Premiere
Ref: 094
Rodada: 10

1 x 0

Corinthians
Csa
Data: 14/07/2019 - domingo às 16h00
Local: Neo Química Arena - Sao Paulo - SP
Transmissão: Globo, Premiere
Ref: 100
Rodada: 10

1 x 0

Athletico Paranaense
Internacional
Data: 14/07/2019 - domingo às 16h00
Local: Arena da Baixada - Curitiba - PR
Transmissão: Globo, TNT
Ref: 092
Rodada: 10

0 x 0

Cruzeiro Esporte Clube
Botafogo de Futebol E Regatas
Data: 14/07/2019 - domingo às 16h00
Local: Mineirão - Belo Horizonte - MG
Transmissão: Globo, Premiere
Ref: 098
Rodada: 10

1 x 2

Chapecoense
Atlético Mineiro
Data: 14/07/2019 - domingo às 19h00
Local: Arena Condá - Chapeco - SC
Transmissão: Premiere, SporTV
Ref: 097
Rodada: 10

1 x 1

Fluminense
Ceará
Data: 15/07/2019 - segunda-feira às 20h00
Local: Maracanã - Rio de Janeiro - RJ
Transmissão: Premiere
Ref: 106
Rodada: 11

2 x 1

Vasco da Gama
Fluminense
Data: 20/07/2019 - sábado às 11h00
Local: São Januário - Rio de Janeiro - RJ
Transmissão: Premiere
Ref: 109
Rodada: 11

0 x 0

Esporte Clube Bahia
Cruzeiro Esporte Clube
Data: 20/07/2019 - sábado às 17h00
Local: Arena Fonte Nova - Salvador - BA
Transmissão: Premiere
Ref: 103
Rodada: 11

2 x 0

Ceará
Palmeiras
Data: 20/07/2019 - sábado às 19h00
Local: Arena Castelão - Fortaleza - CE
Transmissão: Premiere, TNT
Ref: 101
Rodada: 11

1 x 1

Internacional
Grêmio
Data: 20/07/2019 - sábado às 19h00
Local: Beira-Rio - Porto Alegre - RS
Transmissão: Premiere
Ref: 110
Rodada: 11

0 x 4

Csa
Athletico Paranaense
Data: 20/07/2019 - sábado às 19h00
Local: Rei Pelé - Maceio - AL
Ref: 107
Rodada: 11

0 x 1

Botafogo de Futebol E Regatas
Santos Fc
Data: 21/07/2019 - domingo às 11h00
Local: Nilton Santos - Rio de Janeiro - RJ
Transmissão: Premiere
Ref: 104
Rodada: 11

1 x 1

Corinthians
Flamengo
Data: 21/07/2019 - domingo às 16h00
Local: Neo Química Arena - Sao Paulo - SP
Transmissão: Globo, Premiere
Ref: 102
Rodada: 11

2 x 2

Atlético Mineiro
Fortaleza
Data: 21/07/2019 - domingo às 16h00
Local: Independência - Belo Horizonte - MG
Transmissão: Globo, Premiere
Ref: 108
Rodada: 11

0 x 0

Avaí
Goiás
Data: 21/07/2019 - domingo às 19h00
Local: Ressacada - Florianopolis - SC
Transmissão: Premiere, SporTV
Ref: 105
Rodada: 11

4 x 0

São Paulo
Chapecoense
Data: 22/07/2019 - segunda-feira às 20h00
Local: Morumbi - Sao Paulo - SP
Transmissão: Premiere, SporTV
Ref: 114
Rodada: 12

1 x 1

Palmeiras
Vasco da Gama
Data: 27/07/2019 - sábado às 17h00
Local: Allianz Parque - Sao Paulo - SP
Transmissão: Premiere
Ref: 117
Rodada: 12

1 x 2

Fluminense
São Paulo
Data: 27/07/2019 - sábado às 19h00
Local: Maracanã - Rio de Janeiro - RJ
Transmissão: Premiere
Ref: 112
Rodada: 12

0 x 2

Cruzeiro Esporte Clube
Athletico Paranaense
Data: 27/07/2019 - sábado às 19h00
Local: Mineirão - Belo Horizonte - MG
Ref: 111
Rodada: 12

1 x 0

Internacional
Ceará
Data: 27/07/2019 - sábado às 19h00
Local: Beira-Rio - Porto Alegre - RS
Transmissão: Premiere, TNT
Ref: 118
Rodada: 12

0 x 0

Chapecoense
Esporte Clube Bahia
Data: 28/07/2019 - domingo às 11h00
Local: Arena Condá - Chapeco - SC
Transmissão: Premiere
Ref: 116
Rodada: 12

3 x 2

Flamengo
Botafogo de Futebol E Regatas
Data: 28/07/2019 - domingo às 16h00
Local: Maracanã - Rio de Janeiro - RJ
Transmissão: Globo, Premiere
Ref: 115
Rodada: 12

3 x 1

Santos Fc
Avaí
Data: 28/07/2019 - domingo às 16h00
Local: Vila Belmiro - Santos - SP
Transmissão: Premiere
Ref: 113
Rodada: 12

1 x 3

Fortaleza
Corinthians
Data: 28/07/2019 - domingo às 19h00
Local: Arena Castelão - Fortaleza - CE
Transmissão: Premiere
Ref: 119
Rodada: 12

0 x 0

Goiás
Atlético Mineiro
Data: 28/07/2019 - domingo às 19h00
Local: Serra Dourada - Goiania - GO
Transmissão: Premiere, SporTV
Ref: 120
Rodada: 12

0 x 0

Csa
Grêmio
Data: 29/07/2019 - segunda-feira às 20h00
Local: Rei Pelé - Maceio - AL
Transmissão: Premiere, SporTV
Ref: 123
Rodada: 13

2 x 1

Ceará
Fortaleza
Data: 03/08/2019 - sábado às 19h00
Local: Arena Castelão - Fortaleza - CE
Transmissão: Premiere, TNT
Ref: 127
Rodada: 13

2 x 1

Fluminense
Internacional
Data: 03/08/2019 - sábado às 19h00
Local: Maracanã - Rio de Janeiro - RJ
Transmissão: Premiere
Ref: 125
Rodada: 13

6 x 1

Santos Fc
Goiás
Data: 04/08/2019 - domingo às 11h00
Local: Vila Belmiro - Santos - SP
Transmissão: Premiere
Ref: 129
Rodada: 13

3 x 0

Esporte Clube Bahia
Flamengo
Data: 04/08/2019 - domingo às 16h00
Local: Arena Fonte Nova - Salvador - BA
Transmissão: Premiere
Ref: 128
Rodada: 13

0 x 2

Avaí
Botafogo de Futebol E Regatas
Data: 04/08/2019 - domingo às 16h00
Local: Ressacada - Florianopolis - SC
Transmissão: Premiere, SporTV
Ref: 124
Rodada: 13

1 x 1

Corinthians
Palmeiras
Data: 04/08/2019 - domingo às 19h00
Local: Neo Química Arena - Sao Paulo - SP
Transmissão: Globo, Premiere
Ref: 122
Rodada: 13

2 x 0

Atlético Mineiro
Cruzeiro Esporte Clube
Data: 04/08/2019 - domingo às 19h00
Local: Independência - Belo Horizonte - MG
Transmissão: Globo, Premiere
Ref: 126
Rodada: 13

0 x 0

Vasco da Gama
Csa
Data: 04/08/2019 - domingo às 19h00
Local: Kleber Andrade - Cariacica - ES
Transmissão: Globo, Premiere
Ref: 121
Rodada: 13

3 x 3

Grêmio
Chapecoense
Data: 05/08/2019 - segunda-feira às 20h00
Local: Arena do Grêmio - Porto Alegre - RS
Transmissão: Premiere, SporTV
Ref: 130
Rodada: 13

0 x 1

Athletico Paranaense
São Paulo
Data: 21/08/2019 - quarta-feira às 19h15
Local: Arena da Baixada - Curitiba - PR
Ref: 135
Rodada: 14

3 x 2

São Paulo
Santos Fc
Data: 10/08/2019 - sábado às 17h00
Local: Morumbi - Sao Paulo - SP
Transmissão: Premiere
Ref: 133
Rodada: 14

4 x 1

Ceará
Chapecoense
Data: 10/08/2019 - sábado às 17h00
Local: Arena Castelão - Fortaleza - CE
Transmissão: Premiere
Ref: 136
Rodada: 14

3 x 1

Flamengo
Grêmio
Data: 10/08/2019 - sábado às 19h00
Local: Maracanã - Rio de Janeiro - RJ
Transmissão: Premiere
Ref: 132
Rodada: 14

2 x 1

Atlético Mineiro
Fluminense
Data: 10/08/2019 - sábado às 21h00
Local: Independência - Belo Horizonte - MG
Transmissão: Premiere
Ref: 131
Rodada: 14

0 x 0

Internacional
Corinthians
Data: 11/08/2019 - domingo às 11h00
Local: Beira-Rio - Porto Alegre - RS
Transmissão: Premiere
Ref: 137
Rodada: 14

2 x 1

Botafogo de Futebol E Regatas
Athletico Paranaense
Data: 11/08/2019 - domingo às 16h00
Local: Nilton Santos - Rio de Janeiro - RJ
Transmissão: Globo
Ref: 134
Rodada: 14

2 x 2

Palmeiras
Esporte Clube Bahia
Data: 11/08/2019 - domingo às 16h00
Local: Allianz Parque - Sao Paulo - SP
Transmissão: Globo, Premiere, TNT
Ref: 138
Rodada: 14

2 x 2

Avaí
Cruzeiro Esporte Clube
Data: 11/08/2019 - domingo às 16h00
Local: Ressacada - Florianopolis - SC
Transmissão: Globo, Premiere
Ref: 139
Rodada: 14

0 x 1

Goiás
Vasco da Gama
Data: 11/08/2019 - domingo às 19h00
Local: Serra Dourada - Goiania - GO
Transmissão: Premiere, SporTV
Ref: 140
Rodada: 14

0 x 2

Csa
Fortaleza
Data: 12/08/2019 - segunda-feira às 20h00
Local: Rei Pelé - Maceio - AL
Transmissão: Premiere
Ref: 144
Rodada: 15

2 x 0

Corinthians
Botafogo de Futebol E Regatas
Data: 17/08/2019 - sábado às 17h00
Local: Neo Química Arena - Sao Paulo - SP
Transmissão: Premiere
Ref: 143
Rodada: 15

0 x 1

Fortaleza
Internacional
Data: 17/08/2019 - sábado às 17h00
Local: Arena Castelão - Fortaleza - CE
Transmissão: Premiere, TNT
Ref: 146
Rodada: 15

1 x 4

Vasco da Gama
Flamengo
Data: 17/08/2019 - sábado às 19h00
Local: Mané Garrincha - Brasilia - DF
Transmissão: Premiere
Ref: 150
Rodada: 15

1 x 0

Athletico Paranaense
Atlético Mineiro
Data: 17/08/2019 - sábado às 19h00
Local: Arena da Baixada - Curitiba - PR
Ref: 141
Rodada: 15

1 x 1

Grêmio
Palmeiras
Data: 17/08/2019 - sábado às 21h00
Local: Arena do Grêmio - Porto Alegre - RS
Transmissão: Premiere
Ref: 149
Rodada: 15

1 x 1

Esporte Clube Bahia
Goiás
Data: 18/08/2019 - domingo às 16h00
Local: Arena Fonte Nova - Salvador - BA
Transmissão: Premiere
Ref: 145
Rodada: 15

1 x 0

São Paulo
Ceará
Data: 18/08/2019 - domingo às 16h00
Local: Morumbi - Sao Paulo - SP
Transmissão: Globo, Premiere
Ref: 142
Rodada: 15

2 x 0

Cruzeiro Esporte Clube
Santos Fc
Data: 18/08/2019 - domingo às 16h00
Local: Mineirão - Belo Horizonte - MG
Transmissão: Globo, Premiere
Ref: 147
Rodada: 15

0 x 1

Fluminense
Csa
Data: 18/08/2019 - domingo às 16h00
Local: Maracanã - Rio de Janeiro - RJ
Transmissão: Globo, Premiere
Ref: 148
Rodada: 15

1 x 0

Chapecoense
Avaí
Data: 18/08/2019 - domingo às 19h00
Local: Arena Condá - Chapeco - SC
Transmissão: Globo, Premiere
Ref: 152
Rodada: 16

0 x 1

Atlético Mineiro
Esporte Clube Bahia
Data: 24/08/2019 - sábado às 11h00
Local: Independência - Belo Horizonte - MG
Transmissão: Premiere
Ref: 151
Rodada: 16

2 x 1

Grêmio
Athletico Paranaense
Data: 24/08/2019 - sábado às 17h00
Local: Arena do Grêmio - Porto Alegre - RS
Ref: 159
Rodada: 16

2 x 1

Goiás
Internacional
Data: 25/08/2019 - domingo às 16h00
Local: Serra Dourada - Goiania - GO
Transmissão: Premiere
Ref: 156
Rodada: 16

2 x 0

Vasco da Gama
São Paulo
Data: 25/08/2019 - domingo às 16h00
Local: São Januário - Rio de Janeiro - RJ
Transmissão: Globo, Premiere
Ref: 155
Rodada: 16

3 x 3

Santos Fc
Fortaleza
Data: 25/08/2019 - domingo às 16h00
Local: Vila Belmiro - Santos - SP
Transmissão: Globo, Premiere, TNT
Ref: 153
Rodada: 16

0 x 3

Ceará
Flamengo
Data: 25/08/2019 - domingo às 19h00
Local: Arena Castelão - Fortaleza - CE
Transmissão: Premiere
Ref: 158
Rodada: 16

1 x 1

Avaí
Corinthians
Data: 25/08/2019 - domingo às 19h00
Local: Ressacada - Florianopolis - SC
Transmissão: Premiere
Ref: 160
Rodada: 16

1 x 1

Csa
Cruzeiro Esporte Clube
Data: 25/08/2019 - domingo às 19h00
Local: Rei Pelé - Maceio - AL
Transmissão: Premiere, SporTV
Ref: 157
Rodada: 16

0 x 0

Botafogo de Futebol E Regatas
Chapecoense
Data: 26/08/2019 - segunda-feira às 20h00
Local: Nilton Santos - Rio de Janeiro - RJ
Transmissão: Premiere, SporTV
Ref: 154
Rodada: 16

3 x 0

Palmeiras
Fluminense
Data: 10/09/2019 - terça-feira às 21h00
Local: Allianz Parque - Sao Paulo - SP
Transmissão: Premiere
Ref: 165
Rodada: 17

0 x 0

São Paulo
Grêmio
Data: 31/08/2019 - sábado às 11h00
Local: Morumbi - Sao Paulo - SP
Transmissão: Premiere
Ref: 169
Rodada: 17

1 x 0

Esporte Clube Bahia
Csa
Data: 31/08/2019 - sábado às 17h00
Local: Arena Fonte Nova - Salvador - BA
Transmissão: Premiere
Ref: 170
Rodada: 17

1 x 0

Athletico Paranaense
Ceará
Data: 31/08/2019 - sábado às 19h00
Local: Arena da Baixada - Curitiba - PR
Transmissão: TNT
Ref: 168
Rodada: 17

0 x 1

Chapecoense
Santos Fc
Data: 31/08/2019 - sábado às 19h00
Local: Arena Condá - Chapeco - SC
Transmissão: Premiere
Ref: 161
Rodada: 17

3 x 2

Internacional
Botafogo de Futebol E Regatas
Data: 31/08/2019 - sábado às 21h00
Local: Beira-Rio - Porto Alegre - RS
Transmissão: Premiere
Ref: 166
Rodada: 17

3 x 0

Flamengo
Palmeiras
Data: 01/09/2019 - domingo às 16h00
Local: Maracanã - Rio de Janeiro - RJ
Transmissão: Globo, Premiere
Ref: 163
Rodada: 17

2 x 0

Fortaleza
Goiás
Data: 01/09/2019 - domingo às 16h00
Local: Arena Castelão - Fortaleza - CE
Transmissão: Premiere
Ref: 162
Rodada: 17

1 x 0

Cruzeiro Esporte Clube
Vasco da Gama
Data: 01/09/2019 - domingo às 19h00
Local: Mineirão - Belo Horizonte - MG
Transmissão: Premiere, SporTV
Ref: 164
Rodada: 17

1 x 0

Corinthians
Atlético Mineiro
Data: 01/09/2019 - domingo às 19h00
Local: Neo Química Arena - Sao Paulo - SP
Transmissão: Premiere
Ref: 167
Rodada: 17

0 x 1

Fluminense
Avaí
Data: 02/09/2019 - segunda-feira às 20h00
Local: Maracanã - Rio de Janeiro - RJ
Transmissão: Premiere, SporTV
Ref: 176
Rodada: 18

0 x 2

Vasco da Gama
Esporte Clube Bahia
Data: 07/09/2019 - sábado às 11h00
Local: São Januário - Rio de Janeiro - RJ
Transmissão: Premiere
Ref: 174
Rodada: 18

2 x 2

Corinthians
Ceará
Data: 07/09/2019 - sábado às 11h00
Local: Neo Química Arena - Sao Paulo - SP
Transmissão: Premiere
Ref: 178
Rodada: 18

0 x 3

Avaí
Flamengo
Data: 07/09/2019 - sábado às 17h00
Local: Mané Garrincha - Brasilia - DF
Transmissão: Premiere
Ref: 173
Rodada: 18

0 x 1

Fortaleza
Fluminense
Data: 07/09/2019 - sábado às 17h00
Local: Arena Castelão - Fortaleza - CE
Transmissão: Premiere
Ref: 171
Rodada: 18

1 x 0

Internacional
São Paulo
Data: 07/09/2019 - sábado às 19h00
Local: Beira-Rio - Porto Alegre - RS
Transmissão: Premiere
Ref: 179
Rodada: 18

1 x 2

Goiás
Palmeiras
Data: 07/09/2019 - sábado às 21h00
Local: Serra Dourada - Goiania - GO
Transmissão: Premiere
Ref: 172
Rodada: 18

1 x 4

Cruzeiro Esporte Clube
Grêmio
Data: 08/09/2019 - domingo às 11h00
Local: Independência - Belo Horizonte - MG
Transmissão: Premiere
Ref: 177
Rodada: 18

2 x 1

Botafogo de Futebol E Regatas
Atlético Mineiro
Data: 08/09/2019 - domingo às 16h00
Local: Nilton Santos - Rio de Janeiro - RJ
Transmissão: Globo, Premiere
Ref: 175
Rodada: 18

1 x 1

Santos Fc
Athletico Paranaense
Data: 08/09/2019 - domingo às 16h00
Local: Vila Belmiro - Santos - SP
Transmissão: Globo, TNT
Ref: 180
Rodada: 18

2 x 0

Csa
Chapecoense
Data: 08/09/2019 - domingo às 19h00
Local: Rei Pelé - Maceio - AL
Transmissão: Premiere, SporTV
Ref: 186
Rodada: 19

1 x 0

Flamengo
Santos Fc
Data: 14/09/2019 - sábado às 17h00
Local: Maracanã - Rio de Janeiro - RJ
Transmissão: Premiere
Ref: 184
Rodada: 19

1 x 0

Palmeiras
Cruzeiro Esporte Clube
Data: 14/09/2019 - sábado às 19h00
Local: Allianz Parque - Sao Paulo - SP
Transmissão: Premiere
Ref: 188
Rodada: 19

1 x 2

Chapecoense
Vasco da Gama
Data: 14/09/2019 - sábado às 19h00
Local: Arena Condá - Chapeco - SC
Transmissão: Premiere
Ref: 183
Rodada: 19

0 x 0

Ceará
Botafogo de Futebol E Regatas
Data: 14/09/2019 - sábado às 21h00
Local: Arena Castelão - Fortaleza - CE
Transmissão: Premiere
Ref: 190
Rodada: 19

0 x 1

Athletico Paranaense
Avaí
Data: 15/09/2019 - domingo às 11h00
Local: Arena da Baixada - Curitiba - PR
Ref: 182
Rodada: 19

1 x 3

Atlético Mineiro
Internacional
Data: 15/09/2019 - domingo às 11h00
Local: Independência - Belo Horizonte - MG
Transmissão: Premiere
Ref: 181
Rodada: 19

3 x 0

Grêmio
Goiás
Data: 15/09/2019 - domingo às 16h00
Local: Arena do Grêmio - Porto Alegre - RS
Transmissão: Globo, Premiere
Ref: 189
Rodada: 19

1 x 1

Esporte Clube Bahia
Fortaleza
Data: 15/09/2019 - domingo às 16h00
Local: Arena Fonte Nova - Salvador - BA
Transmissão: Globo, Premiere, TNT
Ref: 187
Rodada: 19

1 x 0

Fluminense
Corinthians
Data: 15/09/2019 - domingo às 16h00
Local: Mané Garrincha - Brasilia - DF
Transmissão: Globo, Premiere
Ref: 185
Rodada: 19

1 x 1

São Paulo
Csa
Data: 15/09/2019 - domingo às 19h00
Local: Morumbi - Sao Paulo - SP
Transmissão: Premiere, SporTV
Fase Única
Returno
Ref: 197
Rodada: 20

1 x 2

Botafogo de Futebol E Regatas
São Paulo
Data: 21/09/2019 - sábado às 11h00
Local: Nilton Santos - Rio de Janeiro - RJ
Transmissão: Premiere
Ref: 192
Rodada: 20

1 x 2

Cruzeiro Esporte Clube
Flamengo
Data: 21/09/2019 - sábado às 17h00
Local: Mineirão - Belo Horizonte - MG
Transmissão: Premiere
Ref: 194
Rodada: 20

2 x 1

Corinthians
Esporte Clube Bahia
Data: 21/09/2019 - sábado às 19h00
Local: Neo Química Arena - Sao Paulo - SP
Transmissão: Premiere
Ref: 195
Rodada: 20

0 x 3

Santos Fc
Grêmio
Data: 21/09/2019 - sábado às 21h00
Local: Vila Belmiro - Santos - SP
Transmissão: Premiere
Ref: 191
Rodada: 20

1 x 0

Internacional
Chapecoense
Data: 22/09/2019 - domingo às 11h00
Local: Beira-Rio - Porto Alegre - RS
Transmissão: Premiere
Ref: 200
Rodada: 20

1 x 0

Csa
Ceará
Data: 22/09/2019 - domingo às 16h00
Local: Rei Pelé - Maceio - AL
Transmissão: Globo, Premiere
Ref: 196
Rodada: 20

1 x 1

Vasco da Gama
Athletico Paranaense
Data: 22/09/2019 - domingo às 16h00
Local: São Januário - Rio de Janeiro - RJ
Transmissão: Globo
Ref: 193
Rodada: 20

0 x 1

Fortaleza
Palmeiras
Data: 22/09/2019 - domingo às 16h00
Local: Arena Castelão - Fortaleza - CE
Transmissão: Globo, Premiere, TNT
Ref: 199
Rodada: 20

3 x 0

Goiás
Fluminense
Data: 22/09/2019 - domingo às 19h00
Local: Serra Dourada - Goiania - GO
Transmissão: Premiere, SporTV
Ref: 198
Rodada: 20

1 x 0

Avaí
Atlético Mineiro
Data: 23/09/2019 - segunda-feira às 20h00
Local: Ressacada - Florianopolis - SC
Transmissão: Premiere, SporTV
Ref: 203
Rodada: 21

0 x 0

Ceará
Cruzeiro Esporte Clube
Data: 25/09/2019 - quarta-feira às 19h30
Local: Arena Castelão - Fortaleza - CE
Transmissão: Premiere
Ref: 205
Rodada: 21

0 x 1

São Paulo
Goiás
Data: 25/09/2019 - quarta-feira às 21h30
Local: Morumbi - Sao Paulo - SP
Transmissão: Globo, Premiere
Ref: 206
Rodada: 21

3 x 1

Flamengo
Internacional
Data: 25/09/2019 - quarta-feira às 21h30
Local: Maracanã - Rio de Janeiro - RJ
Transmissão: Globo, Premiere
Ref: 209
Rodada: 21

2 x 0

Esporte Clube Bahia
Botafogo de Futebol E Regatas
Data: 25/09/2019 - quarta-feira às 21h30
Local: Arena Fonte Nova - Salvador - BA
Transmissão: Globo, Premiere
Ref: 204
Rodada: 21

6 x 2

Palmeiras
Csa
Data: 26/09/2019 - quinta-feira às 19h15
Local: Pacaembu - Sao Paulo - SP
Transmissão: Premiere
Ref: 201
Rodada: 21

6 x 1

Grêmio
Avaí
Data: 26/09/2019 - quinta-feira às 20h00
Local: Arena do Grêmio - Porto Alegre - RS
Transmissão: Premiere, SporTV
Ref: 207
Rodada: 21

1 x 1

Fluminense
Santos Fc
Data: 26/09/2019 - quinta-feira às 20h00
Local: Maracanã - Rio de Janeiro - RJ
Transmissão: Premiere
Ref: 210
Rodada: 21

4 x 1

Athletico Paranaense
Fortaleza
Data: 26/09/2019 - quinta-feira às 21h30
Local: Arena da Baixada - Curitiba - PR
Transmissão: TNT
Ref: 202
Rodada: 21

1 x 2

Atlético Mineiro
Vasco da Gama
Data: 02/10/2019 - quarta-feira às 19h15
Local: Independência - Belo Horizonte - MG
Ref: 208
Rodada: 21

0 x 1

Chapecoense
Corinthians
Data: 02/10/2019 - quarta-feira às 19h15
Local: Arena Condá - Chapeco - SC
Ref: 216
Rodada: 22

0 x 0

Flamengo
São Paulo
Data: 28/09/2019 - sábado às 19h00
Local: Maracanã - Rio de Janeiro - RJ
Transmissão: Premiere
Ref: 214
Rodada: 22

1 x 0

Corinthians
Vasco da Gama
Data: 29/09/2019 - domingo às 11h00
Local: Neo Química Arena - Sao Paulo - SP
Transmissão: Premiere
Ref: 211
Rodada: 22

1 x 1

Internacional
Palmeiras
Data: 29/09/2019 - domingo às 16h00
Local: Beira-Rio - Porto Alegre - RS
Transmissão: Globo, Premiere, TNT
Ref: 215
Rodada: 22

2 x 0

Santos Fc
Csa
Data: 29/09/2019 - domingo às 16h00
Local: Vila Belmiro - Santos - SP
Transmissão: Premiere
Ref: 217
Rodada: 22

2 x 1

Fluminense
Grêmio
Data: 29/09/2019 - domingo às 16h00
Local: Maracanã - Rio de Janeiro - RJ
Transmissão: Globo, Premiere
Ref: 212
Rodada: 22

2 x 1

Atlético Mineiro
Ceará
Data: 29/09/2019 - domingo às 19h00
Local: Independência - Belo Horizonte - MG
Transmissão: Premiere
Ref: 220
Rodada: 22

1 x 1

Athletico Paranaense
Chapecoense
Data: 29/09/2019 - domingo às 19h00
Local: Arena da Baixada - Curitiba - PR
Ref: 219
Rodada: 22

1 x 0

Goiás
Cruzeiro Esporte Clube
Data: 30/09/2019 - segunda-feira às 20h00
Local: Serra Dourada - Goiania - GO
Transmissão: Premiere, SporTV
Ref: 213
Rodada: 22

1 x 0

Fortaleza
Botafogo de Futebol E Regatas
Data: 30/09/2019 - segunda-feira às 20h00
Local: Arena Castelão - Fortaleza - CE
Transmissão: GloboEsporte.com
Ref: 218
Rodada: 22

0 x 2

Avaí
Esporte Clube Bahia
Data: 30/09/2019 - segunda-feira às 20h00
Local: Ressacada - Florianopolis - SC
Transmissão: Premiere
Ref: 225
Rodada: 23

2 x 1

São Paulo
Fortaleza
Data: 05/10/2019 - sábado às 17h00
Local: Pacaembu - Sao Paulo - SP
Transmissão: Premiere
Ref: 226
Rodada: 23

0 x 1

Vasco da Gama
Santos Fc
Data: 05/10/2019 - sábado às 17h00
Local: São Januário - Rio de Janeiro - RJ
Transmissão: Premiere
Ref: 221
Rodada: 23

0 x 0

Grêmio
Corinthians
Data: 05/10/2019 - sábado às 19h00
Local: Arena do Grêmio - Porto Alegre - RS
Transmissão: Premiere
Ref: 229
Rodada: 23

1 x 2

Esporte Clube Bahia
Athletico Paranaense
Data: 05/10/2019 - sábado às 19h00
Local: Arena Fonte Nova - Salvador - BA
Transmissão: TNT
Ref: 222
Rodada: 23

1 x 1

Cruzeiro Esporte Clube
Internacional
Data: 05/10/2019 - sábado às 21h00
Local: Mineirão - Belo Horizonte - MG
Transmissão: Premiere
Ref: 228
Rodada: 23

0 x 1

Chapecoense
Flamengo
Data: 06/10/2019 - domingo às 11h00
Local: Arena Condá - Chapeco - SC
Transmissão: Premiere
Ref: 227
Rodada: 23

0 x 1

Botafogo de Futebol E Regatas
Fluminense
Data: 06/10/2019 - domingo às 16h00
Local: Nilton Santos - Rio de Janeiro - RJ
Transmissão: Globo, Premiere
Ref: 223
Rodada: 23

0 x 1

Ceará
Goiás
Data: 06/10/2019 - domingo às 16h00
Local: Arena Castelão - Fortaleza - CE
Transmissão: Globo, Premiere
Ref: 224
Rodada: 23

1 x 1

Palmeiras
Atlético Mineiro
Data: 06/10/2019 - domingo às 16h00
Local: Allianz Parque - Sao Paulo - SP
Transmissão: Premiere
Ref: 230
Rodada: 23

3 x 1

Csa
Avaí
Data: 06/10/2019 - domingo às 19h00
Local: Rei Pelé - Maceio - AL
Transmissão: Premiere, SporTV
Ref: 237
Rodada: 24

3 x 1

Botafogo de Futebol E Regatas
Goiás
Data: 09/10/2019 - quarta-feira às 19h15
Local: Nilton Santos - Rio de Janeiro - RJ
Transmissão: Premiere
Ref: 240
Rodada: 24

1 x 0

Csa
Internacional
Data: 09/10/2019 - quarta-feira às 19h15
Local: Rei Pelé - Maceio - AL
Transmissão: Premiere
Ref: 233
Rodada: 24

2 x 0

Fortaleza
Chapecoense
Data: 09/10/2019 - quarta-feira às 20h30
Local: Arena Castelão - Fortaleza - CE
Transmissão: Premiere
Ref: 231
Rodada: 24

2 x 1

Grêmio
Ceará
Data: 09/10/2019 - quarta-feira às 21h00
Local: Centenário - Caxias do Sul - RS
Transmissão: Premiere
Ref: 239
Rodada: 24

0 x 0

Esporte Clube Bahia
São Paulo
Data: 09/10/2019 - quarta-feira às 21h00
Local: Arena Fonte Nova - Salvador - BA
Transmissão: Premiere
Ref: 232
Rodada: 24

0 x 0

Cruzeiro Esporte Clube
Fluminense
Data: 09/10/2019 - quarta-feira às 21h30
Local: Mineirão - Belo Horizonte - MG
Transmissão: Globo, Premiere
Ref: 235
Rodada: 24

2 x 0

Santos Fc
Palmeiras
Data: 09/10/2019 - quarta-feira às 21h30
Local: Vila Belmiro - Santos - SP
Transmissão: Globo, Premiere, TNT
Ref: 234
Rodada: 24

2 x 2

Corinthians
Athletico Paranaense
Data: 10/10/2019 - quinta-feira às 19h15
Local: Neo Química Arena - Sao Paulo - SP
Transmissão: GloboEsporte.com
Ref: 238
Rodada: 24

0 x 0

Avaí
Vasco da Gama
Data: 10/10/2019 - quinta-feira às 19h15
Local: Ressacada - Florianopolis - SC
Transmissão: Premiere, SporTV
Ref: 236
Rodada: 24

3 x 1

Flamengo
Atlético Mineiro
Data: 10/10/2019 - quinta-feira às 20h00
Local: Maracanã - Rio de Janeiro - RJ
Transmissão: Premiere
Ref: 249
Rodada: 25

1 x 0

Goiás
Csa
Data: 12/10/2019 - sábado às 17h00
Local: Serra Dourada - Goiania - GO
Transmissão: Premiere
Ref: 247
Rodada: 25

2 x 0

Fluminense
Esporte Clube Bahia
Data: 12/10/2019 - sábado às 19h00
Local: Maracanã - Rio de Janeiro - RJ
Transmissão: Premiere
Ref: 244
Rodada: 25

1 x 0

Palmeiras
Botafogo de Futebol E Regatas
Data: 12/10/2019 - sábado às 21h00
Local: Pacaembu - Sao Paulo - SP
Transmissão: Premiere
Ref: 243
Rodada: 25

1 x 0

Ceará
Avaí
Data: 13/10/2019 - domingo às 16h00
Local: Arena Castelão - Fortaleza - CE
Transmissão: Premiere
Ref: 246
Rodada: 25

1 x 0

Vasco da Gama
Fortaleza
Data: 13/10/2019 - domingo às 16h00
Local: São Januário - Rio de Janeiro - RJ
Transmissão: Premiere
Ref: 250
Rodada: 25

0 x 2

Athletico Paranaense
Flamengo
Data: 13/10/2019 - domingo às 16h00
Local: Arena da Baixada - Curitiba - PR
Transmissão: Globo
Ref: 241
Rodada: 25

0 x 0

Internacional
Santos Fc
Data: 13/10/2019 - domingo às 16h00
Local: Beira-Rio - Porto Alegre - RS
Transmissão: Globo, Premiere, TNT
Ref: 245
Rodada: 25

1 x 0

São Paulo
Corinthians
Data: 13/10/2019 - domingo às 18h00
Local: Morumbi - Sao Paulo - SP
Transmissão: Premiere
Ref: 248
Rodada: 25

1 x 1

Chapecoense
Cruzeiro Esporte Clube
Data: 13/10/2019 - domingo às 19h00
Local: Arena Condá - Chapeco - SC
Transmissão: Premiere
Ref: 242
Rodada: 25

1 x 4

Atlético Mineiro
Grêmio
Data: 13/10/2019 - domingo às 19h00
Local: Independência - Belo Horizonte - MG
Transmissão: Premiere, SporTV
Ref: 260
Rodada: 26

2 x 2

Csa
Atlético Mineiro
Data: 16/10/2019 - quarta-feira às 19h15
Local: Rei Pelé - Maceio - AL
Transmissão: Premiere, SporTV
Ref: 251
Rodada: 26

0 x 1

Grêmio
Esporte Clube Bahia
Data: 16/10/2019 - quarta-feira às 19h15
Local: Arena do Grêmio - Porto Alegre - RS
Transmissão: Premiere
Ref: 253
Rodada: 26

1 x 2

Fortaleza
Flamengo
Data: 16/10/2019 - quarta-feira às 20h00
Local: Arena Castelão - Fortaleza - CE
Transmissão: Premiere
Ref: 252
Rodada: 26

1 x 0

Cruzeiro Esporte Clube
São Paulo
Data: 16/10/2019 - quarta-feira às 21h00
Local: Mineirão - Belo Horizonte - MG
Transmissão: Premiere
Ref: 254
Rodada: 26

1 x 0

Palmeiras
Chapecoense
Data: 16/10/2019 - quarta-feira às 21h00
Local: Allianz Parque - Sao Paulo - SP
Transmissão: Premiere
Ref: 259
Rodada: 26

2 x 2

Goiás
Corinthians
Data: 16/10/2019 - quarta-feira às 21h30
Local: Serra Dourada - Goiania - GO
Transmissão: Globo, Premiere
Ref: 256
Rodada: 26

2 x 1

Vasco da Gama
Botafogo de Futebol E Regatas
Data: 16/10/2019 - quarta-feira às 21h30
Local: São Januário - Rio de Janeiro - RJ
Transmissão: Globo, Premiere
Ref: 255
Rodada: 26

2 x 1

Santos Fc
Ceará
Data: 17/10/2019 - quinta-feira às 19h15
Local: Vila Belmiro - Santos - SP
Transmissão: Premiere, TNT
Ref: 258
Rodada: 26

0 x 2

Avaí
Internacional
Data: 17/10/2019 - quinta-feira às 19h15
Local: Ressacada - Florianopolis - SC
Transmissão: Premiere
Ref: 257
Rodada: 26

1 x 2

Fluminense
Athletico Paranaense
Data: 17/10/2019 - quinta-feira às 21h00
Local: Maracanã - Rio de Janeiro - RJ
Transmissão: GloboEsporte.com
Ref: 263
Rodada: 27

2 x 1

Fortaleza
Grêmio
Data: 19/10/2019 - sábado às 17h00
Local: Arena Castelão - Fortaleza - CE
Transmissão: Premiere
Ref: 264
Rodada: 27

1 x 2

Corinthians
Cruzeiro Esporte Clube
Data: 19/10/2019 - sábado às 19h00
Local: Neo Química Arena - Sao Paulo - SP
Transmissão: Premiere
Ref: 262
Rodada: 27

2 x 0

Atlético Mineiro
Santos Fc
Data: 20/10/2019 - domingo às 16h00
Local: Independência - Belo Horizonte - MG
Transmissão: Premiere
Ref: 261
Rodada: 27

0 x 1

Internacional
Vasco da Gama
Data: 20/10/2019 - domingo às 16h00
Local: Beira-Rio - Porto Alegre - RS
Transmissão: Globo, Premiere
Ref: 265
Rodada: 27

1 x 0

São Paulo
Avaí
Data: 20/10/2019 - domingo às 16h00
Local: Morumbi - Sao Paulo - SP
Transmissão: Globo, Premiere
Ref: 266
Rodada: 27

2 x 0

Flamengo
Fluminense
Data: 20/10/2019 - domingo às 18h00
Local: Maracanã - Rio de Janeiro - RJ
Transmissão: Premiere
Ref: 268
Rodada: 27

2 x 2

Chapecoense
Goiás
Data: 20/10/2019 - domingo às 19h00
Local: Arena Condá - Chapeco - SC
Transmissão: Premiere, SporTV
Ref: 270
Rodada: 27

1 x 1

Athletico Paranaense
Palmeiras
Data: 20/10/2019 - domingo às 19h00
Local: Arena da Baixada - Curitiba - PR
Transmissão: TNT
Ref: 269
Rodada: 27

1 x 2

Esporte Clube Bahia
Ceará
Data: 21/10/2019 - segunda-feira às 19h30
Local: Pituaçu - Salvador - BA
Transmissão: Premiere, TNT
Ref: 267
Rodada: 27

2 x 1

Botafogo de Futebol E Regatas
Csa
Data: 21/10/2019 - segunda-feira às 20h00
Local: Nilton Santos - Rio de Janeiro - RJ
Transmissão: Premiere, SporTV
Ref: 273
Rodada: 28

1 x 1

Ceará
Vasco da Gama
Data: 26/10/2019 - sábado às 17h00
Local: Arena Castelão - Fortaleza - CE
Transmissão: Premiere
Ref: 274
Rodada: 28

0 x 0

Corinthians
Santos Fc
Data: 26/10/2019 - sábado às 17h00
Local: Neo Química Arena - Sao Paulo - SP
Transmissão: Premiere
Ref: 279
Rodada: 28

2 x 3

Esporte Clube Bahia
Internacional
Data: 26/10/2019 - sábado às 19h00
Local: Arena Fonte Nova - Salvador - BA
Transmissão: Premiere, TNT
Ref: 277
Rodada: 28

1 x 1

Fluminense
Chapecoense
Data: 26/10/2019 - sábado às 19h30
Local: Maracanã - Rio de Janeiro - RJ
Transmissão: Premiere, SporTV
Ref: 272
Rodada: 28

1 x 1

Cruzeiro Esporte Clube
Fortaleza
Data: 26/10/2019 - sábado às 21h00
Local: Mineirão - Belo Horizonte - MG
Transmissão: Premiere
Ref: 275
Rodada: 28

2 x 0

São Paulo
Atlético Mineiro
Data: 27/10/2019 - domingo às 16h00
Local: Morumbi - Sao Paulo - SP
Transmissão: Globo, Premiere
Ref: 271
Rodada: 28

3 x 0

Grêmio
Botafogo de Futebol E Regatas
Data: 27/10/2019 - domingo às 16h00
Local: Arena do Grêmio - Porto Alegre - RS
Transmissão: Globo, Premiere
Ref: 280
Rodada: 28

4 x 1

Athletico Paranaense
Goiás
Data: 27/10/2019 - domingo às 16h00
Local: Arena da Baixada - Curitiba - PR
Ref: 278
Rodada: 28

1 x 2

Avaí
Palmeiras
Data: 27/10/2019 - domingo às 18h00
Local: Ressacada - Florianopolis - SC
Transmissão: Premiere
Ref: 276
Rodada: 28

1 x 0

Flamengo
Csa
Data: 27/10/2019 - domingo às 19h00
Local: Maracanã - Rio de Janeiro - RJ
Transmissão: Premiere
Ref: 282
Rodada: 29

0 x 2

Atlético Mineiro
Chapecoense
Data: 30/10/2019 - quarta-feira às 19h30
Local: Independência - Belo Horizonte - MG
Transmissão: Premiere, SporTV
Ref: 288
Rodada: 29

1 x 3

Avaí
Fortaleza
Data: 30/10/2019 - quarta-feira às 19h30
Local: Ressacada - Florianopolis - SC
Transmissão: Premiere
Ref: 284
Rodada: 29

3 x 0

Palmeiras
São Paulo
Data: 30/10/2019 - quarta-feira às 19h30
Local: Allianz Parque - Sao Paulo - SP
Transmissão: Premiere
Ref: 290
Rodada: 29

2 x 1

Csa
Corinthians
Data: 30/10/2019 - quarta-feira às 21h30
Local: Rei Pelé - Maceio - AL
Transmissão: Globo, Premiere
Ref: 286
Rodada: 29

1 x 3

Vasco da Gama
Grêmio
Data: 30/10/2019 - quarta-feira às 21h30
Local: São Januário - Rio de Janeiro - RJ
Transmissão: Globo, Premiere
Ref: 283
Rodada: 29

2 x 0

Ceará
Fluminense
Data: 30/10/2019 - quarta-feira às 21h30
Local: Arena Castelão - Fortaleza - CE
Transmissão: Globo, Premiere
Ref: 285
Rodada: 29

1 x 0

Santos Fc
Esporte Clube Bahia
Data: 31/10/2019 - quinta-feira às 19h15
Local: Vila Belmiro - Santos - SP
Transmissão: Premiere, TNT
Ref: 289
Rodada: 29

2 x 2

Goiás
Flamengo
Data: 31/10/2019 - quinta-feira às 20h00
Local: Serra Dourada - Goiania - GO
Transmissão: Premiere
Ref: 281
Rodada: 29

1 x 1

Internacional
Athletico Paranaense
Data: 31/10/2019 - quinta-feira às 21h30
Local: Beira-Rio - Porto Alegre - RS
Transmissão: TNT
Ref: 287
Rodada: 29

0 x 2

Botafogo de Futebol E Regatas
Cruzeiro Esporte Clube
Data: 31/10/2019 - quinta-feira às 21h30
Local: Nilton Santos - Rio de Janeiro - RJ
Transmissão: Premiere, SporTV
Ref: 293
Rodada: 30

2 x 2

Fortaleza
Atlético Mineiro
Data: 02/11/2019 - sábado às 17h00
Local: Arena Castelão - Fortaleza - CE
Transmissão: Premiere
Ref: 294
Rodada: 30

1 x 0

Palmeiras
Ceará
Data: 02/11/2019 - sábado às 19h00
Local: Allianz Parque - Sao Paulo - SP
Transmissão: Premiere, TNT
Ref: 297
Rodada: 30

0 x 0

Fluminense
Vasco da Gama
Data: 02/11/2019 - sábado às 19h00
Local: Maracanã - Rio de Janeiro - RJ
Transmissão: Premiere
Ref: 298
Rodada: 30

0 x 3

Chapecoense
São Paulo
Data: 02/11/2019 - sábado às 21h00
Local: Arena Condá - Chapeco - SC
Transmissão: Premiere
Ref: 296
Rodada: 30

4 x 1

Flamengo
Corinthians
Data: 03/11/2019 - domingo às 16h00
Local: Maracanã - Rio de Janeiro - RJ
Transmissão: Globo, Premiere
Ref: 291
Rodada: 30

2 x 0

Grêmio
Internacional
Data: 03/11/2019 - domingo às 18h00
Local: Arena do Grêmio - Porto Alegre - RS
Transmissão: Premiere
Ref: 300
Rodada: 30

1 x 0

Athletico Paranaense
Csa
Data: 03/11/2019 - domingo às 18h00
Local: Arena da Baixada - Curitiba - PR
Ref: 292
Rodada: 30

1 x 1

Cruzeiro Esporte Clube
Esporte Clube Bahia
Data: 03/11/2019 - domingo às 19h00
Local: Mineirão - Belo Horizonte - MG
Transmissão: Premiere
Ref: 295
Rodada: 30

4 x 1

Santos Fc
Botafogo de Futebol E Regatas
Data: 03/11/2019 - domingo às 19h00
Local: Vila Belmiro - Santos - SP
Transmissão: Premiere
Ref: 299
Rodada: 30

2 x 0

Goiás
Avaí
Data: 03/11/2019 - domingo às 19h30
Local: Serra Dourada - Goiania - GO
Transmissão: Premiere, SporTV
Ref: 304
Rodada: 31

3 x 2

Corinthians
Fortaleza
Data: 06/11/2019 - quarta-feira às 19h30
Local: Neo Química Arena - Sao Paulo - SP
Transmissão: Premiere
Ref: 302
Rodada: 31

2 x 0

Atlético Mineiro
Goiás
Data: 06/11/2019 - quarta-feira às 20h00
Local: Mineirão - Belo Horizonte - MG
Transmissão: Premiere, SporTV
Ref: 308
Rodada: 31

1 x 2

Avaí
Santos Fc
Data: 06/11/2019 - quarta-feira às 21h00
Local: Ressacada - Florianopolis - SC
Transmissão: Premiere
Ref: 306
Rodada: 31

1 x 2

Vasco da Gama
Palmeiras
Data: 06/11/2019 - quarta-feira às 21h30
Local: São Januário - Rio de Janeiro - RJ
Transmissão: Globo, Premiere
Ref: 309
Rodada: 31

1 x 1

Esporte Clube Bahia
Chapecoense
Data: 06/11/2019 - quarta-feira às 21h30
Local: Arena Fonte Nova - Salvador - BA
Transmissão: Globo, Premiere
Ref: 310
Rodada: 31

0 x 0

Athletico Paranaense
Cruzeiro Esporte Clube
Data: 06/11/2019 - quarta-feira às 21h30
Local: Arena da Baixada - Curitiba - PR
Transmissão: Globo
Ref: 305
Rodada: 31

0 x 2

São Paulo
Fluminense
Data: 07/11/2019 - quinta-feira às 19h30
Local: Morumbi - Sao Paulo - SP
Transmissão: Premiere
Ref: 303
Rodada: 31

2 x 0

Ceará
Internacional
Data: 07/11/2019 - quinta-feira às 19h30
Local: Arena Castelão - Fortaleza - CE
Transmissão: Premiere, TNT
Ref: 307
Rodada: 31

0 x 1

Botafogo de Futebol E Regatas
Flamengo
Data: 07/11/2019 - quinta-feira às 20h00
Local: Nilton Santos - Rio de Janeiro - RJ
Transmissão: Premiere
Ref: 301
Rodada: 31

2 x 1

Grêmio
Csa
Data: 07/11/2019 - quinta-feira às 21h00
Local: Arena do Grêmio - Porto Alegre - RS
Transmissão: Premiere, SporTV
Ref: 319
Rodada: 32

0 x 3

Goiás
Santos Fc
Data: 09/11/2019 - sábado às 17h00
Local: Serra Dourada - Goiania - GO
Transmissão: Premiere
Ref: 314
Rodada: 32

1 x 1

Palmeiras
Corinthians
Data: 09/11/2019 - sábado às 19h00
Local: Pacaembu - Sao Paulo - SP
Transmissão: Premiere
Ref: 315
Rodada: 32

0 x 1

São Paulo
Athletico Paranaense
Data: 10/11/2019 - domingo às 16h00
Local: Morumbi - Sao Paulo - SP
Transmissão: Globo
Ref: 311
Rodada: 32

2 x 1

Internacional
Fluminense
Data: 10/11/2019 - domingo às 16h00
Local: Beira-Rio - Porto Alegre - RS
Transmissão: Globo, Premiere
Ref: 312
Rodada: 32

0 x 0

Cruzeiro Esporte Clube
Atlético Mineiro
Data: 10/11/2019 - domingo às 16h00
Local: Mineirão - Belo Horizonte - MG
Transmissão: Globo, Premiere
Ref: 316
Rodada: 32

3 x 1

Flamengo
Esporte Clube Bahia
Data: 10/11/2019 - domingo às 18h00
Local: Maracanã - Rio de Janeiro - RJ
Transmissão: Premiere
Ref: 318
Rodada: 32

0 x 1

Chapecoense
Grêmio
Data: 10/11/2019 - domingo às 19h00
Local: Arena Condá - Chapeco - SC
Transmissão: Premiere, SporTV
Ref: 320
Rodada: 32

0 x 3

Csa
Vasco da Gama
Data: 10/11/2019 - domingo às 19h00
Local: Rei Pelé - Maceio - AL
Transmissão: Premiere
Ref: 313
Rodada: 32

1 x 0

Fortaleza
Ceará
Data: 10/11/2019 - domingo às 19h00
Local: Arena Castelão - Fortaleza - CE
Transmissão: Premiere, TNT
Ref: 317
Rodada: 32

2 x 0

Botafogo de Futebol E Regatas
Avaí
Data: 11/11/2019 - segunda-feira às 20h00
Local: Nilton Santos - Rio de Janeiro - RJ
Transmissão: Premiere, SporTV
Ref: 325
Rodada: 33

1 x 1

Santos Fc
São Paulo
Data: 16/11/2019 - sábado às 17h00
Local: Vila Belmiro - Santos - SP
Transmissão: Premiere
Ref: 327
Rodada: 33

1 x 1

Fluminense
Atlético Mineiro
Data: 16/11/2019 - sábado às 19h00
Local: Maracanã - Rio de Janeiro - RJ
Transmissão: Premiere, SporTV
Ref: 329
Rodada: 33

1 x 1

Esporte Clube Bahia
Palmeiras
Data: 17/11/2019 - domingo às 16h00
Local: Arena Fonte Nova - Salvador - BA
Transmissão: Globo, Premiere, TNT
Ref: 321
Rodada: 33

0 x 1

Grêmio
Flamengo
Data: 17/11/2019 - domingo às 16h00
Local: Arena do Grêmio - Porto Alegre - RS
Transmissão: Premiere
Ref: 328
Rodada: 33

1 x 0

Chapecoense
Ceará
Data: 17/11/2019 - domingo às 18h00
Local: Arena Condá - Chapeco - SC
Transmissão: Premiere
Ref: 330
Rodada: 33

1 x 0

Athletico Paranaense
Botafogo de Futebol E Regatas
Data: 17/11/2019 - domingo às 18h00
Local: Arena da Baixada - Curitiba - PR
Transmissão: GloboEsporte.com
Ref: 324
Rodada: 33

0 x 0

Corinthians
Internacional
Data: 17/11/2019 - domingo às 18h00
Local: Neo Química Arena - Sao Paulo - SP
Transmissão: Globo, Premiere
Ref: 323
Rodada: 33

3 x 0

Fortaleza
Csa
Data: 17/11/2019 - domingo às 19h00
Local: Arena Castelão - Fortaleza - CE
Transmissão: Premiere
Ref: 326
Rodada: 33

1 x 1

Vasco da Gama
Goiás
Data: 18/11/2019 - segunda-feira às 19h30
Local: São Januário - Rio de Janeiro - RJ
Transmissão: Premiere
Ref: 322
Rodada: 33

0 x 0

Cruzeiro Esporte Clube
Avaí
Data: 18/11/2019 - segunda-feira às 20h00
Local: Mineirão - Belo Horizonte - MG
Transmissão: Premiere, SporTV
Ref: 336
Rodada: 34

4 x 4

Flamengo
Vasco da Gama
Data: 13/11/2019 - quarta-feira às 21h30
Local: Maracanã - Rio de Janeiro - RJ
Transmissão: Premiere
Ref: 335
Rodada: 34

4 x 1

Santos Fc
Cruzeiro Esporte Clube
Data: 23/11/2019 - sábado às 21h00
Local: Vila Belmiro - Santos - SP
Transmissão: Premiere
Ref: 339
Rodada: 34

4 x 3

Goiás
Esporte Clube Bahia
Data: 24/11/2019 - domingo às 16h00
Local: Serra Dourada - Goiania - GO
Transmissão: Premiere
Ref: 334
Rodada: 34

1 x 2

Palmeiras
Grêmio
Data: 24/11/2019 - domingo às 16h00
Local: Allianz Parque - Sao Paulo - SP
Transmissão: Globo, Premiere
Ref: 332
Rodada: 34

0 x 1

Atlético Mineiro
Athletico Paranaense
Data: 24/11/2019 - domingo às 16h00
Local: Mineirão - Belo Horizonte - MG
Transmissão: Globo
Ref: 337
Rodada: 34

1 x 0

Botafogo de Futebol E Regatas
Corinthians
Data: 24/11/2019 - domingo às 18h00
Local: Nilton Santos - Rio de Janeiro - RJ
Transmissão: Premiere
Ref: 333
Rodada: 34

1 x 1

Ceará
São Paulo
Data: 24/11/2019 - domingo às 19h00
Local: Arena Castelão - Fortaleza - CE
Transmissão: Premiere
Ref: 338
Rodada: 34

0 x 1

Avaí
Chapecoense
Data: 24/11/2019 - domingo às 19h00
Local: Ressacada - Florianopolis - SC
Transmissão: Premiere, SporTV
Ref: 331
Rodada: 34

2 x 2

Internacional
Fortaleza
Data: 24/11/2019 - domingo às 19h00
Local: Beira-Rio - Porto Alegre - RS
Transmissão: Premiere, TNT
Ref: 340
Rodada: 34

0 x 1

Csa
Fluminense
Data: 25/11/2019 - segunda-feira às 20h00
Local: Rei Pelé - Maceio - AL
Transmissão: Premiere, SporTV
Ref: 348
Rodada: 35

0 x 1

Chapecoense
Botafogo de Futebol E Regatas
Data: 27/11/2019 - quarta-feira às 19h30
Local: Arena Condá - Chapeco - SC
Transmissão: Premiere, SporTV
Ref: 341
Rodada: 35

1 x 2

Internacional
Goiás
Data: 27/11/2019 - quarta-feira às 19h30
Local: Beira-Rio - Porto Alegre - RS
Transmissão: Premiere
Ref: 349
Rodada: 35

1 x 1

Esporte Clube Bahia
Atlético Mineiro
Data: 27/11/2019 - quarta-feira às 21h00
Local: Arena Fonte Nova - Salvador - BA
Transmissão: Premiere
Ref: 350
Rodada: 35

2 x 0

Athletico Paranaense
Grêmio
Data: 27/11/2019 - quarta-feira às 21h30
Local: Arena da Baixada - Curitiba - PR
Transmissão: Globo
Ref: 344
Rodada: 35

3 x 0

Corinthians
Avaí
Data: 27/11/2019 - quarta-feira às 21h30
Local: Neo Química Arena - Sao Paulo - SP
Transmissão: Globo, Premiere
Ref: 346
Rodada: 35

4 x 1

Flamengo
Ceará
Data: 27/11/2019 - quarta-feira às 21h30
Local: Maracanã - Rio de Janeiro - RJ
Transmissão: Globo, Premiere
Ref: 347
Rodada: 35

1 x 0

Fluminense
Palmeiras
Data: 28/11/2019 - quinta-feira às 19h30
Local: Maracanã - Rio de Janeiro - RJ
Transmissão: Premiere
Ref: 343
Rodada: 35

2 x 1

Fortaleza
Santos Fc
Data: 28/11/2019 - quinta-feira às 20h00
Local: Arena Castelão - Fortaleza - CE
Transmissão: Premiere, TNT
Ref: 345
Rodada: 35

1 x 0

São Paulo
Vasco da Gama
Data: 28/11/2019 - quinta-feira às 20h30
Local: Morumbi - Sao Paulo - SP
Transmissão: Premiere
Ref: 342
Rodada: 35

0 x 1

Cruzeiro Esporte Clube
Csa
Data: 28/11/2019 - quinta-feira às 21h30
Local: Mineirão - Belo Horizonte - MG
Transmissão: Premiere, SporTV
Ref: 357
Rodada: 36

0 x 1

Botafogo de Futebol E Regatas
Internacional
Data: 30/11/2019 - sábado às 19h00
Local: Nilton Santos - Rio de Janeiro - RJ
Transmissão: Premiere
Ref: 353
Rodada: 36

1 x 1

Ceará
Athletico Paranaense
Data: 30/11/2019 - sábado às 19h00
Local: Arena Castelão - Fortaleza - CE
Transmissão: TNT
Ref: 358
Rodada: 36

1 x 1

Avaí
Fluminense
Data: 01/12/2019 - domingo às 16h00
Local: Ressacada - Florianopolis - SC
Transmissão: Globo, Premiere
Ref: 359
Rodada: 36

1 x 2

Goiás
Fortaleza
Data: 01/12/2019 - domingo às 16h00
Local: Serra Dourada - Goiania - GO
Transmissão: Premiere
Ref: 354
Rodada: 36

1 x 3

Palmeiras
Flamengo
Data: 01/12/2019 - domingo às 16h00
Local: Allianz Parque - Sao Paulo - SP
Transmissão: Globo, Premiere
Ref: 360
Rodada: 36

1 x 2

Csa
Esporte Clube Bahia
Data: 01/12/2019 - domingo às 18h00
Local: Rei Pelé - Maceio - AL
Transmissão: Premiere
Ref: 352
Rodada: 36

2 x 1

Atlético Mineiro
Corinthians
Data: 01/12/2019 - domingo às 18h00
Local: Independência - Belo Horizonte - MG
Transmissão: Premiere
Ref: 351
Rodada: 36

3 x 0

Grêmio
São Paulo
Data: 01/12/2019 - domingo às 19h00
Local: Arena do Grêmio - Porto Alegre - RS
Transmissão: Premiere
Ref: 355
Rodada: 36

2 x 0

Santos Fc
Chapecoense
Data: 01/12/2019 - domingo às 19h00
Local: Vila Belmiro - Santos - SP
Transmissão: Premiere
Ref: 356
Rodada: 36

1 x 0

Vasco da Gama
Cruzeiro Esporte Clube
Data: 02/12/2019 - segunda-feira às 20h00
Local: São Januário - Rio de Janeiro - RJ
Transmissão: Premiere, SporTV
Ref: 370
Rodada: 37

1 x 0

Athletico Paranaense
Santos Fc
Data: 04/12/2019 - quarta-feira às 19h00
Local: Arena da Baixada - Curitiba - PR
Transmissão: TNT
Ref: 363
Rodada: 37

0 x 1

Ceará
Corinthians
Data: 04/12/2019 - quarta-feira às 19h30
Local: Arena Castelão - Fortaleza - CE
Transmissão: Premiere
Ref: 362
Rodada: 37

2 x 0

Atlético Mineiro
Botafogo de Futebol E Regatas
Data: 04/12/2019 - quarta-feira às 19h30
Local: Mineirão - Belo Horizonte - MG
Transmissão: Premiere, SporTV
Ref: 368
Rodada: 37

3 x 0

Chapecoense
Csa
Data: 04/12/2019 - quarta-feira às 21h00
Local: Arena Condá - Chapeco - SC
Transmissão: Premiere
Ref: 365
Rodada: 37

2 x 1

São Paulo
Internacional
Data: 04/12/2019 - quarta-feira às 21h30
Local: Morumbi - Sao Paulo - SP
Transmissão: Globo, Premiere
Ref: 367
Rodada: 37

0 x 0

Fluminense
Fortaleza
Data: 04/12/2019 - quarta-feira às 21h30
Local: Maracanã - Rio de Janeiro - RJ
Transmissão: Globo, Premiere
Ref: 364
Rodada: 37

5 x 1

Palmeiras
Goiás
Data: 05/12/2019 - quinta-feira às 19h15
Local: Brinco de Ouro - Campinas - SP
Transmissão: Premiere
Ref: 361
Rodada: 37

2 x 0

Grêmio
Cruzeiro Esporte Clube
Data: 05/12/2019 - quinta-feira às 19h15
Local: Arena do Grêmio - Porto Alegre - RS
Transmissão: Premiere
Ref: 369
Rodada: 37

1 x 1

Esporte Clube Bahia
Vasco da Gama
Data: 05/12/2019 - quinta-feira às 19h15
Local: Arena Fonte Nova - Salvador - BA
Transmissão: Premiere
Ref: 366
Rodada: 37

6 x 1

Flamengo
Avaí
Data: 05/12/2019 - quinta-feira às 20h00
Local: Maracanã - Rio de Janeiro - RJ
Transmissão: Premiere, SporTV
Ref: 375
Rodada: 38

4 x 0

Santos Fc
Flamengo
Data: 08/12/2019 - domingo às 16h00
Local: Vila Belmiro - Santos - SP
Transmissão: Premiere
Ref: 379
Rodada: 38

3 x 2

Goiás
Grêmio
Data: 08/12/2019 - domingo às 16h00
Local: Serra Dourada - Goiania - GO
Transmissão: Premiere
Ref: 371
Rodada: 38

2 x 1

Internacional
Atlético Mineiro
Data: 08/12/2019 - domingo às 16h00
Local: Beira-Rio - Porto Alegre - RS
Transmissão: Premiere
Ref: 373
Rodada: 38

2 x 1

Fortaleza
Esporte Clube Bahia
Data: 08/12/2019 - domingo às 16h00
Local: Arena Castelão - Fortaleza - CE
Transmissão: Premiere, TNT
Ref: 374
Rodada: 38

1 x 2

Corinthians
Fluminense
Data: 08/12/2019 - domingo às 16h00
Local: Neo Química Arena - Sao Paulo - SP
Transmissão: Premiere
Ref: 380
Rodada: 38

1 x 2

Csa
São Paulo
Data: 08/12/2019 - domingo às 16h00
Local: Rei Pelé - Maceio - AL
Transmissão: Premiere
Ref: 376
Rodada: 38

1 x 1

Vasco da Gama
Chapecoense
Data: 08/12/2019 - domingo às 16h00
Local: Maracanã - Rio de Janeiro - RJ
Transmissão: Premiere
Ref: 377
Rodada: 38

1 x 1

Botafogo de Futebol E Regatas
Ceará
Data: 08/12/2019 - domingo às 16h00
Local: Nilton Santos - Rio de Janeiro - RJ
Transmissão: Premiere
Ref: 372
Rodada: 38

0 x 2

Cruzeiro Esporte Clube
Palmeiras
Data: 08/12/2019 - domingo às 16h00
Local: Mineirão - Belo Horizonte - MG
Transmissão: Premiere
Ref: 378
Rodada: 38

0 x 0

Avaí
Athletico Paranaense
Data: 08/12/2019 - domingo às 16h00
Local: Ressacada - Florianopolis - SC
Transmissão: None