Ref: 003
Rodada: 1

2 x 1

Palmeiras
Cuiabá Saf
Data: 15/04/2023 - sábado às 16h00
Local: Allianz Parque - Sao Paulo - SP
Transmissão: Premiere
Ref: 010
Rodada: 1

0 x 3

America Saf
Fluminense
Data: 15/04/2023 - sábado às 16h00
Local: Independência - Belo Horizonte - MG
Transmissão: Premiere
Ref: 005
Rodada: 1

2 x 1

Red Bull Bragantino
Bahia
Data: 15/04/2023 - sábado às 18h30
Local: Nabi Abi Chedid - Braganca Paulista - SP
Transmissão: Premiere
Ref: 002
Rodada: 1

2 x 1

Botafogo
São Paulo
Data: 15/04/2023 - sábado às 18h30
Local: Nilton Santos - Rio de Janeiro - RJ
Transmissão: Premiere
Ref: 008
Rodada: 1

2 x 0

Athletico Paranaense
Goiás
Data: 15/04/2023 - sábado às 18h30
Local: Arena da Baixada - Curitiba - PR
Transmissão: Furacão Live
Ref: 009
Rodada: 1

1 x 1

Fortaleza
Internacional
Data: 15/04/2023 - sábado às 18h30
Local: Arena Castelão - Fortaleza - CE
Transmissão: Premiere
Ref: 006
Rodada: 1

1 x 2

Atlético Mineiro Saf
Vasco da Gama S.a.f.
Data: 15/04/2023 - sábado às 21h00
Local: Mineirão - Belo Horizonte - MG
Transmissão: Premiere, SporTV
Ref: 004
Rodada: 1

2 x 1

Corinthians
Cruzeiro Saf
Data: 16/04/2023 - domingo às 16h00
Local: Neo Química Arena - Sao Paulo - SP
Transmissão: Globo, Premiere
Ref: 001
Rodada: 1

3 x 0

Flamengo
Coritiba S.a.f.
Data: 16/04/2023 - domingo às 16h00
Local: Maracanã - Rio de Janeiro - RJ
Transmissão: Globo, Premiere
Ref: 007
Rodada: 1

1 x 0

Grêmio
Santos Fc
Data: 16/04/2023 - domingo às 18h30
Local: Alfredo Jaconi - Caxias do Sul - RS
Transmissão: Premiere, SporTV
Ref: 011
Rodada: 2

2 x 0

Fluminense
Athletico Paranaense
Data: 22/04/2023 - sábado às 16h00
Local: Maracanã - Rio de Janeiro - RJ
Transmissão: Premiere
Ref: 013
Rodada: 2

3 x 0

São Paulo
America Saf
Data: 22/04/2023 - sábado às 18h30
Local: Morumbi - Sao Paulo - SP
Transmissão: Premiere
Ref: 020
Rodada: 2

1 x 1

Cuiabá Saf
Red Bull Bragantino
Data: 22/04/2023 - sábado às 18h30
Local: Arena Pantanal - Cuiaba - MT
Transmissão: Premiere
Ref: 016
Rodada: 2

1 x 0

Cruzeiro Saf
Grêmio
Data: 22/04/2023 - sábado às 21h00
Local: Independência - Belo Horizonte - MG
Transmissão: Premiere, SporTV
Ref: 017
Rodada: 2

2 x 1

Internacional
Flamengo
Data: 23/04/2023 - domingo às 11h00
Local: Beira-Rio - Porto Alegre - RS
Transmissão: Premiere
Ref: 012
Rodada: 2

2 x 2

Vasco da Gama S.a.f.
Palmeiras
Data: 23/04/2023 - domingo às 16h00
Local: Maracanã - Rio de Janeiro - RJ
Transmissão: Globo, Premiere
Ref: 014
Rodada: 2

0 x 0

Santos Fc
Atlético Mineiro Saf
Data: 23/04/2023 - domingo às 16h00
Local: Vila Belmiro - Santos - SP
Transmissão: Globo, Premiere
Ref: 018
Rodada: 2

0 x 3

Coritiba S.a.f.
Fortaleza
Data: 23/04/2023 - domingo às 18h30
Local: Couto Pereira - Curitiba - PR
Transmissão: Premiere
Ref: 015
Rodada: 2

3 x 1

Goiás
Corinthians
Data: 23/04/2023 - domingo às 19h00
Local: Hailé Pinheiro - Goiania - GO
Transmissão: Premiere
Ref: 019
Rodada: 2

1 x 2

Bahia
Botafogo
Data: 24/04/2023 - segunda-feira às 20h00
Local: Arena Fonte Nova - Salvador - BA
Transmissão: Premiere, SporTV
Ref: 028
Rodada: 3

1 x 1

Coritiba S.a.f.
São Paulo
Data: 29/04/2023 - sábado às 16h30
Local: Couto Pereira - Curitiba - PR
Transmissão: Globo, Premiere
Ref: 029
Rodada: 3

4 x 2

Fortaleza
Fluminense
Data: 29/04/2023 - sábado às 16h30
Local: Arena Castelão - Fortaleza - CE
Transmissão: Premiere
Ref: 024
Rodada: 3

3 x 2

Santos Fc
America Saf
Data: 29/04/2023 - sábado às 18h30
Local: Vila Belmiro - Santos - SP
Transmissão: Premiere
Ref: 023
Rodada: 3

2 x 1

Palmeiras
Corinthians
Data: 29/04/2023 - sábado às 18h30
Local: Allianz Parque - Sao Paulo - SP
Transmissão: Premiere
Ref: 025
Rodada: 3

0 x 3

Red Bull Bragantino
Cruzeiro Saf
Data: 29/04/2023 - sábado às 18h30
Local: Nabi Abi Chedid - Braganca Paulista - SP
Transmissão: Premiere
Ref: 026
Rodada: 3

2 x 1

Atlético Mineiro Saf
Athletico Paranaense
Data: 29/04/2023 - sábado às 21h00
Local: Independência - Belo Horizonte - MG
Transmissão: Premiere, SporTV
Ref: 021
Rodada: 3

2 x 3

Flamengo
Botafogo
Data: 30/04/2023 - domingo às 16h00
Local: Maracanã - Rio de Janeiro - RJ
Transmissão: Globo, Premiere
Ref: 027
Rodada: 3

1 x 0

Internacional
Goiás
Data: 30/04/2023 - domingo às 18h30
Local: Beira-Rio - Porto Alegre - RS
Transmissão: Premiere
Ref: 030
Rodada: 3

1 x 2

Cuiabá Saf
Grêmio
Data: 30/04/2023 - domingo às 18h30
Local: Arena Pantanal - Cuiaba - MT
Transmissão: Premiere
Ref: 022
Rodada: 3

0 x 1

Vasco da Gama S.a.f.
Bahia
Data: 01/05/2023 - segunda-feira às 20h00
Local: São Januário - Rio de Janeiro - RJ
Transmissão: Premiere, SporTV
Ref: 036
Rodada: 4

2 x 1

Cruzeiro Saf
Santos Fc
Data: 06/05/2023 - sábado às 16h00
Local: Independência - Belo Horizonte - MG
Transmissão: Premiere
Ref: 031
Rodada: 4

1 x 1

Fluminense
Vasco da Gama S.a.f.
Data: 06/05/2023 - sábado às 21h00
Local: Maracanã - Rio de Janeiro - RJ
Transmissão: Premiere, SporTV
Ref: 040
Rodada: 4

1 x 2

America Saf
Cuiabá Saf
Data: 07/05/2023 - domingo às 11h00
Local: Independência - Belo Horizonte - MG
Transmissão: Premiere
Ref: 038
Rodada: 4

2 x 1

Athletico Paranaense
Flamengo
Data: 07/05/2023 - domingo às 16h00
Local: Arena da Baixada - Curitiba - PR
Transmissão: Globo, Rede Furacão
Ref: 033
Rodada: 4

2 x 0

São Paulo
Internacional
Data: 07/05/2023 - domingo às 16h00
Local: Morumbi - Sao Paulo - SP
Transmissão: Globo, Premiere
Ref: 039
Rodada: 4

3 x 1

Bahia
Coritiba S.a.f.
Data: 07/05/2023 - domingo às 16h00
Local: Arena Fonte Nova - Salvador - BA
Transmissão: Globo, Premiere
Ref: 037
Rodada: 4

3 x 3

Grêmio
Red Bull Bragantino
Data: 07/05/2023 - domingo às 18h30
Local: Arena do Grêmio - Porto Alegre - RS
Transmissão: Premiere, SporTV
Ref: 032
Rodada: 4

2 x 0

Botafogo
Atlético Mineiro Saf
Data: 07/05/2023 - domingo às 18h30
Local: Nilton Santos - Rio de Janeiro - RJ
Transmissão: Premiere
Ref: 035
Rodada: 4

0 x 5

Goiás
Palmeiras
Data: 07/05/2023 - domingo às 18h30
Local: Hailé Pinheiro - Goiania - GO
Transmissão: Premiere
Ref: 034
Rodada: 4

1 x 1

Corinthians
Fortaleza
Data: 08/05/2023 - segunda-feira às 20h00
Local: Neo Química Arena - Sao Paulo - SP
Transmissão: Premiere
Ref: 045
Rodada: 5

2 x 2

Red Bull Bragantino
America Saf
Data: 10/05/2023 - quarta-feira às 19h00
Local: Nabi Abi Chedid - Braganca Paulista - SP
Transmissão: Premiere
Ref: 044
Rodada: 5

3 x 0

Santos Fc
Bahia
Data: 10/05/2023 - quarta-feira às 19h00
Local: Vila Belmiro - Santos - SP
Transmissão: Premiere
Ref: 047
Rodada: 5

0 x 2

Internacional
Athletico Paranaense
Data: 10/05/2023 - quarta-feira às 19h00
Local: Beira-Rio - Porto Alegre - RS
Transmissão: Premiere, SporTV
Ref: 050
Rodada: 5

0 x 4

Cuiabá Saf
Atlético Mineiro Saf
Data: 10/05/2023 - quarta-feira às 20h00
Local: Arena Pantanal - Cuiaba - MT
Transmissão: Premiere
Ref: 041
Rodada: 5

2 x 0

Flamengo
Goiás
Data: 10/05/2023 - quarta-feira às 20h00
Local: Maracanã - Rio de Janeiro - RJ
Transmissão: Premiere
Ref: 043
Rodada: 5

4 x 1

Palmeiras
Grêmio
Data: 10/05/2023 - quarta-feira às 21h30
Local: Allianz Parque - Sao Paulo - SP
Transmissão: Globo, Premiere
Ref: 046
Rodada: 5

0 x 2

Cruzeiro Saf
Fluminense
Data: 10/05/2023 - quarta-feira às 21h30
Local: Mineirão - Belo Horizonte - MG
Transmissão: Globo, Premiere
Ref: 048
Rodada: 5

1 x 1

Coritiba S.a.f.
Vasco da Gama S.a.f.
Data: 11/05/2023 - quinta-feira às 19h00
Local: Couto Pereira - Curitiba - PR
Transmissão: Premiere
Ref: 042
Rodada: 5

3 x 0

Botafogo
Corinthians
Data: 11/05/2023 - quinta-feira às 19h30
Local: Nilton Santos - Rio de Janeiro - RJ
Transmissão: Premiere
Ref: 049
Rodada: 5

0 x 0

Fortaleza
São Paulo
Data: 11/05/2023 - quinta-feira às 20h00
Local: Arena Castelão - Fortaleza - CE
Transmissão: Premiere, SporTV
Ref: 059
Rodada: 6

2 x 3

Bahia
Flamengo
Data: 13/05/2023 - sábado às 16h00
Local: Arena Fonte Nova - Salvador - BA
Transmissão: Premiere
Ref: 051
Rodada: 6

2 x 0

Fluminense
Cuiabá Saf
Data: 13/05/2023 - sábado às 18h30
Local: Maracanã - Rio de Janeiro - RJ
Transmissão: Premiere
Ref: 053
Rodada: 6

1 x 1

Palmeiras
Red Bull Bragantino
Data: 13/05/2023 - sábado às 18h30
Local: Allianz Parque - Sao Paulo - SP
Transmissão: Premiere
Ref: 056
Rodada: 6

2 x 0

Atlético Mineiro Saf
Internacional
Data: 13/05/2023 - sábado às 21h00
Local: Mineirão - Belo Horizonte - MG
Transmissão: Premiere, SporTV
Ref: 057
Rodada: 6

0 x 0

Grêmio
Fortaleza
Data: 14/05/2023 - domingo às 16h00
Local: Arena do Grêmio - Porto Alegre - RS
Transmissão: Globo, Premiere
Ref: 054
Rodada: 6

1 x 1

Corinthians
São Paulo
Data: 14/05/2023 - domingo às 16h00
Local: Neo Química Arena - Sao Paulo - SP
Transmissão: Globo, Premiere
Ref: 052
Rodada: 6

0 x 1

Vasco da Gama S.a.f.
Santos Fc
Data: 14/05/2023 - domingo às 16h00
Local: São Januário - Rio de Janeiro - RJ
Transmissão: Globo, Premiere
Ref: 060
Rodada: 6

0 x 4

America Saf
Cruzeiro Saf
Data: 14/05/2023 - domingo às 18h30
Local: Independência - Belo Horizonte - MG
Transmissão: Premiere, SporTV
Ref: 058
Rodada: 6

3 x 2

Athletico Paranaense
Coritiba S.a.f.
Data: 14/05/2023 - domingo às 18h30
Local: Arena da Baixada - Curitiba - PR
Transmissão: Rede Furacão
Ref: 055
Rodada: 6

2 x 1

Goiás
Botafogo
Data: 14/05/2023 - domingo às 18h30
Local: Hailé Pinheiro - Goiania - GO
Transmissão: Premiere
Ref: 069
Rodada: 7

1 x 1

Bahia
Goiás
Data: 20/05/2023 - sábado às 16h00
Local: Arena Fonte Nova - Salvador - BA
Transmissão: Premiere
Ref: 062
Rodada: 7

1 x 0

Botafogo
Fluminense
Data: 20/05/2023 - sábado às 18h30
Local: Nilton Santos - Rio de Janeiro - RJ
Transmissão: Premiere
Ref: 068
Rodada: 7

1 x 2

Coritiba S.a.f.
Atlético Mineiro Saf
Data: 20/05/2023 - sábado às 18h30
Local: Couto Pereira - Curitiba - PR
Transmissão: Premiere
Ref: 065
Rodada: 7

2 x 0

Red Bull Bragantino
Athletico Paranaense
Data: 20/05/2023 - sábado às 18h30
Local: Nabi Abi Chedid - Braganca Paulista - SP
Transmissão: Premiere
Ref: 070
Rodada: 7

2 x 1

America Saf
Fortaleza
Data: 20/05/2023 - sábado às 18h30
Local: Independência - Belo Horizonte - MG
Transmissão: Premiere
Ref: 063
Rodada: 7

4 x 2

São Paulo
Vasco da Gama S.a.f.
Data: 20/05/2023 - sábado às 18h30
Local: Morumbi - Sao Paulo - SP
Transmissão: Premiere
Ref: 064
Rodada: 7

0 x 0

Santos Fc
Palmeiras
Data: 20/05/2023 - sábado às 21h00
Local: Vila Belmiro - Santos - SP
Transmissão: Premiere, SporTV
Ref: 061
Rodada: 7

1 x 0

Flamengo
Corinthians
Data: 21/05/2023 - domingo às 16h00
Local: Maracanã - Rio de Janeiro - RJ
Transmissão: Globo, Premiere
Ref: 067
Rodada: 7

3 x 1

Grêmio
Internacional
Data: 21/05/2023 - domingo às 18h30
Local: Arena do Grêmio - Porto Alegre - RS
Transmissão: Premiere
Ref: 066
Rodada: 7

0 x 1

Cruzeiro Saf
Cuiabá Saf
Data: 22/05/2023 - segunda-feira às 20h00
Local: Arena do Jacaré - Sete Lagoas - MG
Transmissão: Premiere, SporTV
Ref: 079
Rodada: 8

2 x 0

Fortaleza
Vasco da Gama S.a.f.
Data: 27/05/2023 - sábado às 16h00
Local: Arena Castelão - Fortaleza - CE
Transmissão: Premiere
Ref: 078
Rodada: 8

1 x 2

Athletico Paranaense
Grêmio
Data: 27/05/2023 - sábado às 16h00
Local: Arena da Baixada - Curitiba - PR
Transmissão: Rede Furacão
Ref: 071
Rodada: 8

1 x 1

Flamengo
Cruzeiro Saf
Data: 27/05/2023 - sábado às 18h30
Local: Maracanã - Rio de Janeiro - RJ
Transmissão: Premiere
Ref: 080
Rodada: 8

1 x 1

Cuiabá Saf
Coritiba S.a.f.
Data: 27/05/2023 - sábado às 18h30
Local: Arena Pantanal - Cuiaba - MT
Transmissão: Premiere
Ref: 073
Rodada: 8

2 x 1

São Paulo
Goiás
Data: 27/05/2023 - sábado às 21h00
Local: Morumbi - Sao Paulo - SP
Transmissão: Premiere, SporTV
Ref: 074
Rodada: 8

2 x 0

Corinthians
Fluminense
Data: 28/05/2023 - domingo às 16h00
Local: Neo Química Arena - Sao Paulo - SP
Transmissão: Globo, Premiere
Ref: 077
Rodada: 8

2 x 0

Internacional
Bahia
Data: 28/05/2023 - domingo às 16h00
Local: Beira-Rio - Porto Alegre - RS
Transmissão: Globo, Premiere
Ref: 075
Rodada: 8

2 x 0

Red Bull Bragantino
Santos Fc
Data: 28/05/2023 - domingo às 18h30
Local: Nabi Abi Chedid - Braganca Paulista - SP
Transmissão: Premiere
Ref: 076
Rodada: 8

1 x 1

Atlético Mineiro Saf
Palmeiras
Data: 28/05/2023 - domingo às 18h30
Local: Mineirão - Belo Horizonte - MG
Transmissão: Premiere
Ref: 072
Rodada: 8

2 x 0

Botafogo
America Saf
Data: 28/05/2023 - domingo às 19h00
Local: Nilton Santos - Rio de Janeiro - RJ
Transmissão: Premiere
Ref: 089
Rodada: 9

0 x 0

Fortaleza
Bahia
Data: 03/06/2023 - sábado às 16h00
Local: Arena Castelão - Fortaleza - CE
Transmissão: Premiere
Ref: 090
Rodada: 9

2 x 0

America Saf
Corinthians
Data: 03/06/2023 - sábado às 18h30
Local: Independência - Belo Horizonte - MG
Transmissão: Premiere
Ref: 088
Rodada: 9

1 x 0

Athletico Paranaense
Botafogo
Data: 03/06/2023 - sábado às 18h30
Local: Arena da Baixada - Curitiba - PR
Transmissão: Rede Furacão
Ref: 086
Rodada: 9

0 x 1

Cruzeiro Saf
Atlético Mineiro Saf
Data: 03/06/2023 - sábado às 18h30
Local: Parque do Sabiá - Uberlandia - MG
Transmissão: Premiere
Ref: 084
Rodada: 9

1 x 1

Santos Fc
Internacional
Data: 03/06/2023 - sábado às 21h00
Local: Vila Belmiro - Santos - SP
Transmissão: Premiere, SporTV
Ref: 081
Rodada: 9

2 x 1

Fluminense
Red Bull Bragantino
Data: 04/06/2023 - domingo às 16h00
Local: Maracanã - Rio de Janeiro - RJ
Transmissão: Globo, Premiere
Ref: 087
Rodada: 9

2 x 1

Grêmio
São Paulo
Data: 04/06/2023 - domingo às 16h00
Local: Arena do Grêmio - Porto Alegre - RS
Transmissão: Globo, Premiere
Ref: 083
Rodada: 9

3 x 1

Palmeiras
Coritiba S.a.f.
Data: 04/06/2023 - domingo às 18h30
Local: Allianz Parque - Sao Paulo - SP
Transmissão: Premiere, SporTV
Ref: 085
Rodada: 9

0 x 1

Goiás
Cuiabá Saf
Data: 04/06/2023 - domingo às 18h30
Local: Hailé Pinheiro - Goiania - GO
Transmissão: Premiere
Ref: 082
Rodada: 9

1 x 4

Vasco da Gama S.a.f.
Flamengo
Data: 05/06/2023 - segunda-feira às 20h00
Local: Maracanã - Rio de Janeiro - RJ
Transmissão: Premiere
Ref: 098
Rodada: 10

0 x 0

Coritiba S.a.f.
Santos Fc
Data: 10/06/2023 - sábado às 16h00
Local: Couto Pereira - Curitiba - PR
Transmissão: Premiere
Ref: 099
Rodada: 10

2 x 2

Bahia
Cruzeiro Saf
Data: 10/06/2023 - sábado às 18h30
Local: Arena Fonte Nova - Salvador - BA
Transmissão: Premiere, SporTV
Ref: 094
Rodada: 10

1 x 1

Corinthians
Cuiabá Saf
Data: 10/06/2023 - sábado às 18h30
Local: Neo Química Arena - Sao Paulo - SP
Ref: 096
Rodada: 10

1 x 1

Atlético Mineiro Saf
Red Bull Bragantino
Data: 10/06/2023 - sábado às 18h30
Local: Mineirão - Belo Horizonte - MG
Transmissão: Premiere
Ref: 092
Rodada: 10

2 x 0

Botafogo
Fortaleza
Data: 10/06/2023 - sábado às 21h00
Local: Nilton Santos - Rio de Janeiro - RJ
Transmissão: Premiere
Ref: 100
Rodada: 10

2 x 2

America Saf
Athletico Paranaense
Data: 11/06/2023 - domingo às 11h00
Local: Mineirão - Belo Horizonte - MG
Transmissão: Premiere
Ref: 097
Rodada: 10

2 x 1

Internacional
Vasco da Gama S.a.f.
Data: 11/06/2023 - domingo às 16h00
Local: Beira-Rio - Porto Alegre - RS
Transmissão: Globo, Premiere
Ref: 093
Rodada: 10

0 x 2

São Paulo
Palmeiras
Data: 11/06/2023 - domingo às 16h00
Local: Morumbi - Sao Paulo - SP
Ref: 095
Rodada: 10

2 x 2

Goiás
Fluminense
Data: 11/06/2023 - domingo às 18h30
Local: Hailé Pinheiro - Goiania - GO
Transmissão: Premiere, SporTV
Ref: 091
Rodada: 10

3 x 0

Flamengo
Grêmio
Data: 11/06/2023 - domingo às 18h30
Local: Maracanã - Rio de Janeiro - RJ
Transmissão: Premiere
Ref: 103
Rodada: 11

2 x 1

São Paulo
Athletico Paranaense
Data: 21/06/2023 - quarta-feira às 19h00
Local: Morumbi - Sao Paulo - SP
Transmissão: Premiere, SporTV
Ref: 106
Rodada: 11

0 x 1

Cruzeiro Saf
Fortaleza
Data: 21/06/2023 - quarta-feira às 19h00
Local: Mineirão - Belo Horizonte - MG
Transmissão: Premiere
Ref: 104
Rodada: 11

0 x 2

Santos Fc
Corinthians
Data: 21/06/2023 - quarta-feira às 20h00
Local: Vila Belmiro - Santos - SP
Transmissão: Premiere
Ref: 101
Rodada: 11

1 x 1

Fluminense
Atlético Mineiro Saf
Data: 21/06/2023 - quarta-feira às 21h30
Local: Raulino de Oliveira - Volta Redonda - RJ
Transmissão: Globo, Premiere
Ref: 109
Rodada: 11

1 x 0

Bahia
Palmeiras
Data: 21/06/2023 - quarta-feira às 21h30
Local: Arena Fonte Nova - Salvador - BA
Transmissão: Globo, Premiere
Ref: 107
Rodada: 11

3 x 1

Grêmio
America Saf
Data: 22/06/2023 - quinta-feira às 19h00
Local: Arena do Grêmio - Porto Alegre - RS
Transmissão: Premiere, SporTV
Ref: 108
Rodada: 11

0 x 1

Coritiba S.a.f.
Internacional
Data: 22/06/2023 - quinta-feira às 20h00
Local: Couto Pereira - Curitiba - PR
Transmissão: Premiere
Ref: 110
Rodada: 11

0 x 1

Cuiabá Saf
Botafogo
Data: 22/06/2023 - quinta-feira às 20h00
Local: Arena Pantanal - Cuiaba - MT
Transmissão: Premiere
Ref: 102
Rodada: 11

0 x 1

Vasco da Gama S.a.f.
Goiás
Data: 22/06/2023 - quinta-feira às 20h00
Local: São Januário - Rio de Janeiro - RJ
Transmissão: Premiere
Ref: 105
Rodada: 11

4 x 0

Red Bull Bragantino
Flamengo
Data: 22/06/2023 - quinta-feira às 21h30
Local: Nabi Abi Chedid - Braganca Paulista - SP
Transmissão: Premiere
Ref: 118
Rodada: 12

1 x 0

Athletico Paranaense
Corinthians
Data: 24/06/2023 - sábado às 16h00
Local: Arena da Baixada - Curitiba - PR
Transmissão: Rede Furacão
Ref: 111
Rodada: 12

2 x 1

Fluminense
Bahia
Data: 24/06/2023 - sábado às 18h30
Local: Maracanã - Rio de Janeiro - RJ
Transmissão: Premiere
Ref: 119
Rodada: 12

2 x 1

Fortaleza
Atlético Mineiro Saf
Data: 24/06/2023 - sábado às 18h30
Local: Arena Castelão - Fortaleza - CE
Transmissão: Premiere
Ref: 116
Rodada: 12

1 x 0

Cruzeiro Saf
São Paulo
Data: 24/06/2023 - sábado às 21h00
Local: Independência - Belo Horizonte - MG
Transmissão: Premiere, SporTV
Ref: 117
Rodada: 12

5 x 1

Grêmio
Coritiba S.a.f.
Data: 25/06/2023 - domingo às 16h00
Local: Arena do Grêmio - Porto Alegre - RS
Transmissão: Globo, Premiere
Ref: 113
Rodada: 12

0 x 1

Palmeiras
Botafogo
Data: 25/06/2023 - domingo às 16h00
Local: Allianz Parque - Sao Paulo - SP
Transmissão: Globo, Premiere
Ref: 114
Rodada: 12

2 x 3

Santos Fc
Flamengo
Data: 25/06/2023 - domingo às 18h30
Local: Vila Belmiro - Santos - SP
Transmissão: Premiere
Ref: 115
Rodada: 12

2 x 0

Red Bull Bragantino
Goiás
Data: 25/06/2023 - domingo às 18h30
Local: Nabi Abi Chedid - Braganca Paulista - SP
Transmissão: Premiere
Ref: 120
Rodada: 12

1 x 2

America Saf
Internacional
Data: 25/06/2023 - domingo às 18h30
Local: Independência - Belo Horizonte - MG
Transmissão: Premiere
Ref: 112
Rodada: 12

1 x 0

Vasco da Gama S.a.f.
Cuiabá Saf
Data: 26/06/2023 - segunda-feira às 21h00
Local: Luso Brasileiro - Rio de Janeiro - RJ
Transmissão: Premiere, SporTV
Ref: 123
Rodada: 13

1 x 0

São Paulo
Fluminense
Data: 01/07/2023 - sábado às 16h00
Local: Morumbi - Sao Paulo - SP
Transmissão: Premiere
Ref: 129
Rodada: 13

1 x 2

Bahia
Grêmio
Data: 01/07/2023 - sábado às 18h30
Local: Arena Fonte Nova - Salvador - BA
Transmissão: Premiere
Ref: 121
Rodada: 13

2 x 0

Flamengo
Fortaleza
Data: 01/07/2023 - sábado às 18h30
Local: Maracanã - Rio de Janeiro - RJ
Transmissão: Premiere
Ref: 127
Rodada: 13

0 x 0

Internacional
Cruzeiro Saf
Data: 01/07/2023 - sábado às 21h00
Local: Beira-Rio - Porto Alegre - RS
Transmissão: Premiere, SporTV
Ref: 124
Rodada: 13

0 x 1

Corinthians
Red Bull Bragantino
Data: 02/07/2023 - domingo às 11h00
Local: Neo Química Arena - Sao Paulo - SP
Transmissão: Premiere
Ref: 122
Rodada: 13

2 x 0

Botafogo
Vasco da Gama S.a.f.
Data: 02/07/2023 - domingo às 16h00
Local: Nilton Santos - Rio de Janeiro - RJ
Transmissão: Globo, Premiere
Ref: 126
Rodada: 13

2 x 2

Atlético Mineiro Saf
America Saf
Data: 02/07/2023 - domingo às 16h00
Local: Mineirão - Belo Horizonte - MG
Transmissão: Globo, Premiere
Ref: 128
Rodada: 13

2 x 2

Athletico Paranaense
Palmeiras
Data: 02/07/2023 - domingo às 16h00
Local: Arena da Baixada - Curitiba - PR
Transmissão: Rede Furacão
Ref: 130
Rodada: 13

3 x 0

Cuiabá Saf
Santos Fc
Data: 02/07/2023 - domingo às 18h30
Local: Arena Pantanal - Cuiaba - MT
Transmissão: Premiere, SporTV
Ref: 125
Rodada: 13

1 x 2

Goiás
Coritiba S.a.f.
Data: 03/07/2023 - segunda-feira às 20h00
Local: Hailé Pinheiro - Goiania - GO
Transmissão: Premiere
Ref: 140
Rodada: 14

1 x 1

Cuiabá Saf
Bahia
Data: 08/07/2023 - sábado às 16h00
Local: Arena Pantanal - Cuiaba - MT
Transmissão: Premiere
Ref: 132
Rodada: 14

0 x 1

Vasco da Gama S.a.f.
Cruzeiro Saf
Data: 08/07/2023 - sábado às 16h00
Local: São Januário - Rio de Janeiro - RJ
Transmissão: Premiere
Ref: 136
Rodada: 14

0 x 1

Atlético Mineiro Saf
Corinthians
Data: 08/07/2023 - sábado às 18h30
Local: Mineirão - Belo Horizonte - MG
Transmissão: Premiere
Ref: 138
Rodada: 14

3 x 1

Coritiba S.a.f.
America Saf
Data: 08/07/2023 - sábado às 18h30
Local: Couto Pereira - Curitiba - PR
Transmissão: Premiere
Ref: 133
Rodada: 14

1 x 1

Palmeiras
Flamengo
Data: 08/07/2023 - sábado às 21h00
Local: Allianz Parque - Sao Paulo - SP
Transmissão: Premiere, SporTV
Ref: 134
Rodada: 14

4 x 3

Santos Fc
Goiás
Data: 09/07/2023 - domingo às 11h00
Local: Vila Belmiro - Santos - SP
Transmissão: Premiere
Ref: 131
Rodada: 14

2 x 0

Fluminense
Internacional
Data: 09/07/2023 - domingo às 16h00
Local: Maracanã - Rio de Janeiro - RJ
Transmissão: Globo, Premiere
Ref: 135
Rodada: 14

0 x 0

Red Bull Bragantino
São Paulo
Data: 09/07/2023 - domingo às 16h00
Local: Nabi Abi Chedid - Braganca Paulista - SP
Transmissão: Globo, Premiere
Ref: 137
Rodada: 14

0 x 2

Grêmio
Botafogo
Data: 09/07/2023 - domingo às 18h30
Local: Arena do Grêmio - Porto Alegre - RS
Transmissão: Premiere, SporTV
Ref: 139
Rodada: 14

1 x 0

Fortaleza
Athletico Paranaense
Data: 09/07/2023 - domingo às 18h30
Local: Arena Castelão - Fortaleza - CE
Transmissão: Premiere
Ref: 142
Rodada: 15

2 x 0

Botafogo
Red Bull Bragantino
Data: 15/07/2023 - sábado às 21h00
Local: Nilton Santos - Rio de Janeiro - RJ
Transmissão: Premiere
Ref: 146
Rodada: 15

0 x 0

Cruzeiro Saf
Coritiba S.a.f.
Data: 16/07/2023 - domingo às 11h00
Local: Independência - Belo Horizonte - MG
Transmissão: Premiere
Ref: 141
Rodada: 15

0 x 0

Fluminense
Flamengo
Data: 16/07/2023 - domingo às 16h00
Local: Maracanã - Rio de Janeiro - RJ
Transmissão: Globo, Premiere
Ref: 149
Rodada: 15

0 x 1

Fortaleza
Cuiabá Saf
Data: 16/07/2023 - domingo às 16h00
Local: Arena Castelão - Fortaleza - CE
Transmissão: Globo, Premiere
Ref: 143
Rodada: 15

4 x 1

São Paulo
Santos Fc
Data: 16/07/2023 - domingo às 16h00
Local: Morumbi - Sao Paulo - SP
Transmissão: Globo, Premiere
Ref: 148
Rodada: 15

2 x 0

Athletico Paranaense
Bahia
Data: 16/07/2023 - domingo às 18h30
Local: Arena da Baixada - Curitiba - PR
Transmissão: Rede Furacão
Ref: 147
Rodada: 15

0 x 0

Internacional
Palmeiras
Data: 16/07/2023 - domingo às 18h30
Local: Beira-Rio - Porto Alegre - RS
Transmissão: Premiere
Ref: 145
Rodada: 15

0 x 0

Goiás
Atlético Mineiro Saf
Data: 17/07/2023 - segunda-feira às 20h00
Local: Hailé Pinheiro - Goiania - GO
Transmissão: Premiere, SporTV
Ref: 144
Rodada: 15

4 x 4

Corinthians
Grêmio
Data: 18/09/2023 - segunda-feira às 21h00
Local: Neo Química Arena - Sao Paulo - SP
Transmissão: Premiere
Ref: 150
Rodada: 15

0 x 1

America Saf
Vasco da Gama S.a.f.
Data: 25/09/2023 - segunda-feira às 20h00
Local: Independência - Belo Horizonte - MG
Transmissão: Premiere
Ref: 153
Rodada: 16

3 x 1

Palmeiras
Fortaleza
Data: 22/07/2023 - sábado às 16h00
Local: Allianz Parque - Sao Paulo - SP
Transmissão: Premiere
Ref: 151
Rodada: 16

1 x 1

Flamengo
America Saf
Data: 22/07/2023 - sábado às 16h00
Local: Maracanã - Rio de Janeiro - RJ
Transmissão: Premiere
Ref: 160
Rodada: 16

2 x 1

Cuiabá Saf
São Paulo
Data: 22/07/2023 - sábado às 18h30
Local: Arena Pantanal - Cuiaba - MT
Transmissão: Premiere
Ref: 159
Rodada: 16

0 x 0

Bahia
Corinthians
Data: 22/07/2023 - sábado às 18h30
Local: Arena Fonte Nova - Salvador - BA
Transmissão: Premiere
Ref: 157
Rodada: 16

1 x 0

Grêmio
Atlético Mineiro Saf
Data: 22/07/2023 - sábado às 21h00
Local: Arena do Grêmio - Porto Alegre - RS
Transmissão: Premiere, SporTV
Ref: 154
Rodada: 16

2 x 2

Santos Fc
Botafogo
Data: 23/07/2023 - domingo às 16h00
Local: Vila Belmiro - Santos - SP
Transmissão: Globo, Premiere
Ref: 155
Rodada: 16

0 x 0

Red Bull Bragantino
Internacional
Data: 23/07/2023 - domingo às 16h00
Local: Nabi Abi Chedid - Braganca Paulista - SP
Transmissão: Globo, Premiere
Ref: 156
Rodada: 16

0 x 1

Cruzeiro Saf
Goiás
Data: 23/07/2023 - domingo às 16h00
Local: Independência - Belo Horizonte - MG
Transmissão: Globo, Premiere
Ref: 152
Rodada: 16

0 x 2

Vasco da Gama S.a.f.
Athletico Paranaense
Data: 23/07/2023 - domingo às 18h30
Local: São Januário - Rio de Janeiro - RJ
Transmissão: Premiere, SporTV
Ref: 158
Rodada: 16

2 x 0

Coritiba S.a.f.
Fluminense
Data: 24/07/2023 - segunda-feira às 19h00
Local: Couto Pereira - Curitiba - PR
Transmissão: Premiere
Ref: 168
Rodada: 17

3 x 3

Athletico Paranaense
Cruzeiro Saf
Data: 29/07/2023 - sábado às 16h00
Local: Arena da Baixada - Curitiba - PR
Transmissão: Rede Furacão
Ref: 161
Rodada: 17

1 x 0

Fluminense
Santos Fc
Data: 29/07/2023 - sábado às 16h00
Local: Maracanã - Rio de Janeiro - RJ
Transmissão: Premiere
Ref: 167
Rodada: 17

1 x 2

Internacional
Cuiabá Saf
Data: 29/07/2023 - sábado às 16h00
Local: Beira-Rio - Porto Alegre - RS
Transmissão: Premiere
Ref: 169
Rodada: 17

0 x 3

Fortaleza
Red Bull Bragantino
Data: 29/07/2023 - sábado às 18h30
Local: Arena Castelão - Fortaleza - CE
Transmissão: Premiere
Ref: 164
Rodada: 17

3 x 1

Corinthians
Vasco da Gama S.a.f.
Data: 29/07/2023 - sábado às 18h30
Local: Neo Química Arena - Sao Paulo - SP
Transmissão: Premiere
Ref: 166
Rodada: 17

1 x 2

Atlético Mineiro Saf
Flamengo
Data: 29/07/2023 - sábado às 21h00
Local: Independência - Belo Horizonte - MG
Transmissão: Premiere, SporTV
Ref: 163
Rodada: 17

0 x 0

São Paulo
Bahia
Data: 30/07/2023 - domingo às 11h00
Local: Morumbi - Sao Paulo - SP
Transmissão: Premiere
Ref: 170
Rodada: 17

1 x 4

America Saf
Palmeiras
Data: 30/07/2023 - domingo às 16h00
Local: Independência - Belo Horizonte - MG
Transmissão: Globo, Premiere
Ref: 162
Rodada: 17

4 x 1

Botafogo
Coritiba S.a.f.
Data: 30/07/2023 - domingo às 16h00
Local: Nilton Santos - Rio de Janeiro - RJ
Transmissão: Globo, Premiere
Ref: 165
Rodada: 17

1 x 1

Goiás
Grêmio
Data: 30/07/2023 - domingo às 18h30
Local: Hailé Pinheiro - Goiania - GO
Transmissão: Premiere, SporTV
Ref: 174
Rodada: 18

1 x 1

Santos Fc
Athletico Paranaense
Data: 05/08/2023 - sábado às 16h00
Local: Vila Belmiro - Santos - SP
Transmissão: Premiere
Ref: 175
Rodada: 18

1 x 0

Goiás
Fortaleza
Data: 05/08/2023 - sábado às 18h30
Local: Hailé Pinheiro - Goiania - GO
Transmissão: Globo, Premiere
Ref: 177
Rodada: 18

2 x 2

Internacional
Corinthians
Data: 05/08/2023 - sábado às 18h30
Local: Beira-Rio - Porto Alegre - RS
Transmissão: Premiere
Ref: 171
Rodada: 18

2 x 1

Fluminense
Palmeiras
Data: 05/08/2023 - sábado às 21h00
Local: Maracanã - Rio de Janeiro - RJ
Transmissão: Premiere, SporTV
Ref: 172
Rodada: 18

1 x 0

Vasco da Gama S.a.f.
Grêmio
Data: 06/08/2023 - domingo às 16h00
Local: São Januário - Rio de Janeiro - RJ
Transmissão: Globo, Premiere
Ref: 173
Rodada: 18

0 x 2

São Paulo
Atlético Mineiro Saf
Data: 06/08/2023 - domingo às 16h00
Local: Morumbi - Sao Paulo - SP
Transmissão: Globo, Premiere
Ref: 178
Rodada: 18

0 x 1

Coritiba S.a.f.
Red Bull Bragantino
Data: 06/08/2023 - domingo às 18h30
Local: Couto Pereira - Curitiba - PR
Transmissão: Premiere
Ref: 176
Rodada: 18

0 x 0

Cruzeiro Saf
Botafogo
Data: 06/08/2023 - domingo às 18h30
Local: Mineirão - Belo Horizonte - MG
Transmissão: Premiere, SporTV
Ref: 179
Rodada: 18

3 x 1

Bahia
America Saf
Data: 06/08/2023 - domingo às 18h30
Local: Arena Fonte Nova - Salvador - BA
Transmissão: Premiere
Ref: 180
Rodada: 18

3 x 0

Cuiabá Saf
Flamengo
Data: 06/08/2023 - domingo às 20h00
Local: Arena Pantanal - Cuiaba - MT
Transmissão: Premiere
Ref: 182
Rodada: 19

3 x 1

Botafogo
Internacional
Data: 12/08/2023 - sábado às 21h00
Local: Nilton Santos - Rio de Janeiro - RJ
Transmissão: Premiere, SporTV
Ref: 186
Rodada: 19

1 x 0

Atlético Mineiro Saf
Bahia
Data: 13/08/2023 - domingo às 11h00
Local: Mineirão - Belo Horizonte - MG
Transmissão: Premiere
Ref: 184
Rodada: 19

3 x 1

Corinthians
Coritiba S.a.f.
Data: 13/08/2023 - domingo às 16h00
Local: Neo Química Arena - Sao Paulo - SP
Transmissão: Globo, Premiere
Ref: 187
Rodada: 19

2 x 1

Grêmio
Fluminense
Data: 13/08/2023 - domingo às 16h00
Local: Arena do Grêmio - Porto Alegre - RS
Transmissão: Globo, Premiere
Ref: 190
Rodada: 19

0 x 1

America Saf
Goiás
Data: 13/08/2023 - domingo às 16h00
Local: Independência - Belo Horizonte - MG
Transmissão: Premiere
Ref: 189
Rodada: 19

4 x 0

Fortaleza
Santos Fc
Data: 13/08/2023 - domingo às 18h30
Local: Arena Castelão - Fortaleza - CE
Transmissão: Premiere
Ref: 181
Rodada: 19

1 x 1

Flamengo
São Paulo
Data: 13/08/2023 - domingo às 18h30
Local: Maracanã - Rio de Janeiro - RJ
Transmissão: Premiere
Ref: 183
Rodada: 19

1 x 0

Palmeiras
Cruzeiro Saf
Data: 14/08/2023 - segunda-feira às 19h00
Local: Allianz Parque - Sao Paulo - SP
Transmissão: Premiere
Ref: 185
Rodada: 19

1 x 1

Red Bull Bragantino
Vasco da Gama S.a.f.
Data: 14/08/2023 - segunda-feira às 21h00
Local: Nabi Abi Chedid - Braganca Paulista - SP
Transmissão: Premiere, SporTV
Ref: 188
Rodada: 19

2 x 0

Athletico Paranaense
Cuiabá Saf
Data: 15/08/2023 - terça-feira às 20h00
Local: Arena da Baixada - Curitiba - PR
Transmissão: Rede Furacão
Fase Única
Returno
Ref: 197
Rodada: 20

0 x 1

Internacional
Fortaleza
Data: 19/08/2023 - sábado às 16h00
Local: Beira-Rio - Porto Alegre - RS
Transmissão: Premiere, SporTV
Ref: 193
Rodada: 20

0 x 0

São Paulo
Botafogo
Data: 19/08/2023 - sábado às 16h00
Local: Morumbi - Sao Paulo - SP
Transmissão: Premiere
Ref: 200
Rodada: 20

0 x 2

Cuiabá Saf
Palmeiras
Data: 19/08/2023 - sábado às 18h30
Local: Arena Pantanal - Cuiaba - MT
Transmissão: Premiere
Ref: 191
Rodada: 20

3 x 1

Fluminense
America Saf
Data: 19/08/2023 - sábado às 18h30
Local: Maracanã - Rio de Janeiro - RJ
Transmissão: Premiere
Ref: 196
Rodada: 20

1 x 1

Cruzeiro Saf
Corinthians
Data: 19/08/2023 - sábado às 21h00
Local: Mineirão - Belo Horizonte - MG
Transmissão: Premiere, SporTV
Ref: 192
Rodada: 20

1 x 0

Vasco da Gama S.a.f.
Atlético Mineiro Saf
Data: 20/08/2023 - domingo às 11h00
Local: Maracanã - Rio de Janeiro - RJ
Transmissão: Premiere
Ref: 199
Rodada: 20

4 x 0

Bahia
Red Bull Bragantino
Data: 20/08/2023 - domingo às 16h00
Local: Arena Fonte Nova - Salvador - BA
Transmissão: Globo, Premiere
Ref: 198
Rodada: 20

2 x 3

Coritiba S.a.f.
Flamengo
Data: 20/08/2023 - domingo às 16h00
Local: Couto Pereira - Curitiba - PR
Transmissão: Globo, Premiere
Ref: 194
Rodada: 20

2 x 1

Santos Fc
Grêmio
Data: 20/08/2023 - domingo às 16h00
Local: Vila Belmiro - Santos - SP
Transmissão: Globo, Premiere
Ref: 195
Rodada: 20

1 x 1

Goiás
Athletico Paranaense
Data: 21/08/2023 - segunda-feira às 20h00
Local: Hailé Pinheiro - Goiania - GO
Transmissão: Premiere
Ref: 201
Rodada: 21

0 x 0

Flamengo
Internacional
Data: 26/08/2023 - sábado às 18h30
Local: Maracanã - Rio de Janeiro - RJ
Transmissão: Premiere
Ref: 204
Rodada: 21

1 x 1

Corinthians
Goiás
Data: 26/08/2023 - sábado às 21h00
Local: Neo Química Arena - Sao Paulo - SP
Transmissão: Premiere, SporTV
Ref: 205
Rodada: 21

2 x 0

Red Bull Bragantino
Cuiabá Saf
Data: 27/08/2023 - domingo às 11h00
Local: Nabi Abi Chedid - Braganca Paulista - SP
Transmissão: Premiere
Ref: 206
Rodada: 21

2 x 0

Atlético Mineiro Saf
Santos Fc
Data: 27/08/2023 - domingo às 16h00
Local: ARENA MRV - Belo Horizonte - MG
Transmissão: Globo, Premiere
Ref: 210
Rodada: 21

2 x 1

America Saf
São Paulo
Data: 27/08/2023 - domingo às 16h00
Local: Independência - Belo Horizonte - MG
Transmissão: Globo, Premiere
Ref: 202
Rodada: 21

3 x 0

Botafogo
Bahia
Data: 27/08/2023 - domingo às 16h00
Local: Nilton Santos - Rio de Janeiro - RJ
Transmissão: Globo, Premiere
Ref: 208
Rodada: 21

2 x 2

Athletico Paranaense
Fluminense
Data: 27/08/2023 - domingo às 18h30
Local: Arena da Baixada - Curitiba - PR
Transmissão: Rede Furacão
Ref: 209
Rodada: 21

3 x 1

Fortaleza
Coritiba S.a.f.
Data: 27/08/2023 - domingo às 18h30
Local: Presidente Vargas - Fortaleza - CE
Transmissão: Premiere
Ref: 203
Rodada: 21

1 x 0

Palmeiras
Vasco da Gama S.a.f.
Data: 27/08/2023 - domingo às 18h30
Local: Allianz Parque - Sao Paulo - SP
Transmissão: Premiere
Ref: 207
Rodada: 21

3 x 0

Grêmio
Cruzeiro Saf
Data: 27/08/2023 - domingo às 19h00
Local: Arena do Grêmio - Porto Alegre - RS
Transmissão: Premiere, SporTV
Ref: 218
Rodada: 22

1 x 1

Athletico Paranaense
Atlético Mineiro Saf
Data: 02/09/2023 - sábado às 16h00
Local: Arena da Baixada - Curitiba - PR
Transmissão: Rede Furacão
Ref: 215
Rodada: 22

0 x 0

Goiás
Internacional
Data: 02/09/2023 - sábado às 16h00
Local: Hailé Pinheiro - Goiania - GO
Transmissão: Premiere
Ref: 212
Rodada: 22

1 x 2

Botafogo
Flamengo
Data: 02/09/2023 - sábado às 21h00
Local: Nilton Santos - Rio de Janeiro - RJ
Transmissão: Premiere, SporTV
Ref: 217
Rodada: 22

2 x 0

Grêmio
Cuiabá Saf
Data: 03/09/2023 - domingo às 11h00
Local: Arena do Grêmio - Porto Alegre - RS
Transmissão: Premiere
Ref: 211
Rodada: 22

1 x 0

Fluminense
Fortaleza
Data: 03/09/2023 - domingo às 16h00
Local: Raulino de Oliveira - Volta Redonda - RJ
Transmissão: Globo, Premiere
Ref: 214
Rodada: 22

0 x 0

Corinthians
Palmeiras
Data: 03/09/2023 - domingo às 16h00
Local: Neo Química Arena - Sao Paulo - SP
Transmissão: Globo, Premiere
Ref: 216
Rodada: 22

0 x 0

Cruzeiro Saf
Red Bull Bragantino
Data: 03/09/2023 - domingo às 18h30
Local: Mineirão - Belo Horizonte - MG
Transmissão: Premiere
Ref: 219
Rodada: 22

1 x 1

Bahia
Vasco da Gama S.a.f.
Data: 03/09/2023 - domingo às 18h30
Local: Arena Fonte Nova - Salvador - BA
Transmissão: Premiere, SporTV
Ref: 220
Rodada: 22

2 x 0

America Saf
Santos Fc
Data: 03/09/2023 - domingo às 18h30
Local: Independência - Belo Horizonte - MG
Transmissão: Premiere
Ref: 213
Rodada: 22

2 x 1

São Paulo
Coritiba S.a.f.
Data: 27/09/2023 - quarta-feira às 19h00
Local: Morumbi - Sao Paulo - SP
Transmissão: Premiere
Ref: 227
Rodada: 23

2 x 1

Internacional
São Paulo
Data: 13/09/2023 - quarta-feira às 21h30
Local: Beira-Rio - Porto Alegre - RS
Transmissão: Globo, Premiere
Ref: 221
Rodada: 23

0 x 3

Flamengo
Athletico Paranaense
Data: 13/09/2023 - quarta-feira às 21h30
Local: Kleber Andrade - Cariacica - ES
Transmissão: Globo, Premiere
Ref: 224
Rodada: 23

0 x 3

Santos Fc
Cruzeiro Saf
Data: 14/09/2023 - quinta-feira às 19h00
Local: Vila Belmiro - Santos - SP
Transmissão: Premiere
Ref: 229
Rodada: 23

2 x 1

Fortaleza
Corinthians
Data: 14/09/2023 - quinta-feira às 19h00
Local: Arena Castelão - Fortaleza - CE
Transmissão: Premiere
Ref: 228
Rodada: 23

2 x 4

Coritiba S.a.f.
Bahia
Data: 14/09/2023 - quinta-feira às 20h00
Local: Couto Pereira - Curitiba - PR
Transmissão: Premiere
Ref: 225
Rodada: 23

2 x 0

Red Bull Bragantino
Grêmio
Data: 14/09/2023 - quinta-feira às 21h30
Local: Nabi Abi Chedid - Braganca Paulista - SP
Transmissão: Premiere, SporTV
Ref: 230
Rodada: 23

2 x 2

Cuiabá Saf
America Saf
Data: 15/09/2023 - sexta-feira às 20h00
Local: Arena Pantanal - Cuiaba - MT
Transmissão: Premiere
Ref: 223
Rodada: 23

1 x 0

Palmeiras
Goiás
Data: 15/09/2023 - sexta-feira às 21h30
Local: Allianz Parque - Sao Paulo - SP
Transmissão: Premiere
Ref: 222
Rodada: 23

4 x 2

Vasco da Gama S.a.f.
Fluminense
Data: 16/09/2023 - sábado às 16h00
Local: Nilton Santos - Rio de Janeiro - RJ
Transmissão: Premiere
Ref: 226
Rodada: 23

1 x 0

Atlético Mineiro Saf
Botafogo
Data: 16/09/2023 - sábado às 21h00
Local: ARENA MRV - Belo Horizonte - MG
Transmissão: Premiere, SporTV
Ref: 239
Rodada: 24

1 x 2

Bahia
Santos Fc
Data: 18/09/2023 - segunda-feira às 20h00
Local: Arena Fonte Nova - Salvador - BA
Transmissão: Premiere
Ref: 240
Rodada: 24

0 x 2

America Saf
Red Bull Bragantino
Data: 19/09/2023 - terça-feira às 21h30
Local: Independência - Belo Horizonte - MG
Transmissão: Premiere
Ref: 235
Rodada: 24

0 x 0

Goiás
Flamengo
Data: 20/09/2023 - quarta-feira às 19h00
Local: Hailé Pinheiro - Goiania - GO
Transmissão: Premiere
Ref: 233
Rodada: 24

1 x 2

São Paulo
Fortaleza
Data: 20/09/2023 - quarta-feira às 21h30
Local: Morumbi - Sao Paulo - SP
Transmissão: Globo, Premiere
Ref: 231
Rodada: 24

1 x 0

Fluminense
Cruzeiro Saf
Data: 20/09/2023 - quarta-feira às 21h30
Local: Maracanã - Rio de Janeiro - RJ
Transmissão: Globo, Premiere
Ref: 232
Rodada: 24

5 x 1

Vasco da Gama S.a.f.
Coritiba S.a.f.
Data: 21/09/2023 - quinta-feira às 19h00
Local: São Januário - Rio de Janeiro - RJ
Transmissão: Premiere
Ref: 238
Rodada: 24

2 x 1

Athletico Paranaense
Internacional
Data: 21/09/2023 - quinta-feira às 19h30
Local: Arena da Baixada - Curitiba - PR
Transmissão: Rede Furacão
Ref: 237
Rodada: 24

1 x 0

Grêmio
Palmeiras
Data: 21/09/2023 - quinta-feira às 21h30
Local: Arena do Grêmio - Porto Alegre - RS
Transmissão: Premiere, SporTV
Ref: 234
Rodada: 24

1 x 0

Corinthians
Botafogo
Data: 22/09/2023 - sexta-feira às 20h00
Local: Neo Química Arena - Sao Paulo - SP
Transmissão: Premiere
Ref: 236
Rodada: 24

1 x 0

Atlético Mineiro Saf
Cuiabá Saf
Data: 23/09/2023 - sábado às 21h00
Local: ARENA MRV - Belo Horizonte - MG
Transmissão: Premiere, SporTV
Ref: 241
Rodada: 25

1 x 0

Flamengo
Bahia
Data: 30/09/2023 - sábado às 16h00
Local: Maracanã - Rio de Janeiro - RJ
Transmissão: Premiere
Ref: 249
Rodada: 25

1 x 1

Fortaleza
Grêmio
Data: 30/09/2023 - sábado às 16h00
Local: Arena Castelão - Fortaleza - CE
Transmissão: Premiere
Ref: 243
Rodada: 25

2 x 1

São Paulo
Corinthians
Data: 30/09/2023 - sábado às 18h30
Local: Morumbi - Sao Paulo - SP
Transmissão: Premiere
Ref: 250
Rodada: 25

3 x 0

Cuiabá Saf
Fluminense
Data: 30/09/2023 - sábado às 18h30
Local: Arena Pantanal - Cuiaba - MT
Transmissão: Premiere
Ref: 247
Rodada: 25

0 x 2

Internacional
Atlético Mineiro Saf
Data: 30/09/2023 - sábado às 21h00
Local: Beira-Rio - Porto Alegre - RS
Transmissão: Premiere, SporTV
Ref: 244
Rodada: 25

4 x 1

Santos Fc
Vasco da Gama S.a.f.
Data: 01/10/2023 - domingo às 16h00
Local: Vila Belmiro - Santos - SP
Transmissão: Globo, Premiere
Ref: 248
Rodada: 25

2 x 0

Coritiba S.a.f.
Athletico Paranaense
Data: 01/10/2023 - domingo às 16h00
Local: Couto Pereira - Curitiba - PR
Transmissão: Globo, Premiere
Ref: 246
Rodada: 25

1 x 1

Cruzeiro Saf
America Saf
Data: 01/10/2023 - domingo às 16h00
Local: Mineirão - Belo Horizonte - MG
Transmissão: Globo, Premiere
Ref: 245
Rodada: 25

2 x 1

Red Bull Bragantino
Palmeiras
Data: 01/10/2023 - domingo às 18h30
Local: Nabi Abi Chedid - Braganca Paulista - SP
Transmissão: Premiere
Ref: 242
Rodada: 25

1 x 1

Botafogo
Goiás
Data: 02/10/2023 - segunda-feira às 20h00
Local: Nilton Santos - Rio de Janeiro - RJ
Transmissão: Premiere, SporTV
Ref: 255
Rodada: 26

4 x 6

Goiás
Bahia
Data: 07/10/2023 - sábado às 16h00
Local: Hailé Pinheiro - Goiania - GO
Transmissão: Premiere
Ref: 252
Rodada: 26

0 x 0

Vasco da Gama S.a.f.
São Paulo
Data: 07/10/2023 - sábado às 18h30
Local: São Januário - Rio de Janeiro - RJ
Transmissão: Premiere
Ref: 254
Rodada: 26

1 x 1

Corinthians
Flamengo
Data: 07/10/2023 - sábado às 21h00
Local: Neo Química Arena - Sao Paulo - SP
Transmissão: Premiere, SporTV
Ref: 253
Rodada: 26

1 x 2

Palmeiras
Santos Fc
Data: 08/10/2023 - domingo às 16h00
Local: Arena Barueri - Barueri - SP
Transmissão: Globo, Premiere
Ref: 257
Rodada: 26

3 x 2

Internacional
Grêmio
Data: 08/10/2023 - domingo às 16h00
Local: Beira-Rio - Porto Alegre - RS
Transmissão: Globo, Premiere
Ref: 251
Rodada: 26

0 x 2

Fluminense
Botafogo
Data: 08/10/2023 - domingo às 16h00
Local: Maracanã - Rio de Janeiro - RJ
Transmissão: Globo, Premiere
Ref: 259
Rodada: 26

3 x 2

Fortaleza
America Saf
Data: 08/10/2023 - domingo às 18h30
Local: Arena Castelão - Fortaleza - CE
Transmissão: Premiere
Ref: 256
Rodada: 26

1 x 2

Atlético Mineiro Saf
Coritiba S.a.f.
Data: 08/10/2023 - domingo às 18h30
Local: ARENA MRV - Belo Horizonte - MG
Transmissão: Premiere
Ref: 258
Rodada: 26

1 x 1

Athletico Paranaense
Red Bull Bragantino
Data: 08/10/2023 - domingo às 18h30
Local: Arena da Baixada - Curitiba - PR
Transmissão: Rede Furacão
Ref: 260
Rodada: 26

0 x 0

Cuiabá Saf
Cruzeiro Saf
Data: 14/10/2023 - sábado às 21h00
Local: Arena Pantanal - Cuiaba - MT
Transmissão: Premiere, SporTV
Ref: 267
Rodada: 27

1 x 2

Grêmio
Athletico Paranaense
Data: 18/10/2023 - quarta-feira às 19h00
Local: Arena do Grêmio - Porto Alegre - RS
Transmissão: Premiere, SporTV
Ref: 270
Rodada: 27

1 x 2

America Saf
Botafogo
Data: 18/10/2023 - quarta-feira às 20h00
Local: Independência - Belo Horizonte - MG
Transmissão: Premiere
Ref: 268
Rodada: 27

0 x 3

Coritiba S.a.f.
Cuiabá Saf
Data: 18/10/2023 - quarta-feira às 20h00
Local: Couto Pereira - Curitiba - PR
Transmissão: Premiere
Ref: 262
Rodada: 27

1 x 0

Vasco da Gama S.a.f.
Fortaleza
Data: 18/10/2023 - quarta-feira às 21h30
Local: São Januário - Rio de Janeiro - RJ
Transmissão: Globo, Premiere
Ref: 269
Rodada: 27

1 x 0

Bahia
Internacional
Data: 18/10/2023 - quarta-feira às 21h30
Local: Arena Fonte Nova - Salvador - BA
Transmissão: Globo, Premiere
Ref: 265
Rodada: 27

2 x 0

Goiás
São Paulo
Data: 18/10/2023 - quarta-feira às 21h30
Local: Hailé Pinheiro - Goiania - GO
Transmissão: Globo, Premiere
Ref: 263
Rodada: 27

0 x 2

Palmeiras
Atlético Mineiro Saf
Data: 19/10/2023 - quinta-feira às 19h00
Local: Allianz Parque - Sao Paulo - SP
Transmissão: Premiere
Ref: 266
Rodada: 27

0 x 2

Cruzeiro Saf
Flamengo
Data: 19/10/2023 - quinta-feira às 19h00
Local: Mineirão - Belo Horizonte - MG
Transmissão: Premiere
Ref: 264
Rodada: 27

1 x 3

Santos Fc
Red Bull Bragantino
Data: 19/10/2023 - quinta-feira às 20h00
Local: Vila Belmiro - Santos - SP
Transmissão: Premiere
Ref: 261
Rodada: 27

3 x 3

Fluminense
Corinthians
Data: 19/10/2023 - quinta-feira às 21h30
Local: Maracanã - Rio de Janeiro - RJ
Transmissão: Premiere, SporTV
Ref: 273
Rodada: 28

3 x 0

São Paulo
Grêmio
Data: 21/10/2023 - sábado às 18h30
Local: Morumbi - Sao Paulo - SP
Transmissão: Premiere
Ref: 279
Rodada: 28

2 x 0

Bahia
Fortaleza
Data: 21/10/2023 - sábado às 18h30
Local: Arena Fonte Nova - Salvador - BA
Transmissão: Premiere
Ref: 280
Rodada: 28

1 x 1

Cuiabá Saf
Goiás
Data: 21/10/2023 - sábado às 18h30
Local: Arena Pantanal - Cuiaba - MT
Transmissão: Premiere
Ref: 272
Rodada: 28

1 x 1

Botafogo
Athletico Paranaense
Data: 22/10/2023 - domingo às 15h00
Local: Nilton Santos - Rio de Janeiro - RJ
Transmissão: Premiere, SporTV
Ref: 271
Rodada: 28

1 x 0

Flamengo
Vasco da Gama S.a.f.
Data: 22/10/2023 - domingo às 16h00
Local: Maracanã - Rio de Janeiro - RJ
Transmissão: Globo, Premiere
Ref: 277
Rodada: 28

7 x 1

Internacional
Santos Fc
Data: 22/10/2023 - domingo às 16h00
Local: Beira-Rio - Porto Alegre - RS
Transmissão: Globo, Premiere
Ref: 276
Rodada: 28

0 x 1

Atlético Mineiro Saf
Cruzeiro Saf
Data: 22/10/2023 - domingo às 16h00
Local: ARENA MRV - Belo Horizonte - MG
Transmissão: Globo, Premiere
Ref: 278
Rodada: 28

0 x 2

Coritiba S.a.f.
Palmeiras
Data: 22/10/2023 - domingo às 18h30
Local: Couto Pereira - Curitiba - PR
Transmissão: Premiere
Ref: 275
Rodada: 28

1 x 0

Red Bull Bragantino
Fluminense
Data: 22/10/2023 - domingo às 18h30
Local: Nabi Abi Chedid - Braganca Paulista - SP
Transmissão: Premiere
Ref: 274
Rodada: 28

1 x 1

Corinthians
America Saf
Data: 22/10/2023 - domingo às 18h30
Local: Neo Química Arena - Sao Paulo - SP
Transmissão: Premiere
Ref: 285
Rodada: 29

1 x 2

Red Bull Bragantino
Atlético Mineiro Saf
Data: 25/10/2023 - quarta-feira às 19h00
Local: Nabi Abi Chedid - Braganca Paulista - SP
Transmissão: Premiere
Ref: 288
Rodada: 29

3 x 2

Athletico Paranaense
America Saf
Data: 25/10/2023 - quarta-feira às 19h00
Local: Arena da Baixada - Curitiba - PR
Transmissão: Rede Furacão
Ref: 281
Rodada: 29

5 x 3

Fluminense
Goiás
Data: 25/10/2023 - quarta-feira às 19h00
Local: Raulino de Oliveira - Volta Redonda - RJ
Transmissão: Premiere, SporTV
Ref: 283
Rodada: 29

5 x 0

Palmeiras
São Paulo
Data: 25/10/2023 - quarta-feira às 20h00
Local: Allianz Parque - Sao Paulo - SP
Transmissão: Globo, Premiere
Ref: 286
Rodada: 29

3 x 0

Cruzeiro Saf
Bahia
Data: 25/10/2023 - quarta-feira às 20h00
Local: Mineirão - Belo Horizonte - MG
Transmissão: Premiere
Ref: 287
Rodada: 29

3 x 2

Grêmio
Flamengo
Data: 25/10/2023 - quarta-feira às 21h30
Local: Arena do Grêmio - Porto Alegre - RS
Transmissão: Globo, Premiere
Ref: 290
Rodada: 29

0 x 1

Cuiabá Saf
Corinthians
Data: 25/10/2023 - quarta-feira às 21h30
Local: Arena Pantanal - Cuiaba - MT
Transmissão: Premiere
Ref: 282
Rodada: 29

1 x 2

Vasco da Gama S.a.f.
Internacional
Data: 26/10/2023 - quinta-feira às 19h00
Local: São Januário - Rio de Janeiro - RJ
Transmissão: Premiere, SporTV
Ref: 284
Rodada: 29

2 x 1

Santos Fc
Coritiba S.a.f.
Data: 26/10/2023 - quinta-feira às 21h30
Local: Vila Belmiro - Santos - SP
Transmissão: Premiere
Ref: 289
Rodada: 29

2 x 2

Fortaleza
Botafogo
Data: 23/11/2023 - quinta-feira às 19h00
Local: Arena Castelão - Fortaleza - CE
Transmissão: Premiere
Ref: 300
Rodada: 30

3 x 4

America Saf
Grêmio
Data: 28/10/2023 - sábado às 19h00
Local: Independência - Belo Horizonte - MG
Transmissão: Premiere
Ref: 293
Rodada: 30

1 x 0

Palmeiras
Bahia
Data: 28/10/2023 - sábado às 19h00
Local: Allianz Parque - Sao Paulo - SP
Transmissão: Premiere
Ref: 296
Rodada: 30

2 x 0

Atlético Mineiro Saf
Fluminense
Data: 28/10/2023 - sábado às 21h00
Local: ARENA MRV - Belo Horizonte - MG
Transmissão: Premiere, SporTV
Ref: 295
Rodada: 30

1 x 1

Goiás
Vasco da Gama S.a.f.
Data: 29/10/2023 - domingo às 16h00
Local: Hailé Pinheiro - Goiania - GO
Transmissão: Globo, Premiere
Ref: 298
Rodada: 30

1 x 1

Athletico Paranaense
São Paulo
Data: 29/10/2023 - domingo às 16h00
Local: Arena da Baixada - Curitiba - PR
Transmissão: Globo, Rede Furacão
Ref: 294
Rodada: 30

1 x 1

Corinthians
Santos Fc
Data: 29/10/2023 - domingo às 18h30
Local: Neo Química Arena - Sao Paulo - SP
Transmissão: Premiere
Ref: 297
Rodada: 30

3 x 4

Internacional
Coritiba S.a.f.
Data: 29/10/2023 - domingo às 18h30
Local: Beira-Rio - Porto Alegre - RS
Transmissão: Premiere
Ref: 292
Rodada: 30

0 x 1

Botafogo
Cuiabá Saf
Data: 29/10/2023 - domingo às 20h00
Local: Nilton Santos - Rio de Janeiro - RJ
Transmissão: Premiere, SporTV
Ref: 299
Rodada: 30

0 x 1

Fortaleza
Cruzeiro Saf
Data: 18/11/2023 - sábado às 18h30
Local: Arena Castelão - Fortaleza - CE
Ref: 291
Rodada: 30

1 x 0

Flamengo
Red Bull Bragantino
Data: 23/11/2023 - quinta-feira às 21h30
Local: Maracanã - Rio de Janeiro - RJ
Ref: 309
Rodada: 31

1 x 0

Bahia
Fluminense
Data: 31/10/2023 - terça-feira às 19h00
Local: Arena Fonte Nova - Salvador - BA
Transmissão: Premiere
Ref: 304
Rodada: 31

1 x 0

Corinthians
Athletico Paranaense
Data: 01/11/2023 - quarta-feira às 19h00
Local: Neo Química Arena - Sao Paulo - SP
Transmissão: Premiere
Ref: 307
Rodada: 31

1 x 1

Internacional
America Saf
Data: 01/11/2023 - quarta-feira às 19h00
Local: Beira-Rio - Porto Alegre - RS
Transmissão: Premiere
Ref: 301
Rodada: 31

1 x 2

Flamengo
Santos Fc
Data: 01/11/2023 - quarta-feira às 20h00
Local: Mané Garrincha - Brasilia - DF
Transmissão: Premiere
Ref: 308
Rodada: 31

1 x 2

Coritiba S.a.f.
Grêmio
Data: 01/11/2023 - quarta-feira às 20h00
Local: Couto Pereira - Curitiba - PR
Transmissão: Premiere
Ref: 302
Rodada: 31

3 x 4

Botafogo
Palmeiras
Data: 01/11/2023 - quarta-feira às 21h30
Local: Nilton Santos - Rio de Janeiro - RJ
Transmissão: Globo, Premiere
Ref: 306
Rodada: 31

3 x 1

Atlético Mineiro Saf
Fortaleza
Data: 01/11/2023 - quarta-feira às 21h30
Local: ARENA MRV - Belo Horizonte - MG
Transmissão: Globo, Premiere
Ref: 310
Rodada: 31

0 x 2

Cuiabá Saf
Vasco da Gama S.a.f.
Data: 02/11/2023 - quinta-feira às 17h00
Local: Arena Pantanal - Cuiaba - MT
Transmissão: Premiere, SporTV
Ref: 305
Rodada: 31

0 x 2

Goiás
Red Bull Bragantino
Data: 02/11/2023 - quinta-feira às 18h00
Local: Hailé Pinheiro - Goiania - GO
Transmissão: Premiere
Ref: 303
Rodada: 31

1 x 0

São Paulo
Cruzeiro Saf
Data: 02/11/2023 - quinta-feira às 20h00
Local: Morumbi - Sao Paulo - SP
Transmissão: Premiere, SporTV
Ref: 317
Rodada: 32

1 x 0

Grêmio
Bahia
Data: 04/11/2023 - sábado às 19h30
Local: Arena do Grêmio - Porto Alegre - RS
Transmissão: Premiere
Ref: 320
Rodada: 32

1 x 1

America Saf
Atlético Mineiro Saf
Data: 04/11/2023 - sábado às 19h30
Local: Parque do Sabiá - Uberlandia - MG
Transmissão: Premiere
Ref: 313
Rodada: 32

1 x 0

Palmeiras
Athletico Paranaense
Data: 04/11/2023 - sábado às 21h30
Local: Arena Barueri - Barueri - SP
Transmissão: Premiere, SporTV
Ref: 315
Rodada: 32

1 x 0

Red Bull Bragantino
Corinthians
Data: 05/11/2023 - domingo às 16h00
Local: Nabi Abi Chedid - Braganca Paulista - SP
Transmissão: Globo, Premiere
Ref: 319
Rodada: 32

0 x 2

Fortaleza
Flamengo
Data: 05/11/2023 - domingo às 16h00
Local: Arena Castelão - Fortaleza - CE
Transmissão: Premiere
Ref: 316
Rodada: 32

1 x 2

Cruzeiro Saf
Internacional
Data: 05/11/2023 - domingo às 16h00
Local: Mineirão - Belo Horizonte - MG
Transmissão: Globo, Premiere
Ref: 318
Rodada: 32

0 x 1

Coritiba S.a.f.
Goiás
Data: 05/11/2023 - domingo às 18h30
Local: Couto Pereira - Curitiba - PR
Transmissão: Premiere
Ref: 312
Rodada: 32

1 x 0

Vasco da Gama S.a.f.
Botafogo
Data: 06/11/2023 - segunda-feira às 19h00
Local: São Januário - Rio de Janeiro - RJ
Transmissão: Globo, Premiere
Ref: 314
Rodada: 32

0 x 0

Santos Fc
Cuiabá Saf
Data: 06/11/2023 - segunda-feira às 21h00
Local: Vila Belmiro - Santos - SP
Transmissão: Premiere, SporTV
Ref: 311
Rodada: 32

1 x 0

Fluminense
São Paulo
Data: 22/11/2023 - quarta-feira às 21h30
Local: Maracanã - Rio de Janeiro - RJ
Transmissão: Globo, Premiere
Ref: 330
Rodada: 33

0 x 3

America Saf
Coritiba S.a.f.
Data: 08/11/2023 - quarta-feira às 19h00
Local: Independência - Belo Horizonte - MG
Transmissão: Premiere
Ref: 327
Rodada: 33

0 x 0

Internacional
Fluminense
Data: 08/11/2023 - quarta-feira às 19h00
Local: Beira-Rio - Porto Alegre - RS
Transmissão: Premiere, SporTV
Ref: 323
Rodada: 33

1 x 0

São Paulo
Red Bull Bragantino
Data: 08/11/2023 - quarta-feira às 20h00
Local: Vila Belmiro - Santos - SP
Transmissão: Premiere
Ref: 328
Rodada: 33

1 x 1

Athletico Paranaense
Fortaleza
Data: 08/11/2023 - quarta-feira às 20h00
Local: Arena da Baixada - Curitiba - PR
Transmissão: Rede Furacão
Ref: 321
Rodada: 33

3 x 0

Flamengo
Palmeiras
Data: 08/11/2023 - quarta-feira às 21h30
Local: Maracanã - Rio de Janeiro - RJ
Transmissão: Globo, Premiere
Ref: 324
Rodada: 33

1 x 1

Corinthians
Atlético Mineiro Saf
Data: 09/11/2023 - quinta-feira às 19h00
Local: Neo Química Arena - Sao Paulo - SP
Transmissão: Premiere
Ref: 325
Rodada: 33

0 x 1

Goiás
Santos Fc
Data: 09/11/2023 - quinta-feira às 19h00
Local: Hailé Pinheiro - Goiania - GO
Transmissão: Premiere
Ref: 329
Rodada: 33

0 x 3

Bahia
Cuiabá Saf
Data: 09/11/2023 - quinta-feira às 20h00
Local: Arena Fonte Nova - Salvador - BA
Transmissão: Premiere
Ref: 322
Rodada: 33

3 x 4

Botafogo
Grêmio
Data: 09/11/2023 - quinta-feira às 20h00
Local: São Januário - Rio de Janeiro - RJ
Transmissão: Premiere, SporTV
Ref: 326
Rodada: 33

2 x 2

Cruzeiro Saf
Vasco da Gama S.a.f.
Data: 22/11/2023 - quarta-feira às 19h00
Local: Mineirão - Belo Horizonte - MG
Transmissão: Premiere
Ref: 338
Rodada: 34

1 x 0

Coritiba S.a.f.
Cruzeiro Saf
Data: 11/11/2023 - sábado às 16h00
Local: Durival Britto - Curitiba - PR
Transmissão: Premiere
Ref: 331
Rodada: 34

1 x 1

Flamengo
Fluminense
Data: 11/11/2023 - sábado às 18h30
Local: Maracanã - Rio de Janeiro - RJ
Transmissão: Premiere
Ref: 333
Rodada: 34

3 x 0

Palmeiras
Internacional
Data: 11/11/2023 - sábado às 21h00
Local: Arena Barueri - Barueri - SP
Transmissão: Premiere, SporTV
Ref: 335
Rodada: 34

2 x 2

Red Bull Bragantino
Botafogo
Data: 12/11/2023 - domingo às 16h00
Local: Nabi Abi Chedid - Braganca Paulista - SP
Transmissão: Globo, Premiere
Ref: 337
Rodada: 34

0 x 1

Grêmio
Corinthians
Data: 12/11/2023 - domingo às 16h00
Local: Arena do Grêmio - Porto Alegre - RS
Transmissão: Globo, Premiere
Ref: 334
Rodada: 34

0 x 0

Santos Fc
São Paulo
Data: 12/11/2023 - domingo às 18h30
Local: Vila Belmiro - Santos - SP
Transmissão: Premiere
Ref: 332
Rodada: 34

2 x 1

Vasco da Gama S.a.f.
America Saf
Data: 12/11/2023 - domingo às 18h30
Local: São Januário - Rio de Janeiro - RJ
Transmissão: Premiere
Ref: 336
Rodada: 34

2 x 1

Atlético Mineiro Saf
Goiás
Data: 12/11/2023 - domingo às 18h30
Local: ARENA MRV - Belo Horizonte - MG
Transmissão: Premiere
Ref: 340
Rodada: 34

2 x 1

Cuiabá Saf
Fortaleza
Data: 12/11/2023 - domingo às 18h30
Local: Arena Pantanal - Cuiaba - MT
Transmissão: Premiere
Ref: 339
Rodada: 34

1 x 1

Bahia
Athletico Paranaense
Data: 12/11/2023 - domingo às 18h30
Local: Arena Fonte Nova - Salvador - BA
Transmissão: Premiere, SporTV
Ref: 344
Rodada: 35

1 x 5

Corinthians
Bahia
Data: 24/11/2023 - sexta-feira às 21h00
Local: Neo Química Arena - Sao Paulo - SP
Transmissão: Premiere
Ref: 348
Rodada: 35

0 x 0

Athletico Paranaense
Vasco da Gama S.a.f.
Data: 25/11/2023 - sábado às 19h30
Local: Arena da Baixada - Curitiba - PR
Transmissão: Rede Furacão
Ref: 341
Rodada: 35

2 x 1

Fluminense
Coritiba S.a.f.
Data: 25/11/2023 - sábado às 21h00
Local: Maracanã - Rio de Janeiro - RJ
Transmissão: Premiere, SporTV
Ref: 346
Rodada: 35

3 x 0

Atlético Mineiro Saf
Grêmio
Data: 26/11/2023 - domingo às 16h00
Local: ARENA MRV - Belo Horizonte - MG
Transmissão: Globo, Premiere
Ref: 342
Rodada: 35

1 x 1

Botafogo
Santos Fc
Data: 26/11/2023 - domingo às 16h00
Local: Nilton Santos - Rio de Janeiro - RJ
Transmissão: Globo, Premiere
Ref: 347
Rodada: 35

1 x 0

Internacional
Red Bull Bragantino
Data: 26/11/2023 - domingo às 18h30
Local: Beira-Rio - Porto Alegre - RS
Transmissão: Premiere
Ref: 350
Rodada: 35

0 x 3

America Saf
Flamengo
Data: 26/11/2023 - domingo às 18h30
Local: Parque do Sabiá - Uberlandia - MG
Transmissão: Premiere
Ref: 349
Rodada: 35

2 x 2

Fortaleza
Palmeiras
Data: 26/11/2023 - domingo às 18h30
Local: Arena Castelão - Fortaleza - CE
Transmissão: Premiere
Ref: 343
Rodada: 35

0 x 0

São Paulo
Cuiabá Saf
Data: 26/11/2023 - domingo às 18h30
Local: Morumbi - Sao Paulo - SP
Transmissão: Premiere
Ref: 345
Rodada: 35

0 x 1

Goiás
Cruzeiro Saf
Data: 27/11/2023 - segunda-feira às 21h00
Local: Hailé Pinheiro - Goiania - GO
Transmissão: Premiere, SporTV
Ref: 352
Rodada: 36

2 x 4

Vasco da Gama S.a.f.
Corinthians
Data: 28/11/2023 - terça-feira às 21h30
Local: São Januário - Rio de Janeiro - RJ
Transmissão: Premiere, SporTV
Ref: 354
Rodada: 36

0 x 3

Santos Fc
Fluminense
Data: 29/11/2023 - quarta-feira às 19h00
Local: Vila Belmiro - Santos - SP
Transmissão: Premiere
Ref: 351
Rodada: 36

0 x 3

Flamengo
Atlético Mineiro Saf
Data: 29/11/2023 - quarta-feira às 19h30
Local: Maracanã - Rio de Janeiro - RJ
Transmissão: Premiere
Ref: 360
Rodada: 36

0 x 2

Cuiabá Saf
Internacional
Data: 29/11/2023 - quarta-feira às 20h00
Local: Arena Pantanal - Cuiaba - MT
Transmissão: Premiere
Ref: 359
Rodada: 36

0 x 1

Bahia
São Paulo
Data: 29/11/2023 - quarta-feira às 20h00
Local: Arena Fonte Nova - Salvador - BA
Transmissão: Premiere
Ref: 358
Rodada: 36

1 x 1

Coritiba S.a.f.
Botafogo
Data: 29/11/2023 - quarta-feira às 21h30
Local: Couto Pereira - Curitiba - PR
Transmissão: Globo, Premiere
Ref: 353
Rodada: 36

4 x 0

Palmeiras
America Saf
Data: 29/11/2023 - quarta-feira às 21h30
Local: Allianz Parque - Sao Paulo - SP
Transmissão: Globo, Premiere
Ref: 357
Rodada: 36

2 x 1

Grêmio
Goiás
Data: 30/11/2023 - quinta-feira às 19h00
Local: Arena do Grêmio - Porto Alegre - RS
Transmissão: Premiere
Ref: 356
Rodada: 36

1 x 1

Cruzeiro Saf
Athletico Paranaense
Data: 30/11/2023 - quinta-feira às 20h00
Local: Mineirão - Belo Horizonte - MG
Transmissão: Premiere, SporTV
Ref: 355
Rodada: 36

1 x 2

Red Bull Bragantino
Fortaleza
Data: 30/11/2023 - quinta-feira às 20h30
Local: Nabi Abi Chedid - Braganca Paulista - SP
Transmissão: Premiere
Ref: 364
Rodada: 37

1 x 2

Corinthians
Internacional
Data: 02/12/2023 - sábado às 18h00
Local: Neo Química Arena - Sao Paulo - SP
Transmissão: Premiere
Ref: 366
Rodada: 37

2 x 1

Atlético Mineiro Saf
São Paulo
Data: 02/12/2023 - sábado às 21h00
Local: Mineirão - Belo Horizonte - MG
Transmissão: Premiere, SporTV
Ref: 361
Rodada: 37

2 x 1

Flamengo
Cuiabá Saf
Data: 03/12/2023 - domingo às 16h00
Local: Maracanã - Rio de Janeiro - RJ
Transmissão: Globo, Premiere
Ref: 363
Rodada: 37

1 x 0

Palmeiras
Fluminense
Data: 03/12/2023 - domingo às 16h00
Local: Allianz Parque - Sao Paulo - SP
Transmissão: Globo, Premiere
Ref: 365
Rodada: 37

1 x 0

Red Bull Bragantino
Coritiba S.a.f.
Data: 03/12/2023 - domingo às 18h30
Local: Nabi Abi Chedid - Braganca Paulista - SP
Transmissão: Premiere
Ref: 367
Rodada: 37

1 x 0

Grêmio
Vasco da Gama S.a.f.
Data: 03/12/2023 - domingo às 18h30
Local: Arena do Grêmio - Porto Alegre - RS
Transmissão: Premiere, SporTV
Ref: 369
Rodada: 37

1 x 0

Fortaleza
Goiás
Data: 03/12/2023 - domingo às 18h30
Local: Arena Castelão - Fortaleza - CE
Transmissão: Premiere
Ref: 370
Rodada: 37

3 x 2

America Saf
Bahia
Data: 03/12/2023 - domingo às 18h30
Local: Independência - Belo Horizonte - MG
Transmissão: Premiere
Ref: 368
Rodada: 37

3 x 0

Athletico Paranaense
Santos Fc
Data: 03/12/2023 - domingo às 18h30
Local: Arena da Baixada - Curitiba - PR
Transmissão: Rede Furacão
Ref: 362
Rodada: 37

0 x 0

Botafogo
Cruzeiro Saf
Data: 03/12/2023 - domingo às 18h30
Local: Nilton Santos - Rio de Janeiro - RJ
Transmissão: Premiere
Ref: 375
Rodada: 38

1 x 0

Goiás
America Saf
Data: 06/12/2023 - quarta-feira às 19h00
Local: Hailé Pinheiro - Goiania - GO
Transmissão: Premiere
Ref: 378
Rodada: 38

0 x 2

Coritiba S.a.f.
Corinthians
Data: 06/12/2023 - quarta-feira às 21h30
Local: Couto Pereira - Curitiba - PR
Transmissão: Premiere
Ref: 373
Rodada: 38

1 x 0

São Paulo
Flamengo
Data: 06/12/2023 - quarta-feira às 21h30
Local: Morumbi - Sao Paulo - SP
Transmissão: Premiere, SporTV
Ref: 376
Rodada: 38

1 x 1

Cruzeiro Saf
Palmeiras
Data: 06/12/2023 - quarta-feira às 21h30
Local: Mineirão - Belo Horizonte - MG
Transmissão: Globo, Premiere
Ref: 380
Rodada: 38

3 x 0

Cuiabá Saf
Athletico Paranaense
Data: 06/12/2023 - quarta-feira às 21h30
Local: Arena Pantanal - Cuiaba - MT
Transmissão: Premiere
Ref: 371
Rodada: 38

2 x 3

Fluminense
Grêmio
Data: 06/12/2023 - quarta-feira às 21h30
Local: Maracanã - Rio de Janeiro - RJ
Transmissão: Premiere
Ref: 377
Rodada: 38

3 x 1

Internacional
Botafogo
Data: 06/12/2023 - quarta-feira às 21h30
Local: Beira-Rio - Porto Alegre - RS
Transmissão: Premiere
Ref: 379
Rodada: 38

4 x 1

Bahia
Atlético Mineiro Saf
Data: 06/12/2023 - quarta-feira às 21h30
Local: Arena Fonte Nova - Salvador - BA
Transmissão: Globo, Premiere
Ref: 372
Rodada: 38

2 x 1

Vasco da Gama S.a.f.
Red Bull Bragantino
Data: 06/12/2023 - quarta-feira às 21h30
Local: São Januário - Rio de Janeiro - RJ
Transmissão: Globo, Premiere
Ref: 374
Rodada: 38

1 x 2

Santos Fc
Fortaleza
Data: 06/12/2023 - quarta-feira às 21h30
Local: Vila Belmiro - Santos - SP
Transmissão: Premiere