Ref: 001
Rodada: 1
Grupos: ÚNICO

0 x 1

Cruzeiro Esporte Clube
Grêmio
Data: 14/04/2018 - sábado às 16h00
Local: Mineirão - Belo Horizonte - MG
Transmissão: Premiere
Ref: 004
Rodada: 1
Grupos: ÚNICO

2 x 2

Vitória
Flamengo
Data: 14/04/2018 - sábado às 19h00
Local: Manoel Barradas - Salvador - BA
Transmissão: Premiere
Ref: 008
Rodada: 1
Grupos: ÚNICO

2 x 0

Santos Fc
Ceará
Data: 14/04/2018 - sábado às 21h00
Local: Pacaembu - Sao Paulo - SP
Transmissão: Premiere
Ref: 003
Rodada: 1
Grupos: ÚNICO

3 x 0

America
Sport Recife
Data: 15/04/2018 - domingo às 11h00
Local: Independência - Belo Horizonte - MG
Transmissão: Premiere
Ref: 005
Rodada: 1
Grupos: ÚNICO

2 x 1

Vasco da Gama
Atlético Mineiro
Data: 15/04/2018 - domingo às 16h00
Local: São Januário - Rio de Janeiro - RJ
Transmissão: Globo, Premiere
Ref: 009
Rodada: 1
Grupos: ÚNICO

2 x 1

Corinthians
Fluminense
Data: 15/04/2018 - domingo às 16h00
Local: Neo Química Arena - Sao Paulo - SP
Transmissão: Globo, Premiere
Ref: 010
Rodada: 1
Grupos: ÚNICO

2 x 0

Internacional
Esporte Clube Bahia
Data: 15/04/2018 - domingo às 16h00
Local: Beira-Rio - Porto Alegre - RS
Transmissão: Globo, Premiere
Ref: 002
Rodada: 1
Grupos: ÚNICO

5 x 1

Athletico Paranaense
Chapecoense
Data: 15/04/2018 - domingo às 19h00
Local: Arena da Baixada - Curitiba - PR
Transmissão: Premiere, SporTV
Ref: 006
Rodada: 1
Grupos: ÚNICO

1 x 1

Botafogo de Futebol E Regatas
Palmeiras
Data: 16/04/2018 - segunda-feira às 20h00
Local: Nilton Santos - Rio de Janeiro - RJ
Transmissão: Premiere
Ref: 007
Rodada: 1
Grupos: ÚNICO

1 x 0

São Paulo
Parana
Data: 16/04/2018 - segunda-feira às 20h00
Local: Morumbi - Sao Paulo - SP
Transmissão: Premiere, SporTV
Ref: 014
Rodada: 2
Grupos: ÚNICO

1 x 0

Esporte Clube Bahia
Santos Fc
Data: 21/04/2018 - sábado às 16h00
Local: Arena Fonte Nova - Salvador - BA
Transmissão: Premiere
Ref: 016
Rodada: 2
Grupos: ÚNICO

2 x 0

Flamengo
America
Data: 21/04/2018 - sábado às 19h00
Local: Maracanã - Rio de Janeiro - RJ
Transmissão: Premiere
Ref: 012
Rodada: 2
Grupos: ÚNICO

0 x 4

Parana
Corinthians
Data: 22/04/2018 - domingo às 11h00
Local: Durival Britto - Curitiba - PR
Transmissão: Premiere
Ref: 015
Rodada: 2
Grupos: ÚNICO

1 x 0

Fluminense
Cruzeiro Esporte Clube
Data: 22/04/2018 - domingo às 16h00
Local: Maracanã - Rio de Janeiro - RJ
Transmissão: Globo, Premiere
Ref: 019
Rodada: 2
Grupos: ÚNICO

1 x 0

Palmeiras
Internacional
Data: 22/04/2018 - domingo às 16h00
Local: Pacaembu - Sao Paulo - SP
Transmissão: Globo, Premiere
Ref: 013
Rodada: 2
Grupos: ÚNICO

1 x 1

Chapecoense
Vasco da Gama
Data: 22/04/2018 - domingo às 16h00
Local: Arena Condá - Chapeco - SC
Transmissão: Premiere
Ref: 017
Rodada: 2
Grupos: ÚNICO

0 x 0

Ceará
São Paulo
Data: 22/04/2018 - domingo às 16h00
Local: Arena Castelão - Fortaleza - CE
Transmissão: Globo, Premiere
Ref: 011
Rodada: 2
Grupos: ÚNICO

2 x 1

Atlético Mineiro
Vitória
Data: 22/04/2018 - domingo às 16h00
Local: Independência - Belo Horizonte - MG
Transmissão: Premiere
Ref: 020
Rodada: 2
Grupos: ÚNICO

0 x 0

Grêmio
Athletico Paranaense
Data: 22/04/2018 - domingo às 19h00
Local: Arena do Grêmio - Porto Alegre - RS
Transmissão: Premiere, SporTV
Ref: 018
Rodada: 2
Grupos: ÚNICO

1 x 1

Sport Recife
Botafogo de Futebol E Regatas
Data: 23/04/2018 - segunda-feira às 20h00
Local: Ilha do Retiro - Recife - PE
Transmissão: Premiere, SporTV
Ref: 026
Rodada: 3
Grupos: ÚNICO

2 x 1

Botafogo de Futebol E Regatas
Grêmio
Data: 28/04/2018 - sábado às 16h00
Local: Nilton Santos - Rio de Janeiro - RJ
Transmissão: Premiere
Ref: 024
Rodada: 3
Grupos: ÚNICO

0 x 0

Esporte Clube Bahia
Athletico Paranaense
Data: 29/04/2018 - domingo às 16h00
Local: Arena Fonte Nova - Salvador - BA
Transmissão: Premiere
Ref: 029
Rodada: 3
Grupos: ÚNICO

0 x 0

Palmeiras
Chapecoense
Data: 29/04/2018 - domingo às 16h00
Local: Allianz Parque - Sao Paulo - SP
Transmissão: Premiere
Ref: 025
Rodada: 3
Grupos: ÚNICO

1 x 1

Fluminense
São Paulo
Data: 29/04/2018 - domingo às 16h00
Local: Maracanã - Rio de Janeiro - RJ
Transmissão: Globo, Premiere
Ref: 022
Rodada: 3
Grupos: ÚNICO

1 x 2

Parana
Sport Recife
Data: 29/04/2018 - domingo às 16h00
Local: Durival Britto - Curitiba - PR
Transmissão: Globo, Premiere
Ref: 021
Rodada: 3
Grupos: ÚNICO

1 x 0

Atlético Mineiro
Corinthians
Data: 29/04/2018 - domingo às 16h00
Local: Independência - Belo Horizonte - MG
Transmissão: Premiere
Ref: 027
Rodada: 3
Grupos: ÚNICO

0 x 3

Ceará
Flamengo
Data: 29/04/2018 - domingo às 16h00
Local: Arena Castelão - Fortaleza - CE
Transmissão: Globo, Premiere
Ref: 030
Rodada: 3
Grupos: ÚNICO

0 x 0

Internacional
Cruzeiro Esporte Clube
Data: 29/04/2018 - domingo às 19h00
Local: Beira-Rio - Porto Alegre - RS
Transmissão: Premiere, SporTV
Ref: 023
Rodada: 3
Grupos: ÚNICO

2 x 1

America
Vitória
Data: 30/04/2018 - segunda-feira às 20h00
Local: Independência - Belo Horizonte - MG
Transmissão: Premiere, SporTV
Ref: 028
Rodada: 3
Grupos: ÚNICO

1 x 1

Santos Fc
Vasco da Gama
Data: 27/09/2018 - quinta-feira às 20h00
Local: Pacaembu - Sao Paulo - SP
Transmissão: Premiere
Ref: 037
Rodada: 4
Grupos: ÚNICO

2 x 2

São Paulo
Atlético Mineiro
Data: 05/05/2018 - sábado às 19h00
Local: Morumbi - Sao Paulo - SP
Transmissão: Premiere
Ref: 035
Rodada: 4
Grupos: ÚNICO

4 x 1

Vasco da Gama
America
Data: 05/05/2018 - sábado às 19h00
Local: São Januário - Rio de Janeiro - RJ
Transmissão: Premiere
Ref: 039
Rodada: 4
Grupos: ÚNICO

1 x 1

Corinthians
Ceará
Data: 06/05/2018 - domingo às 11h00
Local: Neo Química Arena - Sao Paulo - SP
Transmissão: Premiere
Ref: 034
Rodada: 4
Grupos: ÚNICO

1 x 2

Vitória
Fluminense
Data: 06/05/2018 - domingo às 16h00
Local: Manoel Barradas - Salvador - BA
Transmissão: Premiere
Ref: 036
Rodada: 4
Grupos: ÚNICO

2 x 0

Flamengo
Internacional
Data: 06/05/2018 - domingo às 16h00
Local: Maracanã - Rio de Janeiro - RJ
Transmissão: Globo, Premiere
Ref: 032
Rodada: 4
Grupos: ÚNICO

1 x 3

Athletico Paranaense
Palmeiras
Data: 06/05/2018 - domingo às 16h00
Local: Arena da Baixada - Curitiba - PR
Transmissão: Globo, Premiere
Ref: 031
Rodada: 4
Grupos: ÚNICO

1 x 0

Cruzeiro Esporte Clube
Botafogo de Futebol E Regatas
Data: 06/05/2018 - domingo às 16h00
Local: Mineirão - Belo Horizonte - MG
Transmissão: Globo, Premiere
Ref: 040
Rodada: 4
Grupos: ÚNICO

5 x 1

Grêmio
Santos Fc
Data: 06/05/2018 - domingo às 19h00
Local: Arena do Grêmio - Porto Alegre - RS
Transmissão: Premiere, SporTV
Ref: 038
Rodada: 4
Grupos: ÚNICO

2 x 0

Sport Recife
Esporte Clube Bahia
Data: 06/05/2018 - domingo às 19h00
Local: Ilha do Retiro - Recife - PE
Transmissão: Premiere
Ref: 033
Rodada: 4
Grupos: ÚNICO

1 x 1

Chapecoense
Parana
Data: 07/05/2018 - segunda-feira às 20h00
Local: Arena Condá - Chapeco - SC
Transmissão: Premiere, SporTV
Ref: 050
Rodada: 5
Grupos: ÚNICO

0 x 0

Grêmio
Internacional
Data: 12/05/2018 - sábado às 16h00
Local: Arena do Grêmio - Porto Alegre - RS
Transmissão: Premiere
Ref: 041
Rodada: 5
Grupos: ÚNICO

2 x 0

Cruzeiro Esporte Clube
Sport Recife
Data: 13/05/2018 - domingo às 11h00
Local: Mineirão - Belo Horizonte - MG
Transmissão: Premiere
Ref: 045
Rodada: 5
Grupos: ÚNICO

2 x 3

Vasco da Gama
Vitória
Data: 13/05/2018 - domingo às 16h00
Local: São Januário - Rio de Janeiro - RJ
Transmissão: Premiere
Ref: 043
Rodada: 5
Grupos: ÚNICO

3 x 2

Chapecoense
Flamengo
Data: 13/05/2018 - domingo às 16h00
Local: Arena Condá - Chapeco - SC
Transmissão: Globo, Premiere
Ref: 044
Rodada: 5
Grupos: ÚNICO

2 x 2

Esporte Clube Bahia
São Paulo
Data: 13/05/2018 - domingo às 16h00
Local: Arena Fonte Nova - Salvador - BA
Transmissão: Globo, Premiere
Ref: 042
Rodada: 5
Grupos: ÚNICO

1 x 2

Athletico Paranaense
Atlético Mineiro
Data: 13/05/2018 - domingo às 16h00
Local: Arena da Baixada - Curitiba - PR
Transmissão: Globo, Premiere
Ref: 049
Rodada: 5
Grupos: ÚNICO

1 x 0

Corinthians
Palmeiras
Data: 13/05/2018 - domingo às 16h00
Local: Neo Química Arena - Sao Paulo - SP
Transmissão: Premiere
Ref: 048
Rodada: 5
Grupos: ÚNICO

3 x 1

Santos Fc
Parana
Data: 13/05/2018 - domingo às 19h00
Local: Vila Belmiro - Santos - SP
Transmissão: Premiere, SporTV
Ref: 047
Rodada: 5
Grupos: ÚNICO

2 x 2

Ceará
America
Data: 14/05/2018 - segunda-feira às 20h00
Local: Arena Castelão - Fortaleza - CE
Transmissão: Premiere, SporTV
Ref: 046
Rodada: 5
Grupos: ÚNICO

2 x 1

Botafogo de Futebol E Regatas
Fluminense
Data: 14/05/2018 - segunda-feira às 20h00
Local: Nilton Santos - Rio de Janeiro - RJ
Transmissão: Premiere
Ref: 051
Rodada: 6
Grupos: ÚNICO

1 x 0

Atlético Mineiro
Cruzeiro Esporte Clube
Data: 19/05/2018 - sábado às 16h00
Local: Independência - Belo Horizonte - MG
Transmissão: Premiere
Ref: 056
Rodada: 6
Grupos: ÚNICO

1 x 1

Flamengo
Vasco da Gama
Data: 19/05/2018 - sábado às 19h00
Local: Maracanã - Rio de Janeiro - RJ
Transmissão: Premiere
Ref: 059
Rodada: 6
Grupos: ÚNICO

3 x 0

Palmeiras
Esporte Clube Bahia
Data: 19/05/2018 - sábado às 21h00
Local: Allianz Parque - Sao Paulo - SP
Transmissão: Premiere
Ref: 054
Rodada: 6
Grupos: ÚNICO

2 x 1

Vitória
Ceará
Data: 20/05/2018 - domingo às 11h00
Local: Manoel Barradas - Salvador - BA
Transmissão: Premiere
Ref: 058
Rodada: 6
Grupos: ÚNICO

1 x 1

Sport Recife
Corinthians
Data: 20/05/2018 - domingo às 16h00
Local: Arena Pernambuco - São Lourenço da Mata - PE
Transmissão: Globo, Premiere
Ref: 053
Rodada: 6
Grupos: ÚNICO

1 x 0

America
Botafogo de Futebol E Regatas
Data: 20/05/2018 - domingo às 16h00
Local: Independência - Belo Horizonte - MG
Transmissão: Globo, Premiere
Ref: 057
Rodada: 6
Grupos: ÚNICO

1 x 0

São Paulo
Santos Fc
Data: 20/05/2018 - domingo às 16h00
Local: Morumbi - Sao Paulo - SP
Transmissão: Premiere
Ref: 052
Rodada: 6
Grupos: ÚNICO

0 x 0

Parana
Grêmio
Data: 20/05/2018 - domingo às 16h00
Local: Durival Britto - Curitiba - PR
Transmissão: Globo, Premiere
Ref: 055
Rodada: 6
Grupos: ÚNICO

2 x 0

Fluminense
Athletico Paranaense
Data: 20/05/2018 - domingo às 19h00
Local: Maracanã - Rio de Janeiro - RJ
Transmissão: Premiere, SporTV
Ref: 060
Rodada: 6
Grupos: ÚNICO

3 x 0

Internacional
Chapecoense
Data: 21/05/2018 - segunda-feira às 20h00
Local: Beira-Rio - Porto Alegre - RS
Transmissão: Premiere, SporTV
Ref: 065
Rodada: 7
Grupos: ÚNICO

3 x 1

Fluminense
Chapecoense
Data: 26/05/2018 - sábado às 16h00
Local: Maracanã - Rio de Janeiro - RJ
Transmissão: Premiere
Ref: 069
Rodada: 7
Grupos: ÚNICO

2 x 3

Palmeiras
Sport Recife
Data: 26/05/2018 - sábado às 19h00
Local: Allianz Parque - Sao Paulo - SP
Transmissão: Premiere, SporTV
Ref: 061
Rodada: 7
Grupos: ÚNICO

0 x 1

Atlético Mineiro
Flamengo
Data: 26/05/2018 - sábado às 21h00
Local: Independência - Belo Horizonte - MG
Transmissão: Premiere
Ref: 062
Rodada: 7
Grupos: ÚNICO

0 x 0

Parana
Athletico Paranaense
Data: 27/05/2018 - domingo às 11h00
Local: Durival Britto - Curitiba - PR
Transmissão: Premiere
Ref: 068
Rodada: 7
Grupos: ÚNICO

0 x 1

Santos Fc
Cruzeiro Esporte Clube
Data: 27/05/2018 - domingo às 16h00
Local: Pacaembu - Sao Paulo - SP
Transmissão: Globo, Premiere
Ref: 070
Rodada: 7
Grupos: ÚNICO

2 x 1

Internacional
Corinthians
Data: 27/05/2018 - domingo às 16h00
Local: Beira-Rio - Porto Alegre - RS
Transmissão: Premiere
Ref: 064
Rodada: 7
Grupos: ÚNICO

3 x 0

Esporte Clube Bahia
Vasco da Gama
Data: 27/05/2018 - domingo às 16h00
Local: Arena Fonte Nova - Salvador - BA
Transmissão: Globo, Premiere
Ref: 066
Rodada: 7
Grupos: ÚNICO

1 x 1

Botafogo de Futebol E Regatas
Vitória
Data: 27/05/2018 - domingo às 16h00
Local: Nilton Santos - Rio de Janeiro - RJ
Transmissão: Globo, Premiere
Ref: 063
Rodada: 7
Grupos: ÚNICO

1 x 3

America
São Paulo
Data: 27/05/2018 - domingo às 19h00
Local: Independência - Belo Horizonte - MG
Transmissão: Premiere
Ref: 067
Rodada: 7
Grupos: ÚNICO

0 x 1

Ceará
Grêmio
Data: 27/05/2018 - domingo às 19h00
Local: Arena Castelão - Fortaleza - CE
Transmissão: Premiere, SporTV
Ref: 075
Rodada: 8
Grupos: ÚNICO

1 x 0

Vasco da Gama
Parana
Data: 30/05/2018 - quarta-feira às 19h30
Local: São Januário - Rio de Janeiro - RJ
Transmissão: Premiere
Ref: 074
Rodada: 8
Grupos: ÚNICO

2 x 3

Vitória
Internacional
Data: 30/05/2018 - quarta-feira às 19h30
Local: Manoel Barradas - Salvador - BA
Transmissão: Premiere
Ref: 078
Rodada: 8
Grupos: ÚNICO

3 x 2

Sport Recife
Atlético Mineiro
Data: 30/05/2018 - quarta-feira às 19h30
Local: Ilha do Retiro - Recife - PE
Transmissão: Premiere, SporTV
Ref: 077
Rodada: 8
Grupos: ÚNICO

3 x 2

São Paulo
Botafogo de Futebol E Regatas
Data: 30/05/2018 - quarta-feira às 21h00
Local: Morumbi - Sao Paulo - SP
Transmissão: Premiere
Ref: 073
Rodada: 8
Grupos: ÚNICO

2 x 0

Chapecoense
Ceará
Data: 30/05/2018 - quarta-feira às 21h00
Local: Arena Condá - Chapeco - SC
Transmissão: Premiere
Ref: 071
Rodada: 8
Grupos: ÚNICO

1 x 0

Cruzeiro Esporte Clube
Palmeiras
Data: 30/05/2018 - quarta-feira às 21h45
Local: Mineirão - Belo Horizonte - MG
Transmissão: Globo, Premiere
Ref: 080
Rodada: 8
Grupos: ÚNICO

0 x 0

Grêmio
Fluminense
Data: 30/05/2018 - quarta-feira às 21h45
Local: Arena do Grêmio - Porto Alegre - RS
Transmissão: Globo, Premiere
Ref: 076
Rodada: 8
Grupos: ÚNICO

2 x 0

Flamengo
Esporte Clube Bahia
Data: 31/05/2018 - quinta-feira às 16h00
Local: Maracanã - Rio de Janeiro - RJ
Transmissão: Premiere
Ref: 079
Rodada: 8
Grupos: ÚNICO

1 x 0

Corinthians
America
Data: 31/05/2018 - quinta-feira às 18h00
Local: Neo Química Arena - Sao Paulo - SP
Transmissão: Premiere
Ref: 072
Rodada: 8
Grupos: ÚNICO

2 x 0

Athletico Paranaense
Santos Fc
Data: 31/05/2018 - quinta-feira às 21h00
Local: Arena da Baixada - Curitiba - PR
Transmissão: Premiere, SporTV
Ref: 081
Rodada: 9
Grupos: ÚNICO

3 x 3

Atlético Mineiro
Chapecoense
Data: 02/06/2018 - sábado às 16h00
Local: Independência - Belo Horizonte - MG
Transmissão: Premiere
Ref: 090
Rodada: 9
Grupos: ÚNICO

0 x 0

Internacional
Sport Recife
Data: 02/06/2018 - sábado às 16h00
Local: Beira-Rio - Porto Alegre - RS
Transmissão: Premiere
Ref: 085
Rodada: 9
Grupos: ÚNICO

1 x 2

Vasco da Gama
Botafogo de Futebol E Regatas
Data: 02/06/2018 - sábado às 19h00
Local: São Januário - Rio de Janeiro - RJ
Transmissão: Premiere
Ref: 089
Rodada: 9
Grupos: ÚNICO

3 x 1

Palmeiras
São Paulo
Data: 02/06/2018 - sábado às 21h00
Local: Allianz Parque - Sao Paulo - SP
Transmissão: Premiere
Ref: 083
Rodada: 9
Grupos: ÚNICO

3 x 1

America
Athletico Paranaense
Data: 03/06/2018 - domingo às 16h00
Local: Independência - Belo Horizonte - MG
Transmissão: Premiere
Ref: 088
Rodada: 9
Grupos: ÚNICO

5 x 2

Santos Fc
Vitória
Data: 03/06/2018 - domingo às 16h00
Local: Vila Belmiro - Santos - SP
Transmissão: Globo, Premiere
Ref: 084
Rodada: 9
Grupos: ÚNICO

0 x 2

Esporte Clube Bahia
Grêmio
Data: 03/06/2018 - domingo às 16h00
Local: Arena Fonte Nova - Salvador - BA
Transmissão: Premiere
Ref: 086
Rodada: 9
Grupos: ÚNICO

1 x 0

Flamengo
Corinthians
Data: 03/06/2018 - domingo às 16h00
Local: Maracanã - Rio de Janeiro - RJ
Transmissão: Globo, Premiere
Ref: 087
Rodada: 9
Grupos: ÚNICO

0 x 1

Ceará
Cruzeiro Esporte Clube
Data: 03/06/2018 - domingo às 19h00
Local: Arena Castelão - Fortaleza - CE
Transmissão: Premiere, SporTV
Ref: 082
Rodada: 9
Grupos: ÚNICO

2 x 1

Parana
Fluminense
Data: 04/06/2018 - segunda-feira às 20h00
Local: Durival Britto - Curitiba - PR
Transmissão: Premiere, SporTV
Ref: 097
Rodada: 10
Grupos: ÚNICO

0 x 0

São Paulo
Internacional
Data: 05/06/2018 - terça-feira às 21h30
Local: Morumbi - Sao Paulo - SP
Transmissão: Premiere
Ref: 096
Rodada: 10
Grupos: ÚNICO

0 x 0

Botafogo de Futebol E Regatas
Ceará
Data: 06/06/2018 - quarta-feira às 19h30
Local: Nilton Santos - Rio de Janeiro - RJ
Transmissão: Premiere, SporTV
Ref: 094
Rodada: 10
Grupos: ÚNICO

1 x 0

Vitória
Chapecoense
Data: 06/06/2018 - quarta-feira às 19h30
Local: Manoel Barradas - Salvador - BA
Transmissão: Premiere
Ref: 098
Rodada: 10
Grupos: ÚNICO

1 x 0

Sport Recife
Athletico Paranaense
Data: 06/06/2018 - quarta-feira às 21h00
Local: Ilha do Retiro - Recife - PE
Transmissão: Premiere
Ref: 099
Rodada: 10
Grupos: ÚNICO

1 x 1

Corinthians
Santos Fc
Data: 06/06/2018 - quarta-feira às 21h00
Local: Neo Química Arena - Sao Paulo - SP
Transmissão: Premiere
Ref: 091
Rodada: 10
Grupos: ÚNICO

1 x 1

Cruzeiro Esporte Clube
Vasco da Gama
Data: 06/06/2018 - quarta-feira às 21h45
Local: Mineirão - Belo Horizonte - MG
Transmissão: Globo, Premiere
Ref: 100
Rodada: 10
Grupos: ÚNICO

0 x 2

Grêmio
Palmeiras
Data: 06/06/2018 - quarta-feira às 21h45
Local: Arena do Grêmio - Porto Alegre - RS
Transmissão: Globo, Premiere
Ref: 095
Rodada: 10
Grupos: ÚNICO

0 x 2

Fluminense
Flamengo
Data: 07/06/2018 - quinta-feira às 20h00
Local: Mané Garrincha - Brasilia - DF
Transmissão: Premiere
Ref: 092
Rodada: 10
Grupos: ÚNICO

1 x 0

Parana
Esporte Clube Bahia
Data: 07/06/2018 - quinta-feira às 20h00
Local: Durival Britto - Curitiba - PR
Transmissão: Premiere
Ref: 093
Rodada: 10
Grupos: ÚNICO

1 x 3

America
Atlético Mineiro
Data: 07/06/2018 - quinta-feira às 21h00
Local: Independência - Belo Horizonte - MG
Transmissão: Premiere, SporTV
Ref: 102
Rodada: 11
Grupos: ÚNICO

0 x 1

Athletico Paranaense
São Paulo
Data: 09/06/2018 - sábado às 16h00
Local: Arena da Baixada - Curitiba - PR
Transmissão: Premiere
Ref: 103
Rodada: 11
Grupos: ÚNICO

2 x 0

Chapecoense
Cruzeiro Esporte Clube
Data: 09/06/2018 - sábado às 19h00
Local: Arena Condá - Chapeco - SC
Transmissão: Premiere
Ref: 105
Rodada: 11
Grupos: ÚNICO

3 x 2

Vasco da Gama
Sport Recife
Data: 09/06/2018 - sábado às 19h00
Local: São Januário - Rio de Janeiro - RJ
Transmissão: Premiere, SporTV
Ref: 109
Rodada: 11
Grupos: ÚNICO

0 x 0

Corinthians
Vitória
Data: 09/06/2018 - sábado às 21h00
Local: Neo Química Arena - Sao Paulo - SP
Transmissão: Premiere
Ref: 104
Rodada: 11
Grupos: ÚNICO

3 x 3

Esporte Clube Bahia
Botafogo de Futebol E Regatas
Data: 10/06/2018 - domingo às 16h00
Local: Arena Fonte Nova - Salvador - BA
Transmissão: Premiere
Ref: 101
Rodada: 11
Grupos: ÚNICO

5 x 2

Atlético Mineiro
Fluminense
Data: 10/06/2018 - domingo às 16h00
Local: Independência - Belo Horizonte - MG
Transmissão: Globo, Premiere
Ref: 107
Rodada: 11
Grupos: ÚNICO

2 x 2

Ceará
Palmeiras
Data: 10/06/2018 - domingo às 16h00
Local: Arena Castelão - Fortaleza - CE
Transmissão: Globo, Premiere
Ref: 110
Rodada: 11
Grupos: ÚNICO

1 x 0

Grêmio
America
Data: 10/06/2018 - domingo às 16h00
Local: Arena do Grêmio - Porto Alegre - RS
Transmissão: Premiere
Ref: 108
Rodada: 11
Grupos: ÚNICO

1 x 2

Santos Fc
Internacional
Data: 10/06/2018 - domingo às 19h00
Local: Vila Belmiro - Santos - SP
Transmissão: Premiere, SporTV
Ref: 106
Rodada: 11
Grupos: ÚNICO

2 x 0

Flamengo
Parana
Data: 10/06/2018 - domingo às 19h00
Local: Maracanã - Rio de Janeiro - RJ
Transmissão: Premiere
Ref: 117
Rodada: 12
Grupos: ÚNICO

3 x 0

São Paulo
Vitória
Data: 12/06/2018 - terça-feira às 21h30
Local: Morumbi - Sao Paulo - SP
Transmissão: Premiere, SporTV
Ref: 113
Rodada: 12
Grupos: ÚNICO

0 x 0

America
Chapecoense
Data: 13/06/2018 - quarta-feira às 16h00
Local: Independência - Belo Horizonte - MG
Transmissão: Premiere
Ref: 115
Rodada: 12
Grupos: ÚNICO

0 x 1

Fluminense
Santos Fc
Data: 13/06/2018 - quarta-feira às 19h00
Local: Maracanã - Rio de Janeiro - RJ
Transmissão: Premiere, SporTV
Ref: 118
Rodada: 12
Grupos: ÚNICO

0 x 0

Sport Recife
Grêmio
Data: 13/06/2018 - quarta-feira às 19h30
Local: Ilha do Retiro - Recife - PE
Transmissão: Premiere
Ref: 112
Rodada: 12
Grupos: ÚNICO

1 x 1

Parana
Cruzeiro Esporte Clube
Data: 13/06/2018 - quarta-feira às 19h30
Local: Durival Britto - Curitiba - PR
Transmissão: Premiere
Ref: 119
Rodada: 12
Grupos: ÚNICO

1 x 1

Palmeiras
Flamengo
Data: 13/06/2018 - quarta-feira às 21h00
Local: Allianz Parque - Sao Paulo - SP
Transmissão: Premiere
Ref: 116
Rodada: 12
Grupos: ÚNICO

2 x 0

Botafogo de Futebol E Regatas
Athletico Paranaense
Data: 13/06/2018 - quarta-feira às 21h00
Local: Nilton Santos - Rio de Janeiro - RJ
Transmissão: Premiere
Ref: 111
Rodada: 12
Grupos: ÚNICO

2 x 1

Atlético Mineiro
Ceará
Data: 13/06/2018 - quarta-feira às 21h45
Local: Independência - Belo Horizonte - MG
Transmissão: Premiere
Ref: 120
Rodada: 12
Grupos: ÚNICO

3 x 1

Internacional
Vasco da Gama
Data: 13/06/2018 - quarta-feira às 21h45
Local: Beira-Rio - Porto Alegre - RS
Transmissão: Globo, Premiere
Ref: 114
Rodada: 12
Grupos: ÚNICO

1 x 0

Esporte Clube Bahia
Corinthians
Data: 13/06/2018 - quarta-feira às 21h45
Local: Arena Fonte Nova - Salvador - BA
Transmissão: Globo, Premiere
Ref: 127
Rodada: 13
Grupos: ÚNICO

1 x 0

Ceará
Sport Recife
Data: 18/07/2018 - quarta-feira às 19h30
Local: Presidente Vargas - Fortaleza - CE
Transmissão: Premiere, SporTV
Ref: 124
Rodada: 13
Grupos: ÚNICO

1 x 0

Vitória
Parana
Data: 18/07/2018 - quarta-feira às 21h00
Local: Manoel Barradas - Salvador - BA
Transmissão: Premiere, SporTV
Ref: 129
Rodada: 13
Grupos: ÚNICO

2 x 0

Corinthians
Botafogo de Futebol E Regatas
Data: 18/07/2018 - quarta-feira às 21h45
Local: Neo Química Arena - Sao Paulo - SP
Transmissão: Globo, Premiere
Ref: 130
Rodada: 13
Grupos: ÚNICO

2 x 0

Grêmio
Atlético Mineiro
Data: 18/07/2018 - quarta-feira às 21h45
Local: Arena do Grêmio - Porto Alegre - RS
Transmissão: Globo, Premiere
Ref: 126
Rodada: 13
Grupos: ÚNICO

0 x 1

Flamengo
São Paulo
Data: 18/07/2018 - quarta-feira às 21h45
Local: Maracanã - Rio de Janeiro - RJ
Transmissão: Premiere, SporTV
Ref: 121
Rodada: 13
Grupos: ÚNICO

3 x 1

Cruzeiro Esporte Clube
America
Data: 19/07/2018 - quinta-feira às 19h30
Local: Mineirão - Belo Horizonte - MG
Transmissão: Premiere
Ref: 123
Rodada: 13
Grupos: ÚNICO

1 x 1

Chapecoense
Esporte Clube Bahia
Data: 19/07/2018 - quinta-feira às 19h30
Local: Arena Condá - Chapeco - SC
Transmissão: Premiere
Ref: 125
Rodada: 13
Grupos: ÚNICO

1 x 1

Vasco da Gama
Fluminense
Data: 19/07/2018 - quinta-feira às 20h00
Local: São Januário - Rio de Janeiro - RJ
Transmissão: Premiere
Ref: 128
Rodada: 13
Grupos: ÚNICO

1 x 1

Santos Fc
Palmeiras
Data: 19/07/2018 - quinta-feira às 20h00
Local: Pacaembu - Sao Paulo - SP
Transmissão: Premiere
Ref: 122
Rodada: 13
Grupos: ÚNICO

2 x 2

Athletico Paranaense
Internacional
Data: 19/07/2018 - quinta-feira às 21h00
Local: Arena da Baixada - Curitiba - PR
Transmissão: Premiere, SporTV
Ref: 136
Rodada: 14
Grupos: ÚNICO

2 x 0

Flamengo
Botafogo de Futebol E Regatas
Data: 21/07/2018 - sábado às 19h00
Local: Maracanã - Rio de Janeiro - RJ
Transmissão: Premiere
Ref: 137
Rodada: 14
Grupos: ÚNICO

3 x 1

São Paulo
Corinthians
Data: 21/07/2018 - sábado às 21h00
Local: Morumbi - Sao Paulo - SP
Transmissão: Premiere
Ref: 139
Rodada: 14
Grupos: ÚNICO

3 x 2

Palmeiras
Atlético Mineiro
Data: 22/07/2018 - domingo às 16h00
Local: Allianz Parque - Sao Paulo - SP
Transmissão: Globo, Premiere
Ref: 134
Rodada: 14
Grupos: ÚNICO

4 x 1

Esporte Clube Bahia
Vitória
Data: 22/07/2018 - domingo às 16h00
Local: Arena Fonte Nova - Salvador - BA
Transmissão: Premiere
Ref: 138
Rodada: 14
Grupos: ÚNICO

1 x 2

Sport Recife
Fluminense
Data: 22/07/2018 - domingo às 16h00
Local: Ilha do Retiro - Recife - PE
Transmissão: Globo, Premiere
Ref: 132
Rodada: 14
Grupos: ÚNICO

1 x 0

Parana
America
Data: 22/07/2018 - domingo às 16h00
Local: Durival Britto - Curitiba - PR
Transmissão: Premiere
Ref: 135
Rodada: 14
Grupos: ÚNICO

1 x 0

Vasco da Gama
Grêmio
Data: 22/07/2018 - domingo às 16h00
Local: São Januário - Rio de Janeiro - RJ
Transmissão: Globo, Premiere
Ref: 131
Rodada: 14
Grupos: ÚNICO

2 x 1

Cruzeiro Esporte Clube
Athletico Paranaense
Data: 22/07/2018 - domingo às 19h00
Local: Mineirão - Belo Horizonte - MG
Transmissão: Premiere
Ref: 133
Rodada: 14
Grupos: ÚNICO

0 x 0

Chapecoense
Santos Fc
Data: 22/07/2018 - domingo às 19h00
Local: Arena Condá - Chapeco - SC
Transmissão: Premiere, SporTV
Ref: 140
Rodada: 14
Grupos: ÚNICO

1 x 0

Internacional
Ceará
Data: 23/07/2018 - segunda-feira às 20h00
Local: Beira-Rio - Porto Alegre - RS
Transmissão: Premiere, SporTV
Ref: 145
Rodada: 15
Grupos: ÚNICO

1 x 0

Fluminense
Palmeiras
Data: 25/07/2018 - quarta-feira às 19h30
Local: Maracanã - Rio de Janeiro - RJ
Transmissão: Premiere
Ref: 141
Rodada: 15
Grupos: ÚNICO

2 x 0

Atlético Mineiro
Parana
Data: 25/07/2018 - quarta-feira às 21h00
Local: Independência - Belo Horizonte - MG
Transmissão: Premiere
Ref: 149
Rodada: 15
Grupos: ÚNICO

2 x 0

Corinthians
Cruzeiro Esporte Clube
Data: 25/07/2018 - quarta-feira às 21h45
Local: Neo Química Arena - Sao Paulo - SP
Transmissão: Globo, Premiere
Ref: 148
Rodada: 15
Grupos: ÚNICO

1 x 1

Santos Fc
Flamengo
Data: 25/07/2018 - quarta-feira às 21h45
Local: Vila Belmiro - Santos - SP
Transmissão: Globo, Premiere
Ref: 146
Rodada: 15
Grupos: ÚNICO

1 x 0

Botafogo de Futebol E Regatas
Chapecoense
Data: 26/07/2018 - quinta-feira às 19h30
Local: Nilton Santos - Rio de Janeiro - RJ
Transmissão: Premiere
Ref: 144
Rodada: 15
Grupos: ÚNICO

1 x 0

Vitória
Sport Recife
Data: 26/07/2018 - quinta-feira às 19h30
Local: Manoel Barradas - Salvador - BA
Transmissão: Premiere
Ref: 150
Rodada: 15
Grupos: ÚNICO

2 x 1

Grêmio
São Paulo
Data: 26/07/2018 - quinta-feira às 19h30
Local: Arena do Grêmio - Porto Alegre - RS
Transmissão: Premiere
Ref: 143
Rodada: 15
Grupos: ÚNICO

2 x 1

America
Internacional
Data: 26/07/2018 - quinta-feira às 20h00
Local: Independência - Belo Horizonte - MG
Transmissão: Premiere, SporTV
Ref: 142
Rodada: 15
Grupos: ÚNICO

1 x 0

Athletico Paranaense
Vasco da Gama
Data: 29/08/2018 - quarta-feira às 19h30
Local: Arena da Baixada - Curitiba - PR
Transmissão: Premiere, SporTV
Ref: 147
Rodada: 15
Grupos: ÚNICO

0 x 2

Ceará
Esporte Clube Bahia
Data: 29/08/2018 - quarta-feira às 19h30
Local: Presidente Vargas - Fortaleza - CE
Transmissão: Premiere
Ref: 157
Rodada: 16
Grupos: ÚNICO

1 x 0

Ceará
Fluminense
Data: 28/07/2018 - sábado às 16h00
Local: Presidente Vargas - Fortaleza - CE
Transmissão: Premiere
Ref: 155
Rodada: 16
Grupos: ÚNICO

1 x 4

Vasco da Gama
Corinthians
Data: 29/07/2018 - domingo às 11h00
Local: Mané Garrincha - Brasilia - DF
Transmissão: Premiere
Ref: 159
Rodada: 16
Grupos: ÚNICO

3 x 0

Palmeiras
Parana
Data: 29/07/2018 - domingo às 11h00
Local: Allianz Parque - Sao Paulo - SP
Transmissão: Premiere
Ref: 160
Rodada: 16
Grupos: ÚNICO

3 x 0

Internacional
Botafogo de Futebol E Regatas
Data: 29/07/2018 - domingo às 16h00
Local: Beira-Rio - Porto Alegre - RS
Transmissão: Globo, Premiere
Ref: 152
Rodada: 16
Grupos: ÚNICO

4 x 0

Athletico Paranaense
Vitória
Data: 29/07/2018 - domingo às 16h00
Local: Arena da Baixada - Curitiba - PR
Transmissão: Globo, Premiere
Ref: 156
Rodada: 16
Grupos: ÚNICO

4 x 1

Flamengo
Sport Recife
Data: 29/07/2018 - domingo às 16h00
Local: Maracanã - Rio de Janeiro - RJ
Transmissão: Premiere
Ref: 151
Rodada: 16
Grupos: ÚNICO

0 x 2

Cruzeiro Esporte Clube
São Paulo
Data: 29/07/2018 - domingo às 16h00
Local: Mineirão - Belo Horizonte - MG
Transmissão: Globo, Premiere
Ref: 153
Rodada: 16
Grupos: ÚNICO

1 x 1

Chapecoense
Grêmio
Data: 29/07/2018 - domingo às 19h00
Local: Arena Condá - Chapeco - SC
Transmissão: Premiere, SporTV
Ref: 158
Rodada: 16
Grupos: ÚNICO

0 x 1

Santos Fc
America
Data: 29/07/2018 - domingo às 19h00
Local: Vila Belmiro - Santos - SP
Transmissão: Premiere
Ref: 154
Rodada: 16
Grupos: ÚNICO

2 x 2

Esporte Clube Bahia
Atlético Mineiro
Data: 30/07/2018 - segunda-feira às 20h00
Local: Arena Fonte Nova - Salvador - BA
Transmissão: Premiere, SporTV
Ref: 166
Rodada: 17
Grupos: ÚNICO

0 x 0

Botafogo de Futebol E Regatas
Santos Fc
Data: 04/08/2018 - sábado às 16h00
Local: Nilton Santos - Rio de Janeiro - RJ
Transmissão: Premiere
Ref: 170
Rodada: 17
Grupos: ÚNICO

2 x 0

Grêmio
Flamengo
Data: 04/08/2018 - sábado às 19h00
Local: Arena do Grêmio - Porto Alegre - RS
Transmissão: Premiere
Ref: 169
Rodada: 17
Grupos: ÚNICO

0 x 0

Corinthians
Athletico Paranaense
Data: 04/08/2018 - sábado às 21h00
Local: Neo Química Arena - Sao Paulo - SP
Transmissão: Premiere
Ref: 162
Rodada: 17
Grupos: ÚNICO

0 x 1

Parana
Ceará
Data: 05/08/2018 - domingo às 16h00
Local: Durival Britto - Curitiba - PR
Transmissão: Premiere
Ref: 163
Rodada: 17
Grupos: ÚNICO

0 x 0

America
Palmeiras
Data: 05/08/2018 - domingo às 16h00
Local: Independência - Belo Horizonte - MG
Transmissão: Globo, Premiere
Ref: 167
Rodada: 17
Grupos: ÚNICO

2 x 1

São Paulo
Vasco da Gama
Data: 05/08/2018 - domingo às 16h00
Local: Morumbi - Sao Paulo - SP
Transmissão: Globo, Premiere
Ref: 164
Rodada: 17
Grupos: ÚNICO

1 x 1

Vitória
Cruzeiro Esporte Clube
Data: 05/08/2018 - domingo às 16h00
Local: Manoel Barradas - Salvador - BA
Transmissão: Premiere
Ref: 165
Rodada: 17
Grupos: ÚNICO

1 x 1

Fluminense
Esporte Clube Bahia
Data: 05/08/2018 - domingo às 19h00
Local: Maracanã - Rio de Janeiro - RJ
Transmissão: Premiere, SporTV
Ref: 168
Rodada: 17
Grupos: ÚNICO

1 x 1

Sport Recife
Chapecoense
Data: 05/08/2018 - domingo às 19h00
Local: Ilha do Retiro - Recife - PE
Transmissão: Premiere
Ref: 161
Rodada: 17
Grupos: ÚNICO

0 x 1

Atlético Mineiro
Internacional
Data: 06/08/2018 - segunda-feira às 20h00
Local: Independência - Belo Horizonte - MG
Transmissão: Premiere, SporTV
Ref: 177
Rodada: 18
Grupos: ÚNICO

0 x 0

Ceará
Athletico Paranaense
Data: 11/08/2018 - sábado às 16h00
Local: Presidente Vargas - Fortaleza - CE
Transmissão: Premiere
Ref: 174
Rodada: 18
Grupos: ÚNICO

1 x 0

Esporte Clube Bahia
America
Data: 11/08/2018 - sábado às 19h00
Local: Arena Fonte Nova - Salvador - BA
Transmissão: Premiere
Ref: 172
Rodada: 18
Grupos: ÚNICO

1 x 1

Parana
Botafogo de Futebol E Regatas
Data: 12/08/2018 - domingo às 11h00
Local: Durival Britto - Curitiba - PR
Transmissão: Premiere
Ref: 171
Rodada: 18
Grupos: ÚNICO

3 x 1

Atlético Mineiro
Santos Fc
Data: 12/08/2018 - domingo às 11h00
Local: Independência - Belo Horizonte - MG
Transmissão: Premiere
Ref: 173
Rodada: 18
Grupos: ÚNICO

2 x 1

Chapecoense
Corinthians
Data: 12/08/2018 - domingo às 16h00
Local: Arena Condá - Chapeco - SC
Transmissão: Premiere
Ref: 178
Rodada: 18
Grupos: ÚNICO

1 x 3

Sport Recife
São Paulo
Data: 12/08/2018 - domingo às 16h00
Local: Ilha do Retiro - Recife - PE
Transmissão: Premiere
Ref: 176
Rodada: 18
Grupos: ÚNICO

1 x 0

Flamengo
Cruzeiro Esporte Clube
Data: 12/08/2018 - domingo às 16h00
Local: Maracanã - Rio de Janeiro - RJ
Transmissão: Globo, Premiere
Ref: 179
Rodada: 18
Grupos: ÚNICO

1 x 0

Palmeiras
Vasco da Gama
Data: 12/08/2018 - domingo às 19h00
Local: Allianz Parque - Sao Paulo - SP
Transmissão: Premiere
Ref: 180
Rodada: 18
Grupos: ÚNICO

4 x 0

Grêmio
Vitória
Data: 12/08/2018 - domingo às 19h00
Local: Arena do Grêmio - Porto Alegre - RS
Transmissão: Premiere, SporTV
Ref: 175
Rodada: 18
Grupos: ÚNICO

0 x 3

Fluminense
Internacional
Data: 13/08/2018 - segunda-feira às 20h00
Local: Maracanã - Rio de Janeiro - RJ
Transmissão: Premiere, SporTV
Ref: 188
Rodada: 19
Grupos: ÚNICO

3 x 0

Santos Fc
Sport Recife
Data: 18/08/2018 - sábado às 16h00
Local: Vila Belmiro - Santos - SP
Transmissão: Premiere
Ref: 189
Rodada: 19
Grupos: ÚNICO

0 x 1

Corinthians
Grêmio
Data: 18/08/2018 - sábado às 19h00
Local: Neo Química Arena - Sao Paulo - SP
Transmissão: Premiere
Ref: 182
Rodada: 19
Grupos: ÚNICO

3 x 0

Athletico Paranaense
Flamengo
Data: 19/08/2018 - domingo às 11h00
Local: Arena da Baixada - Curitiba - PR
Transmissão: Premiere
Ref: 190
Rodada: 19
Grupos: ÚNICO

1 x 0

Internacional
Parana
Data: 19/08/2018 - domingo às 11h00
Local: Beira-Rio - Porto Alegre - RS
Transmissão: Premiere
Ref: 184
Rodada: 19
Grupos: ÚNICO

0 x 3

Vitória
Palmeiras
Data: 19/08/2018 - domingo às 16h00
Local: Manoel Barradas - Salvador - BA
Transmissão: Globo, Premiere
Ref: 186
Rodada: 19
Grupos: ÚNICO

0 x 3

Botafogo de Futebol E Regatas
Atlético Mineiro
Data: 19/08/2018 - domingo às 16h00
Local: Nilton Santos - Rio de Janeiro - RJ
Transmissão: Globo, Premiere
Ref: 181
Rodada: 19
Grupos: ÚNICO

1 x 1

Cruzeiro Esporte Clube
Esporte Clube Bahia
Data: 19/08/2018 - domingo às 16h00
Local: Mineirão - Belo Horizonte - MG
Transmissão: Premiere
Ref: 187
Rodada: 19
Grupos: ÚNICO

2 x 0

São Paulo
Chapecoense
Data: 19/08/2018 - domingo às 19h00
Local: Morumbi - Sao Paulo - SP
Transmissão: Premiere
Ref: 183
Rodada: 19
Grupos: ÚNICO

0 x 0

America
Fluminense
Data: 19/08/2018 - domingo às 19h00
Local: Independência - Belo Horizonte - MG
Transmissão: Premiere, SporTV
Ref: 185
Rodada: 19
Grupos: ÚNICO

1 x 1

Vasco da Gama
Ceará
Data: 20/08/2018 - segunda-feira às 20h00
Local: São Januário - Rio de Janeiro - RJ
Transmissão: Premiere, SporTV
Fase Única
Returno
Ref: 197
Rodada: 20
Grupos: ÚNICO

1 x 1

Ceará
Santos Fc
Data: 08/08/2018 - quarta-feira às 19h30
Local: Presidente Vargas - Fortaleza - CE
Transmissão: Premiere
Ref: 192
Rodada: 20
Grupos: ÚNICO

1 x 1

Parana
São Paulo
Data: 22/08/2018 - quarta-feira às 19h30
Local: Durival Britto - Curitiba - PR
Transmissão: Premiere
Ref: 194
Rodada: 20
Grupos: ÚNICO

0 x 1

Esporte Clube Bahia
Internacional
Data: 22/08/2018 - quarta-feira às 19h30
Local: Arena Fonte Nova - Salvador - BA
Transmissão: Premiere
Ref: 198
Rodada: 20
Grupos: ÚNICO

0 x 2

Sport Recife
America
Data: 22/08/2018 - quarta-feira às 21h00
Local: Ilha do Retiro - Recife - PE
Transmissão: Premiere
Ref: 199
Rodada: 20
Grupos: ÚNICO

2 x 0

Palmeiras
Botafogo de Futebol E Regatas
Data: 22/08/2018 - quarta-feira às 21h00
Local: Allianz Parque - Sao Paulo - SP
Transmissão: Premiere
Ref: 195
Rodada: 20
Grupos: ÚNICO

1 x 0

Fluminense
Corinthians
Data: 22/08/2018 - quarta-feira às 21h45
Local: Maracanã - Rio de Janeiro - RJ
Transmissão: Globo, Premiere
Ref: 200
Rodada: 20
Grupos: ÚNICO

1 x 1

Grêmio
Cruzeiro Esporte Clube
Data: 22/08/2018 - quarta-feira às 21h45
Local: Arena do Grêmio - Porto Alegre - RS
Transmissão: Globo, Premiere
Ref: 196
Rodada: 20
Grupos: ÚNICO

1 x 0

Flamengo
Vitória
Data: 23/08/2018 - quinta-feira às 19h30
Local: Maracanã - Rio de Janeiro - RJ
Transmissão: Premiere
Ref: 191
Rodada: 20
Grupos: ÚNICO

0 x 0

Atlético Mineiro
Vasco da Gama
Data: 23/08/2018 - quinta-feira às 20h00
Local: Independência - Belo Horizonte - MG
Transmissão: Premiere, SporTV
Ref: 193
Rodada: 20
Grupos: ÚNICO

2 x 1

Chapecoense
Athletico Paranaense
Data: 13/09/2018 - quinta-feira às 20h00
Local: Arena Condá - Chapeco - SC
Transmissão: Premiere, SporTV
Ref: 201
Rodada: 21
Grupos: ÚNICO

2 x 0

Santos Fc
Esporte Clube Bahia
Data: 25/08/2018 - sábado às 16h00
Local: Vila Belmiro - Santos - SP
Transmissão: Premiere
Ref: 203
Rodada: 21
Grupos: ÚNICO

2 x 1

Athletico Paranaense
Grêmio
Data: 25/08/2018 - sábado às 19h00
Local: Arena da Baixada - Curitiba - PR
Transmissão: Premiere, SporTV
Ref: 202
Rodada: 21
Grupos: ÚNICO

1 x 0

Corinthians
Parana
Data: 25/08/2018 - sábado às 19h00
Local: Neo Química Arena - Sao Paulo - SP
Transmissão: Premiere
Ref: 204
Rodada: 21
Grupos: ÚNICO

2 x 1

Cruzeiro Esporte Clube
Fluminense
Data: 25/08/2018 - sábado às 21h00
Local: Mineirão - Belo Horizonte - MG
Transmissão: Premiere
Ref: 205
Rodada: 21
Grupos: ÚNICO

2 x 0

Botafogo de Futebol E Regatas
Sport Recife
Data: 25/08/2018 - sábado às 21h00
Local: Nilton Santos - Rio de Janeiro - RJ
Transmissão: Premiere
Ref: 206
Rodada: 21
Grupos: ÚNICO

1 x 0

São Paulo
Ceará
Data: 26/08/2018 - domingo às 11h00
Local: Morumbi - Sao Paulo - SP
Transmissão: Premiere
Ref: 208
Rodada: 21
Grupos: ÚNICO

1 x 0

Vitória
Atlético Mineiro
Data: 26/08/2018 - domingo às 16h00
Local: Manoel Barradas - Salvador - BA
Transmissão: Globo, Premiere
Ref: 207
Rodada: 21
Grupos: ÚNICO

2 x 2

America
Flamengo
Data: 26/08/2018 - domingo às 16h00
Local: Independência - Belo Horizonte - MG
Transmissão: Globo, Premiere
Ref: 209
Rodada: 21
Grupos: ÚNICO

0 x 0

Internacional
Palmeiras
Data: 26/08/2018 - domingo às 16h00
Local: Beira-Rio - Porto Alegre - RS
Transmissão: Globo, Premiere
Ref: 210
Rodada: 21
Grupos: ÚNICO

3 x 1

Vasco da Gama
Chapecoense
Data: 26/08/2018 - domingo às 19h00
Local: São Januário - Rio de Janeiro - RJ
Transmissão: Premiere, SporTV
Ref: 212
Rodada: 22
Grupos: ÚNICO

4 x 0

Grêmio
Botafogo de Futebol E Regatas
Data: 01/09/2018 - sábado às 16h00
Local: Arena do Grêmio - Porto Alegre - RS
Transmissão: Premiere
Ref: 211
Rodada: 22
Grupos: ÚNICO

1 x 0

Vitória
America
Data: 01/09/2018 - sábado às 16h00
Local: Manoel Barradas - Salvador - BA
Transmissão: Premiere
Ref: 213
Rodada: 22
Grupos: ÚNICO

0 x 3

Vasco da Gama
Santos Fc
Data: 01/09/2018 - sábado às 19h00
Local: Maracanã - Rio de Janeiro - RJ
Transmissão: Premiere, SporTV
Ref: 214
Rodada: 22
Grupos: ÚNICO

1 x 1

Corinthians
Atlético Mineiro
Data: 01/09/2018 - sábado às 21h00
Local: Neo Química Arena - Sao Paulo - SP
Transmissão: Premiere
Ref: 215
Rodada: 22
Grupos: ÚNICO

0 x 1

Flamengo
Ceará
Data: 02/09/2018 - domingo às 11h00
Local: Maracanã - Rio de Janeiro - RJ
Transmissão: Premiere
Ref: 217
Rodada: 22
Grupos: ÚNICO

1 x 1

São Paulo
Fluminense
Data: 02/09/2018 - domingo às 16h00
Local: Morumbi - Sao Paulo - SP
Transmissão: Globo, Premiere
Ref: 218
Rodada: 22
Grupos: ÚNICO

1 x 0

Sport Recife
Parana
Data: 02/09/2018 - domingo às 16h00
Local: Ilha do Retiro - Recife - PE
Transmissão: Globo, Premiere
Ref: 216
Rodada: 22
Grupos: ÚNICO

2 x 0

Athletico Paranaense
Esporte Clube Bahia
Data: 02/09/2018 - domingo às 16h00
Local: Arena da Baixada - Curitiba - PR
Transmissão: Premiere, SporTV
Ref: 219
Rodada: 22
Grupos: ÚNICO

1 x 2

Chapecoense
Palmeiras
Data: 02/09/2018 - domingo às 19h00
Local: Arena Condá - Chapeco - SC
Transmissão: Premiere
Ref: 220
Rodada: 22
Grupos: ÚNICO

0 x 0

Cruzeiro Esporte Clube
Internacional
Data: 02/09/2018 - domingo às 19h00
Local: Mineirão - Belo Horizonte - MG
Transmissão: Premiere, SporTV
Ref: 222
Rodada: 23
Grupos: ÚNICO

1 x 1

Botafogo de Futebol E Regatas
Cruzeiro Esporte Clube
Data: 05/09/2018 - quarta-feira às 19h30
Local: Nilton Santos - Rio de Janeiro - RJ
Transmissão: Premiere
Ref: 221
Rodada: 23
Grupos: ÚNICO

2 x 0

Esporte Clube Bahia
Sport Recife
Data: 05/09/2018 - quarta-feira às 19h30
Local: Arena Fonte Nova - Salvador - BA
Transmissão: Premiere, SporTV
Ref: 223
Rodada: 23
Grupos: ÚNICO

2 x 1

Ceará
Corinthians
Data: 05/09/2018 - quarta-feira às 20h00
Local: Arena Castelão - Fortaleza - CE
Transmissão: Premiere
Ref: 225
Rodada: 23
Grupos: ÚNICO

2 x 0

Palmeiras
Athletico Paranaense
Data: 05/09/2018 - quarta-feira às 21h00
Local: Allianz Parque - Sao Paulo - SP
Transmissão: Premiere
Ref: 224
Rodada: 23
Grupos: ÚNICO

1 x 1

Parana
Chapecoense
Data: 05/09/2018 - quarta-feira às 21h00
Local: Durival Britto - Curitiba - PR
Transmissão: Premiere
Ref: 226
Rodada: 23
Grupos: ÚNICO

1 x 0

Atlético Mineiro
São Paulo
Data: 05/09/2018 - quarta-feira às 21h45
Local: Independência - Belo Horizonte - MG
Transmissão: Globo, Premiere
Ref: 227
Rodada: 23
Grupos: ÚNICO

2 x 1

Internacional
Flamengo
Data: 05/09/2018 - quarta-feira às 21h45
Local: Beira-Rio - Porto Alegre - RS
Transmissão: Globo, Premiere
Ref: 228
Rodada: 23
Grupos: ÚNICO

0 x 0

Fluminense
Vitória
Data: 06/09/2018 - quinta-feira às 19h00
Local: Maracanã - Rio de Janeiro - RJ
Transmissão: Premiere
Ref: 230
Rodada: 23
Grupos: ÚNICO

0 x 0

Santos Fc
Grêmio
Data: 06/09/2018 - quinta-feira às 19h00
Local: Pacaembu - Sao Paulo - SP
Transmissão: Premiere
Ref: 229
Rodada: 23
Grupos: ÚNICO

2 x 1

America
Vasco da Gama
Data: 06/09/2018 - quinta-feira às 20h00
Local: Independência - Belo Horizonte - MG
Transmissão: Premiere
Ref: 231
Rodada: 24
Grupos: ÚNICO

0 x 0

Sport Recife
Cruzeiro Esporte Clube
Data: 08/09/2018 - sábado às 16h00
Local: Ilha do Retiro - Recife - PE
Transmissão: Premiere
Ref: 232
Rodada: 24
Grupos: ÚNICO

1 x 0

São Paulo
Esporte Clube Bahia
Data: 08/09/2018 - sábado às 19h00
Local: Morumbi - Sao Paulo - SP
Transmissão: Premiere
Ref: 233
Rodada: 24
Grupos: ÚNICO

2 x 0

Flamengo
Chapecoense
Data: 08/09/2018 - sábado às 21h00
Local: Maracanã - Rio de Janeiro - RJ
Transmissão: Premiere
Ref: 235
Rodada: 24
Grupos: ÚNICO

1 x 0

Fluminense
Botafogo de Futebol E Regatas
Data: 09/09/2018 - domingo às 16h00
Local: Maracanã - Rio de Janeiro - RJ
Transmissão: Globo, Premiere
Ref: 236
Rodada: 24
Grupos: ÚNICO

1 x 0

Palmeiras
Corinthians
Data: 09/09/2018 - domingo às 16h00
Local: Allianz Parque - Sao Paulo - SP
Transmissão: Globo, Premiere
Ref: 237
Rodada: 24
Grupos: ÚNICO

1 x 0

Internacional
Grêmio
Data: 09/09/2018 - domingo às 16h00
Local: Beira-Rio - Porto Alegre - RS
Transmissão: Globo, Premiere
Ref: 234
Rodada: 24
Grupos: ÚNICO

0 x 0

America
Ceará
Data: 09/09/2018 - domingo às 16h00
Local: Independência - Belo Horizonte - MG
Transmissão: Premiere
Ref: 238
Rodada: 24
Grupos: ÚNICO

1 x 0

Vitória
Vasco da Gama
Data: 09/09/2018 - domingo às 19h00
Local: Manoel Barradas - Salvador - BA
Transmissão: Premiere
Ref: 239
Rodada: 24
Grupos: ÚNICO

0 x 2

Parana
Santos Fc
Data: 09/09/2018 - domingo às 19h00
Local: Durival Britto - Curitiba - PR
Transmissão: Premiere, SporTV
Ref: 240
Rodada: 24
Grupos: ÚNICO

3 x 1

Atlético Mineiro
Athletico Paranaense
Data: 10/09/2018 - segunda-feira às 20h00
Local: Independência - Belo Horizonte - MG
Transmissão: Premiere, SporTV
Ref: 241
Rodada: 25
Grupos: ÚNICO

2 x 0

Ceará
Vitória
Data: 15/09/2018 - sábado às 16h00
Local: Arena Castelão - Fortaleza - CE
Transmissão: Premiere
Ref: 249
Rodada: 25
Grupos: ÚNICO

2 x 0

Grêmio
Parana
Data: 15/09/2018 - sábado às 16h00
Local: Arena do Grêmio - Porto Alegre - RS
Transmissão: Premiere, SporTV
Ref: 242
Rodada: 25
Grupos: ÚNICO

1 x 1

Vasco da Gama
Flamengo
Data: 15/09/2018 - sábado às 19h00
Local: Mané Garrincha - Brasilia - DF
Transmissão: Premiere
Ref: 243
Rodada: 25
Grupos: ÚNICO

1 x 0

Botafogo de Futebol E Regatas
America
Data: 16/09/2018 - domingo às 11h00
Local: Nilton Santos - Rio de Janeiro - RJ
Transmissão: Premiere
Ref: 246
Rodada: 25
Grupos: ÚNICO

1 x 1

Esporte Clube Bahia
Palmeiras
Data: 16/09/2018 - domingo às 16h00
Local: Arena Fonte Nova - Salvador - BA
Transmissão: Premiere
Ref: 245
Rodada: 25
Grupos: ÚNICO

3 x 1

Athletico Paranaense
Fluminense
Data: 16/09/2018 - domingo às 16h00
Local: Arena da Baixada - Curitiba - PR
Transmissão: Globo, Premiere
Ref: 244
Rodada: 25
Grupos: ÚNICO

0 x 0

Cruzeiro Esporte Clube
Atlético Mineiro
Data: 16/09/2018 - domingo às 16h00
Local: Mineirão - Belo Horizonte - MG
Transmissão: Globo, Premiere
Ref: 247
Rodada: 25
Grupos: ÚNICO

0 x 0

Santos Fc
São Paulo
Data: 16/09/2018 - domingo às 16h00
Local: Vila Belmiro - Santos - SP
Transmissão: Globo, Premiere
Ref: 248
Rodada: 25
Grupos: ÚNICO

2 x 1

Corinthians
Sport Recife
Data: 16/09/2018 - domingo às 19h00
Local: Neo Química Arena - Sao Paulo - SP
Transmissão: Premiere, SporTV
Ref: 250
Rodada: 25
Grupos: ÚNICO

2 x 1

Chapecoense
Internacional
Data: 17/09/2018 - segunda-feira às 20h00
Local: Arena Condá - Chapeco - SC
Transmissão: Premiere, SporTV
Ref: 251
Rodada: 26
Grupos: ÚNICO

1 x 1

São Paulo
America
Data: 22/09/2018 - sábado às 16h00
Local: Morumbi - Sao Paulo - SP
Transmissão: Premiere
Ref: 254
Rodada: 26
Grupos: ÚNICO

3 x 2

Grêmio
Ceará
Data: 23/09/2018 - domingo às 11h00
Local: Arena do Grêmio - Porto Alegre - RS
Transmissão: Premiere
Ref: 255
Rodada: 26
Grupos: ÚNICO

3 x 0

Athletico Paranaense
Parana
Data: 23/09/2018 - domingo às 16h00
Local: Arena da Baixada - Curitiba - PR
Transmissão: Premiere
Ref: 252
Rodada: 26
Grupos: ÚNICO

2 x 1

Flamengo
Atlético Mineiro
Data: 23/09/2018 - domingo às 16h00
Local: Maracanã - Rio de Janeiro - RJ
Transmissão: Globo, Premiere
Ref: 258
Rodada: 26
Grupos: ÚNICO

1 x 1

Corinthians
Internacional
Data: 23/09/2018 - domingo às 16h00
Local: Neo Química Arena - Sao Paulo - SP
Transmissão: Globo, Premiere
Ref: 253
Rodada: 26
Grupos: ÚNICO

3 x 4

Vitória
Botafogo de Futebol E Regatas
Data: 23/09/2018 - domingo às 18h00
Local: Manoel Barradas - Salvador - BA
Transmissão: Premiere
Ref: 257
Rodada: 26
Grupos: ÚNICO

0 x 1

Sport Recife
Palmeiras
Data: 23/09/2018 - domingo às 18h00
Local: Ilha do Retiro - Recife - PE
Transmissão: Premiere
Ref: 259
Rodada: 26
Grupos: ÚNICO

2 x 1

Cruzeiro Esporte Clube
Santos Fc
Data: 23/09/2018 - domingo às 19h00
Local: Mineirão - Belo Horizonte - MG
Transmissão: Premiere, SporTV
Ref: 256
Rodada: 26
Grupos: ÚNICO

2 x 1

Vasco da Gama
Esporte Clube Bahia
Data: 24/09/2018 - segunda-feira às 20h00
Local: São Januário - Rio de Janeiro - RJ
Transmissão: Premiere
Ref: 260
Rodada: 26
Grupos: ÚNICO

1 x 2

Chapecoense
Fluminense
Data: 24/09/2018 - segunda-feira às 20h00
Local: Arena Condá - Chapeco - SC
Transmissão: Premiere, SporTV
Ref: 261
Rodada: 27
Grupos: ÚNICO

0 x 1

Fluminense
Grêmio
Data: 29/09/2018 - sábado às 16h00
Local: Nilton Santos - Rio de Janeiro - RJ
Transmissão: Premiere
Ref: 262
Rodada: 27
Grupos: ÚNICO

0 x 0

America
Corinthians
Data: 29/09/2018 - sábado às 19h00
Local: Independência - Belo Horizonte - MG
Transmissão: Premiere
Ref: 263
Rodada: 27
Grupos: ÚNICO

0 x 0

Esporte Clube Bahia
Flamengo
Data: 29/09/2018 - sábado às 21h00
Local: Arena Fonte Nova - Salvador - BA
Transmissão: Premiere
Ref: 264
Rodada: 27
Grupos: ÚNICO

3 x 1

Palmeiras
Cruzeiro Esporte Clube
Data: 30/09/2018 - domingo às 11h00
Local: Pacaembu - Sao Paulo - SP
Transmissão: Premiere
Ref: 266
Rodada: 27
Grupos: ÚNICO

2 x 2

Botafogo de Futebol E Regatas
São Paulo
Data: 30/09/2018 - domingo às 16h00
Local: Nilton Santos - Rio de Janeiro - RJ
Transmissão: Globo, Premiere
Ref: 265
Rodada: 27
Grupos: ÚNICO

5 x 2

Atlético Mineiro
Sport Recife
Data: 30/09/2018 - domingo às 16h00
Local: Independência - Belo Horizonte - MG
Transmissão: Globo, Premiere
Ref: 268
Rodada: 27
Grupos: ÚNICO

2 x 1

Internacional
Vitória
Data: 30/09/2018 - domingo às 16h00
Local: Beira-Rio - Porto Alegre - RS
Transmissão: Globo, Premiere
Ref: 267
Rodada: 27
Grupos: ÚNICO

1 x 0

Santos Fc
Athletico Paranaense
Data: 30/09/2018 - domingo às 16h00
Local: Vila Belmiro - Santos - SP
Transmissão: Premiere
Ref: 269
Rodada: 27
Grupos: ÚNICO

3 x 1

Ceará
Chapecoense
Data: 30/09/2018 - domingo às 19h00
Local: Arena Castelão - Fortaleza - CE
Transmissão: Premiere, SporTV
Ref: 270
Rodada: 27
Grupos: ÚNICO

1 x 1

Parana
Vasco da Gama
Data: 01/10/2018 - segunda-feira às 20h00
Local: Durival Britto - Curitiba - PR
Transmissão: Premiere, SporTV
Ref: 271
Rodada: 28
Grupos: ÚNICO

2 x 1

Sport Recife
Internacional
Data: 05/10/2018 - sexta-feira às 19h00
Local: Ilha do Retiro - Recife - PE
Transmissão: Premiere
Ref: 272
Rodada: 28
Grupos: ÚNICO

0 x 3

Corinthians
Flamengo
Data: 05/10/2018 - sexta-feira às 21h00
Local: Neo Química Arena - Sao Paulo - SP
Transmissão: Premiere
Ref: 273
Rodada: 28
Grupos: ÚNICO

0 x 1

Vitória
Santos Fc
Data: 05/10/2018 - sexta-feira às 21h30
Local: Manoel Barradas - Salvador - BA
Transmissão: Premiere
Ref: 275
Rodada: 28
Grupos: ÚNICO

1 x 0

Chapecoense
Atlético Mineiro
Data: 06/10/2018 - sábado às 16h00
Local: Arena Condá - Chapeco - SC
Transmissão: Premiere
Ref: 274
Rodada: 28
Grupos: ÚNICO

4 x 0

Athletico Paranaense
America
Data: 06/10/2018 - sábado às 16h00
Local: Arena da Baixada - Curitiba - PR
Transmissão: Premiere
Ref: 276
Rodada: 28
Grupos: ÚNICO

0 x 2

São Paulo
Palmeiras
Data: 06/10/2018 - sábado às 18h00
Local: Morumbi - Sao Paulo - SP
Transmissão: Premiere
Ref: 277
Rodada: 28
Grupos: ÚNICO

2 x 2

Grêmio
Esporte Clube Bahia
Data: 06/10/2018 - sábado às 21h00
Local: Arena do Grêmio - Porto Alegre - RS
Transmissão: Premiere, SporTV
Ref: 278
Rodada: 28
Grupos: ÚNICO

4 x 0

Fluminense
Parana
Data: 08/10/2018 - segunda-feira às 20h00
Local: Maracanã - Rio de Janeiro - RJ
Transmissão: Premiere, SporTV
Ref: 279
Rodada: 28
Grupos: ÚNICO

1 x 1

Botafogo de Futebol E Regatas
Vasco da Gama
Data: 09/10/2018 - terça-feira às 21h00
Local: Nilton Santos - Rio de Janeiro - RJ
Transmissão: Premiere
Ref: 280
Rodada: 28
Grupos: ÚNICO

0 x 2

Cruzeiro Esporte Clube
Ceará
Data: 24/10/2018 - quarta-feira às 19h30
Local: Mineirão - Belo Horizonte - MG
Transmissão: Premiere
Ref: 282
Rodada: 29
Grupos: ÚNICO

3 x 0

Flamengo
Fluminense
Data: 13/10/2018 - sábado às 17h00
Local: Maracanã - Rio de Janeiro - RJ
Transmissão: Premiere
Ref: 283
Rodada: 29
Grupos: ÚNICO

1 x 0

Santos Fc
Corinthians
Data: 13/10/2018 - sábado às 19h00
Local: Pacaembu - Sao Paulo - SP
Transmissão: Premiere
Ref: 284
Rodada: 29
Grupos: ÚNICO

2 x 0

Esporte Clube Bahia
Parana
Data: 13/10/2018 - sábado às 21h00
Local: Pituaçu - Salvador - BA
Transmissão: Premiere
Ref: 285
Rodada: 29
Grupos: ÚNICO

0 x 1

Chapecoense
Vitória
Data: 14/10/2018 - domingo às 11h00
Local: Arena Condá - Chapeco - SC
Transmissão: Premiere
Ref: 286
Rodada: 29
Grupos: ÚNICO

2 x 0

Vasco da Gama
Cruzeiro Esporte Clube
Data: 14/10/2018 - domingo às 16h00
Local: São Januário - Rio de Janeiro - RJ
Transmissão: Globo, Premiere
Ref: 287
Rodada: 29
Grupos: ÚNICO

2 x 0

Palmeiras
Grêmio
Data: 14/10/2018 - domingo às 16h00
Local: Pacaembu - Sao Paulo - SP
Transmissão: Globo, Premiere
Ref: 288
Rodada: 29
Grupos: ÚNICO

3 x 1

Internacional
São Paulo
Data: 14/10/2018 - domingo às 16h00
Local: Beira-Rio - Porto Alegre - RS
Transmissão: Globo, Premiere
Ref: 289
Rodada: 29
Grupos: ÚNICO

4 x 0

Athletico Paranaense
Sport Recife
Data: 14/10/2018 - domingo às 19h00
Local: Arena da Baixada - Curitiba - PR
Transmissão: Premiere, SporTV
Ref: 281
Rodada: 29
Grupos: ÚNICO

0 x 0

Atlético Mineiro
America
Data: 14/10/2018 - domingo às 19h00
Local: Independência - Belo Horizonte - MG
Transmissão: Premiere
Ref: 290
Rodada: 29
Grupos: ÚNICO

0 x 0

Ceará
Botafogo de Futebol E Regatas
Data: 15/10/2018 - segunda-feira às 20h00
Local: Arena Castelão - Fortaleza - CE
Transmissão: Premiere, SporTV
Ref: 291
Rodada: 30
Grupos: ÚNICO

0 x 1

Botafogo de Futebol E Regatas
Esporte Clube Bahia
Data: 20/10/2018 - sábado às 16h00
Local: Nilton Santos - Rio de Janeiro - RJ
Transmissão: Premiere
Ref: 294
Rodada: 30
Grupos: ÚNICO

1 x 1

America
Grêmio
Data: 20/10/2018 - sábado às 16h00
Local: Independência - Belo Horizonte - MG
Transmissão: Premiere
Ref: 293
Rodada: 30
Grupos: ÚNICO

2 x 1

Sport Recife
Vasco da Gama
Data: 20/10/2018 - sábado às 19h00
Local: Ilha do Retiro - Recife - PE
Transmissão: Premiere
Ref: 292
Rodada: 30
Grupos: ÚNICO

0 x 0

São Paulo
Athletico Paranaense
Data: 20/10/2018 - sábado às 19h00
Local: Morumbi - Sao Paulo - SP
Transmissão: Premiere
Ref: 297
Rodada: 30
Grupos: ÚNICO

2 x 1

Palmeiras
Ceará
Data: 21/10/2018 - domingo às 16h00
Local: Pacaembu - Sao Paulo - SP
Transmissão: Premiere
Ref: 295
Rodada: 30
Grupos: ÚNICO

2 x 2

Vitória
Corinthians
Data: 21/10/2018 - domingo às 16h00
Local: Manoel Barradas - Salvador - BA
Transmissão: Globo, Premiere
Ref: 296
Rodada: 30
Grupos: ÚNICO

1 x 0

Fluminense
Atlético Mineiro
Data: 21/10/2018 - domingo às 16h00
Local: Nilton Santos - Rio de Janeiro - RJ
Transmissão: Globo, Premiere
Ref: 299
Rodada: 30
Grupos: ÚNICO

0 x 4

Parana
Flamengo
Data: 21/10/2018 - domingo às 19h00
Local: Durival Britto - Curitiba - PR
Transmissão: Premiere
Ref: 298
Rodada: 30
Grupos: ÚNICO

3 x 0

Cruzeiro Esporte Clube
Chapecoense
Data: 21/10/2018 - domingo às 19h00
Local: Independência - Belo Horizonte - MG
Transmissão: Premiere, SporTV
Ref: 300
Rodada: 30
Grupos: ÚNICO

2 x 2

Internacional
Santos Fc
Data: 22/10/2018 - segunda-feira às 20h00
Local: Beira-Rio - Porto Alegre - RS
Transmissão: Premiere, SporTV
Ref: 301
Rodada: 31
Grupos: ÚNICO

0 x 1

Vitória
São Paulo
Data: 26/10/2018 - sexta-feira às 19h30
Local: Manoel Barradas - Salvador - BA
Transmissão: Premiere
Ref: 302
Rodada: 31
Grupos: ÚNICO

1 x 1

Vasco da Gama
Internacional
Data: 26/10/2018 - sexta-feira às 21h30
Local: São Januário - Rio de Janeiro - RJ
Transmissão: Premiere
Ref: 304
Rodada: 31
Grupos: ÚNICO

3 x 0

Santos Fc
Fluminense
Data: 27/10/2018 - sábado às 16h30
Local: Vila Belmiro - Santos - SP
Transmissão: Globo, Premiere
Ref: 305
Rodada: 31
Grupos: ÚNICO

3 x 4

Grêmio
Sport Recife
Data: 27/10/2018 - sábado às 16h30
Local: Arena do Grêmio - Porto Alegre - RS
Transmissão: Globo, Premiere
Ref: 306
Rodada: 31
Grupos: ÚNICO

2 x 1

Corinthians
Esporte Clube Bahia
Data: 27/10/2018 - sábado às 19h00
Local: Neo Química Arena - Sao Paulo - SP
Transmissão: Premiere
Ref: 307
Rodada: 31
Grupos: ÚNICO

1 x 1

Flamengo
Palmeiras
Data: 27/10/2018 - sábado às 19h00
Local: Maracanã - Rio de Janeiro - RJ
Transmissão: Premiere
Ref: 310
Rodada: 31
Grupos: ÚNICO

1 x 0

Chapecoense
America
Data: 27/10/2018 - sábado às 19h00
Local: Arena Condá - Chapeco - SC
Transmissão: Premiere
Ref: 309
Rodada: 31
Grupos: ÚNICO

2 x 1

Athletico Paranaense
Botafogo de Futebol E Regatas
Data: 27/10/2018 - sábado às 21h00
Local: Arena da Baixada - Curitiba - PR
Transmissão: Premiere
Ref: 308
Rodada: 31
Grupos: ÚNICO

3 x 1

Cruzeiro Esporte Clube
Parana
Data: 27/10/2018 - sábado às 21h00
Local: Mineirão - Belo Horizonte - MG
Transmissão: Premiere, SporTV
Ref: 303
Rodada: 31
Grupos: ÚNICO

2 x 1

Ceará
Atlético Mineiro
Data: 29/10/2018 - segunda-feira às 20h00
Local: Arena Castelão - Fortaleza - CE
Transmissão: Premiere, SporTV
Ref: 312
Rodada: 32
Grupos: ÚNICO

0 x 1

Fluminense
Vasco da Gama
Data: 03/11/2018 - sábado às 17h00
Local: Maracanã - Rio de Janeiro - RJ
Transmissão: Premiere
Ref: 313
Rodada: 32
Grupos: ÚNICO

0 x 1

Atlético Mineiro
Grêmio
Data: 03/11/2018 - sábado às 17h00
Local: Independência - Belo Horizonte - MG
Transmissão: Premiere
Ref: 318
Rodada: 32
Grupos: ÚNICO

3 x 2

Palmeiras
Santos Fc
Data: 03/11/2018 - sábado às 19h00
Local: Allianz Parque - Sao Paulo - SP
Transmissão: Premiere
Ref: 311
Rodada: 32
Grupos: ÚNICO

2 x 2

São Paulo
Flamengo
Data: 04/11/2018 - domingo às 17h00
Local: Morumbi - Sao Paulo - SP
Transmissão: Globo, Premiere
Ref: 316
Rodada: 32
Grupos: ÚNICO

1 x 0

Botafogo de Futebol E Regatas
Corinthians
Data: 04/11/2018 - domingo às 17h00
Local: Nilton Santos - Rio de Janeiro - RJ
Transmissão: Globo, Premiere
Ref: 315
Rodada: 32
Grupos: ÚNICO

1 x 2

America
Cruzeiro Esporte Clube
Data: 04/11/2018 - domingo às 17h00
Local: Independência - Belo Horizonte - MG
Transmissão: Globo, Premiere
Ref: 314
Rodada: 32
Grupos: ÚNICO

1 x 1

Parana
Vitória
Data: 04/11/2018 - domingo às 17h00
Local: Durival Britto - Curitiba - PR
Transmissão: Globo, Premiere
Ref: 317
Rodada: 32
Grupos: ÚNICO

1 x 0

Esporte Clube Bahia
Chapecoense
Data: 04/11/2018 - domingo às 19h00
Local: Arena Fonte Nova - Salvador - BA
Transmissão: Premiere
Ref: 319
Rodada: 32
Grupos: ÚNICO

2 x 1

Internacional
Athletico Paranaense
Data: 04/11/2018 - domingo às 19h00
Local: Beira-Rio - Porto Alegre - RS
Transmissão: Premiere, SporTV
Ref: 320
Rodada: 32
Grupos: ÚNICO

1 x 0

Sport Recife
Ceará
Data: 05/11/2018 - segunda-feira às 20h00
Local: Ilha do Retiro - Recife - PE
Transmissão: Premiere, SporTV
Ref: 321
Rodada: 33
Grupos: ÚNICO

1 x 1

Corinthians
São Paulo
Data: 10/11/2018 - sábado às 17h00
Local: Neo Química Arena - Sao Paulo - SP
Transmissão: Premiere
Ref: 324
Rodada: 33
Grupos: ÚNICO

0 x 1

America
Parana
Data: 10/11/2018 - sábado às 17h00
Local: Independência - Belo Horizonte - MG
Transmissão: Premiere
Ref: 322
Rodada: 33
Grupos: ÚNICO

2 x 1

Botafogo de Futebol E Regatas
Flamengo
Data: 10/11/2018 - sábado às 19h00
Local: Nilton Santos - Rio de Janeiro - RJ
Transmissão: Premiere
Ref: 323
Rodada: 33
Grupos: ÚNICO

2 x 0

Athletico Paranaense
Cruzeiro Esporte Clube
Data: 10/11/2018 - sábado às 19h00
Local: Arena da Baixada - Curitiba - PR
Transmissão: Premiere
Ref: 328
Rodada: 33
Grupos: ÚNICO

2 x 1

Grêmio
Vasco da Gama
Data: 11/11/2018 - domingo às 17h00
Local: Arena do Grêmio - Porto Alegre - RS
Transmissão: Globo, Premiere
Ref: 326
Rodada: 33
Grupos: ÚNICO

2 x 2

Vitória
Esporte Clube Bahia
Data: 11/11/2018 - domingo às 17h00
Local: Manoel Barradas - Salvador - BA
Transmissão: Globo, Premiere
Ref: 325
Rodada: 33
Grupos: ÚNICO

1 x 1

Atlético Mineiro
Palmeiras
Data: 11/11/2018 - domingo às 17h00
Local: Independência - Belo Horizonte - MG
Transmissão: Globo, Premiere
Ref: 330
Rodada: 33
Grupos: ÚNICO

1 x 1

Ceará
Internacional
Data: 11/11/2018 - domingo às 17h00
Local: Arena Castelão - Fortaleza - CE
Transmissão: Premiere
Ref: 329
Rodada: 33
Grupos: ÚNICO

0 x 0

Fluminense
Sport Recife
Data: 11/11/2018 - domingo às 19h00
Local: Maracanã - Rio de Janeiro - RJ
Transmissão: Premiere, SporTV
Ref: 327
Rodada: 33
Grupos: ÚNICO

0 x 1

Santos Fc
Chapecoense
Data: 12/11/2018 - segunda-feira às 20h00
Local: Pacaembu - Sao Paulo - SP
Transmissão: Premiere, SporTV
Ref: 331
Rodada: 34
Grupos: ÚNICO

1 x 1

Vasco da Gama
Athletico Paranaense
Data: 14/11/2018 - quarta-feira às 19h30
Local: São Januário - Rio de Janeiro - RJ
Transmissão: Premiere, SporTV
Ref: 332
Rodada: 34
Grupos: ÚNICO

0 x 1

Parana
Atlético Mineiro
Data: 14/11/2018 - quarta-feira às 21h00
Local: Durival Britto - Curitiba - PR
Transmissão: Premiere
Ref: 333
Rodada: 34
Grupos: ÚNICO

2 x 1

Esporte Clube Bahia
Ceará
Data: 14/11/2018 - quarta-feira às 21h00
Local: Arena Fonte Nova - Salvador - BA
Transmissão: Premiere
Ref: 336
Rodada: 34
Grupos: ÚNICO

3 x 0

Palmeiras
Fluminense
Data: 14/11/2018 - quarta-feira às 21h45
Local: Allianz Parque - Sao Paulo - SP
Transmissão: Globo, Premiere
Ref: 334
Rodada: 34
Grupos: ÚNICO

1 x 0

Cruzeiro Esporte Clube
Corinthians
Data: 14/11/2018 - quarta-feira às 21h45
Local: Mineirão - Belo Horizonte - MG
Transmissão: Globo, Premiere
Ref: 335
Rodada: 34
Grupos: ÚNICO

0 x 0

Sport Recife
Vitória
Data: 14/11/2018 - quarta-feira às 21h45
Local: Ilha do Retiro - Recife - PE
Transmissão: Globo, Premiere
Ref: 338
Rodada: 34
Grupos: ÚNICO

1 x 0

Flamengo
Santos Fc
Data: 15/11/2018 - quinta-feira às 17h00
Local: Maracanã - Rio de Janeiro - RJ
Transmissão: Premiere
Ref: 337
Rodada: 34
Grupos: ÚNICO

0 x 1

Chapecoense
Botafogo de Futebol E Regatas
Data: 15/11/2018 - quinta-feira às 17h00
Local: Arena Condá - Chapeco - SC
Transmissão: Premiere
Ref: 339
Rodada: 34
Grupos: ÚNICO

1 x 1

São Paulo
Grêmio
Data: 15/11/2018 - quinta-feira às 19h00
Local: Morumbi - Sao Paulo - SP
Transmissão: Premiere
Ref: 340
Rodada: 34
Grupos: ÚNICO

2 x 0

Internacional
America
Data: 15/11/2018 - quinta-feira às 21h00
Local: Beira-Rio - Porto Alegre - RS
Transmissão: Premiere, SporTV
Ref: 341
Rodada: 35
Grupos: ÚNICO

1 x 2

Vitória
Athletico Paranaense
Data: 17/11/2018 - sábado às 19h00
Local: Manoel Barradas - Salvador - BA
Transmissão: Premiere
Ref: 342
Rodada: 35
Grupos: ÚNICO

1 x 0

Corinthians
Vasco da Gama
Data: 17/11/2018 - sábado às 19h00
Local: Neo Química Arena - Sao Paulo - SP
Transmissão: Premiere
Ref: 350
Rodada: 35
Grupos: ÚNICO

1 x 0

Atlético Mineiro
Esporte Clube Bahia
Data: 17/11/2018 - sábado às 21h00
Local: Independência - Belo Horizonte - MG
Transmissão: Premiere
Ref: 347
Rodada: 35
Grupos: ÚNICO

0 x 1

Sport Recife
Flamengo
Data: 18/11/2018 - domingo às 17h00
Local: Ilha do Retiro - Recife - PE
Transmissão: Globo, Premiere
Ref: 346
Rodada: 35
Grupos: ÚNICO

1 x 0

Botafogo de Futebol E Regatas
Internacional
Data: 18/11/2018 - domingo às 17h00
Local: Nilton Santos - Rio de Janeiro - RJ
Transmissão: Globo, Premiere
Ref: 344
Rodada: 35
Grupos: ÚNICO

1 x 1

Parana
Palmeiras
Data: 18/11/2018 - domingo às 17h00
Local: Do Café - Londrina - PR
Transmissão: Globo, Premiere
Ref: 345
Rodada: 35
Grupos: ÚNICO

2 x 1

America
Santos Fc
Data: 18/11/2018 - domingo às 17h00
Local: Independência - Belo Horizonte - MG
Transmissão: Premiere
Ref: 349
Rodada: 35
Grupos: ÚNICO

2 x 0

Grêmio
Chapecoense
Data: 18/11/2018 - domingo às 19h00
Local: Arena do Grêmio - Porto Alegre - RS
Transmissão: Premiere, SporTV
Ref: 348
Rodada: 35
Grupos: ÚNICO

1 x 0

São Paulo
Cruzeiro Esporte Clube
Data: 18/11/2018 - domingo às 19h00
Local: Morumbi - Sao Paulo - SP
Transmissão: Premiere
Ref: 343
Rodada: 35
Grupos: ÚNICO

0 x 0

Fluminense
Ceará
Data: 19/11/2018 - segunda-feira às 20h00
Local: Maracanã - Rio de Janeiro - RJ
Transmissão: Premiere, SporTV
Ref: 351
Rodada: 36
Grupos: ÚNICO

1 x 2

Internacional
Atlético Mineiro
Data: 21/11/2018 - quarta-feira às 19h30
Local: Beira-Rio - Porto Alegre - RS
Transmissão: Premiere, SporTV
Ref: 352
Rodada: 36
Grupos: ÚNICO

1 x 1

Santos Fc
Botafogo de Futebol E Regatas
Data: 21/11/2018 - quarta-feira às 21h00
Local: Vila Belmiro - Santos - SP
Transmissão: Premiere
Ref: 354
Rodada: 36
Grupos: ÚNICO

1 x 0

Athletico Paranaense
Corinthians
Data: 21/11/2018 - quarta-feira às 21h45
Local: Arena da Baixada - Curitiba - PR
Transmissão: Premiere
Ref: 355
Rodada: 36
Grupos: ÚNICO

2 x 0

Flamengo
Grêmio
Data: 21/11/2018 - quarta-feira às 21h45
Local: Maracanã - Rio de Janeiro - RJ
Transmissão: Globo, Premiere
Ref: 353
Rodada: 36
Grupos: ÚNICO

3 x 0

Cruzeiro Esporte Clube
Vitória
Data: 21/11/2018 - quarta-feira às 21h45
Local: Mineirão - Belo Horizonte - MG
Transmissão: Globo, Premiere
Ref: 356
Rodada: 36
Grupos: ÚNICO

4 x 0

Palmeiras
America
Data: 21/11/2018 - quarta-feira às 21h45
Local: Allianz Parque - Sao Paulo - SP
Transmissão: Globo, Premiere
Ref: 357
Rodada: 36
Grupos: ÚNICO

2 x 0

Vasco da Gama
São Paulo
Data: 22/11/2018 - quinta-feira às 20h00
Local: São Januário - Rio de Janeiro - RJ
Transmissão: Premiere
Ref: 359
Rodada: 36
Grupos: ÚNICO

2 x 0

Esporte Clube Bahia
Fluminense
Data: 22/11/2018 - quinta-feira às 21h00
Local: Arena Fonte Nova - Salvador - BA
Transmissão: Premiere
Ref: 358
Rodada: 36
Grupos: ÚNICO

2 x 1

Chapecoense
Sport Recife
Data: 22/11/2018 - quinta-feira às 21h00
Local: Arena Condá - Chapeco - SC
Transmissão: Premiere, SporTV
Ref: 360
Rodada: 36
Grupos: ÚNICO

1 x 0

Ceará
Parana
Data: 22/11/2018 - quinta-feira às 21h00
Local: Arena Castelão - Fortaleza - CE
Transmissão: Premiere
Ref: 361
Rodada: 37
Grupos: ÚNICO

3 x 2

Santos Fc
Atlético Mineiro
Data: 24/11/2018 - sábado às 20h00
Local: Vila Belmiro - Santos - SP
Transmissão: Premiere
Ref: 365
Rodada: 37
Grupos: ÚNICO

2 x 2

Athletico Paranaense
Ceará
Data: 25/11/2018 - domingo às 17h00
Local: Arena da Baixada - Curitiba - PR
Transmissão: Premiere
Ref: 364
Rodada: 37
Grupos: ÚNICO

0 x 1

Vasco da Gama
Palmeiras
Data: 25/11/2018 - domingo às 17h00
Local: São Januário - Rio de Janeiro - RJ
Transmissão: Globo, Premiere
Ref: 362
Rodada: 37
Grupos: ÚNICO

0 x 2

Cruzeiro Esporte Clube
Flamengo
Data: 25/11/2018 - domingo às 17h00
Local: Mineirão - Belo Horizonte - MG
Transmissão: Globo, Premiere
Ref: 363
Rodada: 37
Grupos: ÚNICO

0 x 0

Vitória
Grêmio
Data: 25/11/2018 - domingo às 17h00
Local: Manoel Barradas - Salvador - BA
Transmissão: Globo, Premiere
Ref: 367
Rodada: 37
Grupos: ÚNICO

0 x 0

Corinthians
Chapecoense
Data: 25/11/2018 - domingo às 19h00
Local: Neo Química Arena - Sao Paulo - SP
Transmissão: Premiere
Ref: 366
Rodada: 37
Grupos: ÚNICO

1 x 0

America
Esporte Clube Bahia
Data: 25/11/2018 - domingo às 19h00
Local: Independência - Belo Horizonte - MG
Transmissão: Premiere
Ref: 368
Rodada: 37
Grupos: ÚNICO

2 x 0

Internacional
Fluminense
Data: 25/11/2018 - domingo às 19h00
Local: Beira-Rio - Porto Alegre - RS
Transmissão: Premiere, SporTV
Ref: 369
Rodada: 37
Grupos: ÚNICO

2 x 1

Botafogo de Futebol E Regatas
Parana
Data: 26/11/2018 - segunda-feira às 20h00
Local: Nilton Santos - Rio de Janeiro - RJ
Transmissão: Premiere
Ref: 370
Rodada: 37
Grupos: ÚNICO

0 x 0

São Paulo
Sport Recife
Data: 26/11/2018 - segunda-feira às 20h00
Local: Morumbi - Sao Paulo - SP
Transmissão: Premiere, SporTV
Ref: 371
Rodada: 38
Grupos: ÚNICO

1 x 0

Atlético Mineiro
Botafogo de Futebol E Regatas
Data: 01/12/2018 - sábado às 19h00
Local: Independência - Belo Horizonte - MG
Transmissão: Premiere
Ref: 376
Rodada: 38
Grupos: ÚNICO

1 x 2

Flamengo
Athletico Paranaense
Data: 01/12/2018 - sábado às 19h00
Local: Maracanã - Rio de Janeiro - RJ
Transmissão: Premiere, SporTV
Ref: 372
Rodada: 38
Grupos: ÚNICO

1 x 1

Parana
Internacional
Data: 02/12/2018 - domingo às 17h00
Local: Durival Britto - Curitiba - PR
Transmissão: Premiere
Ref: 373
Rodada: 38
Grupos: ÚNICO

1 x 0

Chapecoense
São Paulo
Data: 02/12/2018 - domingo às 17h00
Local: Arena Condá - Chapeco - SC
Transmissão: Premiere
Ref: 375
Rodada: 38
Grupos: ÚNICO

1 x 0

Fluminense
America
Data: 02/12/2018 - domingo às 17h00
Local: Maracanã - Rio de Janeiro - RJ
Transmissão: Premiere
Ref: 380
Rodada: 38
Grupos: ÚNICO

1 x 0

Grêmio
Corinthians
Data: 02/12/2018 - domingo às 17h00
Local: Arena do Grêmio - Porto Alegre - RS
Transmissão: Premiere
Ref: 378
Rodada: 38
Grupos: ÚNICO

2 x 1

Sport Recife
Santos Fc
Data: 02/12/2018 - domingo às 17h00
Local: Ilha do Retiro - Recife - PE
Transmissão: Premiere
Ref: 379
Rodada: 38
Grupos: ÚNICO

3 x 2

Palmeiras
Vitória
Data: 02/12/2018 - domingo às 17h00
Local: Allianz Parque - Sao Paulo - SP
Transmissão: Globo, Premiere
Ref: 374
Rodada: 38
Grupos: ÚNICO

0 x 0

Esporte Clube Bahia
Cruzeiro Esporte Clube
Data: 02/12/2018 - domingo às 17h00
Local: Pituaçu - Salvador - BA
Transmissão: Premiere
Ref: 377
Rodada: 38
Grupos: ÚNICO

0 x 0

Ceará
Vasco da Gama
Data: 02/12/2018 - domingo às 17h00
Local: Arena Castelão - Fortaleza - CE
Transmissão: Globo, Premiere