Ref: 003
Rodada: 1

1 x 1

Palmeiras
Vasco da Gama
Data: 26/01/2021 - terça-feira às 20h00
Local: Allianz Parque - Sao Paulo - SP
Transmissão: Premiere
Ref: 009
Rodada: 1

0 x 2

Fortaleza
Athletico Paranaense
Data: 08/08/2020 - sábado às 19h00
Local: Arena Castelão - Fortaleza - CE
Ref: 008
Rodada: 1

0 x 1

Coritiba
Internacional
Data: 08/08/2020 - sábado às 19h30
Local: Couto Pereira - Curitiba - PR
Transmissão: Premiere, TNT
Ref: 007
Rodada: 1

3 x 2

Sport Recife
Ceará
Data: 08/08/2020 - sábado às 21h00
Local: Ilha do Retiro - Recife - PE
Transmissão: Premiere
Ref: 004
Rodada: 1

1 x 1

Santos Fc
Red Bull Bragantino
Data: 09/08/2020 - domingo às 16h00
Local: Vila Belmiro - Santos - SP
Transmissão: Premiere
Ref: 001
Rodada: 1

0 x 1

Flamengo
Atlético Mineiro
Data: 09/08/2020 - domingo às 16h00
Local: Maracanã - Rio de Janeiro - RJ
Transmissão: Globo, Premiere, SporTV
Ref: 006
Rodada: 1

1 x 0

Grêmio
Fluminense
Data: 09/08/2020 - domingo às 19h00
Local: Arena do Grêmio - Porto Alegre - RS
Transmissão: Premiere, SporTV
Ref: 002
Rodada: 1

1 x 2

Botafogo de Futebol E Regatas
Esporte Clube Bahia
Data: 30/09/2020 - quarta-feira às 21h30
Local: Nilton Santos - Rio de Janeiro - RJ
Transmissão: Globo, Premiere
Ref: 005
Rodada: 1

0 x 0

Corinthians
Atlético
Data: 30/09/2020 - quarta-feira às 21h30
Local: Neo Química Arena - Sao Paulo - SP
Transmissão: Globo, Premiere
Ref: 010
Rodada: 1

0 x 3

Goiás
São Paulo
Data: 03/12/2020 - quinta-feira às 19h00
Local: Hailé Pinheiro - Goiania - GO
Transmissão: Premiere
Ref: 014
Rodada: 2

1 x 1

Red Bull Bragantino
Botafogo de Futebol E Regatas
Data: 12/08/2020 - quarta-feira às 19h15
Local: Nabi Abi Chedid - Braganca Paulista - SP
Transmissão: Premiere, SporTV
Ref: 015
Rodada: 2

3 x 2

Atlético Mineiro
Corinthians
Data: 12/08/2020 - quarta-feira às 19h15
Local: Mineirão - Belo Horizonte - MG
Transmissão: Premiere
Ref: 018
Rodada: 2

2 x 1

Athletico Paranaense
Goiás
Data: 12/08/2020 - quarta-feira às 19h15
Local: Arena da Baixada - Curitiba - PR
Ref: 020
Rodada: 2

3 x 0

Atlético
Flamengo
Data: 12/08/2020 - quarta-feira às 20h30
Local: Olímpico Pedro Ludovico - Goiania - GO
Transmissão: Premiere
Ref: 017
Rodada: 2

1 x 0

Esporte Clube Bahia
Coritiba
Data: 12/08/2020 - quarta-feira às 20h30
Local: Pituaçu - Salvador - BA
Transmissão: Premiere, TNT
Ref: 019
Rodada: 2

1 x 1

Ceará
Grêmio
Data: 12/08/2020 - quarta-feira às 21h30
Local: Arena Castelão - Fortaleza - CE
Transmissão: Globo, Premiere
Ref: 011
Rodada: 2

1 x 1

Fluminense
Palmeiras
Data: 12/08/2020 - quarta-feira às 21h30
Local: Maracanã - Rio de Janeiro - RJ
Transmissão: Globo, Premiere
Ref: 013
Rodada: 2

1 x 0

São Paulo
Fortaleza
Data: 13/08/2020 - quinta-feira às 19h15
Local: Morumbi - Sao Paulo - SP
Transmissão: Premiere
Ref: 016
Rodada: 2

2 x 0

Internacional
Santos Fc
Data: 13/08/2020 - quinta-feira às 19h30
Local: Beira-Rio - Porto Alegre - RS
Transmissão: Premiere, TNT
Ref: 012
Rodada: 2

2 x 0

Vasco da Gama
Sport Recife
Data: 13/08/2020 - quinta-feira às 20h00
Local: São Januário - Rio de Janeiro - RJ
Transmissão: Premiere, SporTV
Ref: 026
Rodada: 3

0 x 0

Grêmio
Corinthians
Data: 15/08/2020 - sábado às 19h00
Local: Arena do Grêmio - Porto Alegre - RS
Transmissão: Premiere
Ref: 028
Rodada: 3

0 x 1

Coritiba
Flamengo
Data: 15/08/2020 - sábado às 19h30
Local: Couto Pereira - Curitiba - PR
Transmissão: Premiere
Ref: 023
Rodada: 3

1 x 1

Palmeiras
Goiás
Data: 15/08/2020 - sábado às 21h30
Local: Allianz Parque - Sao Paulo - SP
Transmissão: Premiere
Ref: 025
Rodada: 3

2 x 0

Atlético Mineiro
Ceará
Data: 16/08/2020 - domingo às 11h00
Local: Mineirão - Belo Horizonte - MG
Transmissão: Premiere
Ref: 027
Rodada: 3

2 x 1

Esporte Clube Bahia
Red Bull Bragantino
Data: 16/08/2020 - domingo às 16h00
Local: Pituaçu - Salvador - BA
Transmissão: Globo, Premiere
Ref: 022
Rodada: 3

2 x 1

Vasco da Gama
São Paulo
Data: 16/08/2020 - domingo às 16h00
Local: São Januário - Rio de Janeiro - RJ
Transmissão: Globo, Premiere, SporTV
Ref: 021
Rodada: 3

2 x 1

Fluminense
Internacional
Data: 16/08/2020 - domingo às 18h00
Local: Maracanã - Rio de Janeiro - RJ
Transmissão: Premiere
Ref: 030
Rodada: 3

1 x 1

Atlético
Sport Recife
Data: 16/08/2020 - domingo às 19h00
Local: Olímpico Pedro Ludovico - Goiania - GO
Transmissão: Premiere, SporTV
Ref: 029
Rodada: 3

0 x 0

Fortaleza
Botafogo de Futebol E Regatas
Data: 16/08/2020 - domingo às 19h30
Local: Arena Castelão - Fortaleza - CE
Transmissão: Premiere
Ref: 024
Rodada: 3

3 x 1

Santos Fc
Athletico Paranaense
Data: 16/08/2020 - domingo às 19h45
Local: Vila Belmiro - Santos - SP
Transmissão: TNT
Ref: 034
Rodada: 4

2 x 1

Red Bull Bragantino
Fluminense
Data: 19/08/2020 - quarta-feira às 19h15
Local: Nabi Abi Chedid - Braganca Paulista - SP
Transmissão: Premiere, SporTV
Ref: 031
Rodada: 4

1 x 1

Flamengo
Grêmio
Data: 19/08/2020 - quarta-feira às 19h15
Local: Maracanã - Rio de Janeiro - RJ
Transmissão: Premiere
Ref: 038
Rodada: 4

0 x 1

Athletico Paranaense
Palmeiras
Data: 19/08/2020 - quarta-feira às 19h30
Local: Arena da Baixada - Curitiba - PR
Transmissão: TNT
Ref: 036
Rodada: 4

3 x 0

Internacional
Atlético
Data: 19/08/2020 - quarta-feira às 20h30
Local: Beira-Rio - Porto Alegre - RS
Transmissão: Premiere
Ref: 040
Rodada: 4

1 x 3

Goiás
Fortaleza
Data: 19/08/2020 - quarta-feira às 20h30
Local: Hailé Pinheiro - Goiania - GO
Transmissão: Premiere
Ref: 032
Rodada: 4

2 x 1

Botafogo de Futebol E Regatas
Atlético Mineiro
Data: 19/08/2020 - quarta-feira às 21h30
Local: Nilton Santos - Rio de Janeiro - RJ
Transmissão: Globo, Premiere, SporTV
Ref: 035
Rodada: 4

3 x 1

Corinthians
Coritiba
Data: 19/08/2020 - quarta-feira às 21h30
Local: Neo Química Arena - Sao Paulo - SP
Transmissão: Globo, Premiere
Ref: 037
Rodada: 4

0 x 1

Sport Recife
Santos Fc
Data: 20/08/2020 - quinta-feira às 19h15
Local: Ilha do Retiro - Recife - PE
Transmissão: Premiere
Ref: 039
Rodada: 4

0 x 3

Ceará
Vasco da Gama
Data: 20/08/2020 - quinta-feira às 20h00
Local: Arena Castelão - Fortaleza - CE
Transmissão: Premiere
Ref: 033
Rodada: 4

1 x 1

São Paulo
Esporte Clube Bahia
Data: 20/08/2020 - quinta-feira às 20h00
Local: Morumbi - Sao Paulo - SP
Transmissão: Premiere
Ref: 048
Rodada: 5

0 x 1

Athletico Paranaense
Fluminense
Data: 22/08/2020 - sábado às 16h00
Local: Arena da Baixada - Curitiba - PR
Ref: 046
Rodada: 5

1 x 0

Internacional
Atlético Mineiro
Data: 22/08/2020 - sábado às 19h00
Local: Beira-Rio - Porto Alegre - RS
Transmissão: Premiere
Ref: 050
Rodada: 5

2 x 0

Goiás
Atlético
Data: 22/08/2020 - sábado às 21h00
Local: Hailé Pinheiro - Goiania - GO
Transmissão: Premiere
Ref: 041
Rodada: 5

1 x 1

Flamengo
Botafogo de Futebol E Regatas
Data: 23/08/2020 - domingo às 11h00
Local: Maracanã - Rio de Janeiro - RJ
Transmissão: Premiere
Ref: 042
Rodada: 5

0 x 0

Vasco da Gama
Grêmio
Data: 23/08/2020 - domingo às 16h00
Local: São Januário - Rio de Janeiro - RJ
Transmissão: Globo, Premiere, SporTV
Ref: 043
Rodada: 5

2 x 1

Palmeiras
Santos Fc
Data: 23/08/2020 - domingo às 16h00
Local: Morumbi - Sao Paulo - SP
Transmissão: Globo, Premiere
Ref: 044
Rodada: 5

1 x 2

Red Bull Bragantino
Coritiba
Data: 23/08/2020 - domingo às 16h00
Local: Nabi Abi Chedid - Braganca Paulista - SP
Transmissão: Premiere
Ref: 047
Rodada: 5

0 x 1

Sport Recife
São Paulo
Data: 23/08/2020 - domingo às 19h00
Local: Ilha do Retiro - Recife - PE
Transmissão: Premiere, SporTV
Ref: 049
Rodada: 5

2 x 0

Ceará
Esporte Clube Bahia
Data: 23/08/2020 - domingo às 20h00
Local: Arena Castelão - Fortaleza - CE
Transmissão: Premiere, TNT
Ref: 045
Rodada: 5

1 x 1

Corinthians
Fortaleza
Data: 26/08/2020 - quarta-feira às 21h30
Local: Neo Química Arena - Sao Paulo - SP
Transmissão: Globo, Premiere
Ref: 052
Rodada: 6

0 x 2

Botafogo de Futebol E Regatas
Internacional
Data: 29/08/2020 - sábado às 17h00
Local: Nilton Santos - Rio de Janeiro - RJ
Transmissão: Premiere
Ref: 051
Rodada: 6

2 x 1

Fluminense
Vasco da Gama
Data: 29/08/2020 - sábado às 19h00
Local: Maracanã - Rio de Janeiro - RJ
Transmissão: Premiere
Ref: 057
Rodada: 6

1 x 1

Esporte Clube Bahia
Palmeiras
Data: 29/08/2020 - sábado às 19h00
Local: Pituaçu - Salvador - BA
Transmissão: Premiere, TNT
Ref: 059
Rodada: 6

3 x 0

Fortaleza
Red Bull Bragantino
Data: 29/08/2020 - sábado às 21h00
Local: Arena Castelão - Fortaleza - CE
Transmissão: Premiere
Ref: 053
Rodada: 6

2 x 1

São Paulo
Corinthians
Data: 30/08/2020 - domingo às 11h00
Local: Morumbi - Sao Paulo - SP
Transmissão: Premiere
Ref: 054
Rodada: 6

0 x 1

Santos Fc
Flamengo
Data: 30/08/2020 - domingo às 16h00
Local: Vila Belmiro - Santos - SP
Transmissão: Globo, Premiere
Ref: 058
Rodada: 6

1 x 0

Coritiba
Sport Recife
Data: 30/08/2020 - domingo às 16h00
Local: Couto Pereira - Curitiba - PR
Transmissão: Globo, Premiere
Ref: 060
Rodada: 6

0 x 2

Atlético
Ceará
Data: 30/08/2020 - domingo às 18h00
Local: Olímpico Pedro Ludovico - Goiania - GO
Transmissão: Premiere
Ref: 055
Rodada: 6

0 x 2

Atlético Mineiro
Athletico Paranaense
Data: 18/11/2020 - quarta-feira às 19h00
Local: Mineirão - Belo Horizonte - MG
Ref: 056
Rodada: 6

2 x 1

Grêmio
Goiás
Data: 30/11/2020 - segunda-feira às 18h00
Local: Arena do Grêmio - Porto Alegre - RS
Transmissão: Premiere
Ref: 069
Rodada: 7

1 x 0

Ceará
Fortaleza
Data: 02/09/2020 - quarta-feira às 19h00
Local: Arena Castelão - Fortaleza - CE
Transmissão: Premiere, TNT
Ref: 070
Rodada: 7

1 x 2

Goiás
Corinthians
Data: 02/09/2020 - quarta-feira às 19h15
Local: Hailé Pinheiro - Goiania - GO
Transmissão: Premiere
Ref: 061
Rodada: 7

1 x 1

Fluminense
Atlético
Data: 02/09/2020 - quarta-feira às 19h15
Local: Maracanã - Rio de Janeiro - RJ
Transmissão: Premiere, SporTV
Ref: 062
Rodada: 7

0 x 0

Botafogo de Futebol E Regatas
Coritiba
Data: 02/09/2020 - quarta-feira às 20h30
Local: Nilton Santos - Rio de Janeiro - RJ
Transmissão: Premiere
Ref: 067
Rodada: 7

3 x 5

Esporte Clube Bahia
Flamengo
Data: 02/09/2020 - quarta-feira às 20h30
Local: Pituaçu - Salvador - BA
Transmissão: Premiere
Ref: 068
Rodada: 7

1 x 1

Athletico Paranaense
Red Bull Bragantino
Data: 02/09/2020 - quarta-feira às 20h30
Local: Arena da Baixada - Curitiba - PR
Ref: 063
Rodada: 7

1 x 1

Palmeiras
Internacional
Data: 02/09/2020 - quarta-feira às 21h30
Local: Allianz Parque - Sao Paulo - SP
Transmissão: Globo, Premiere
Ref: 064
Rodada: 7

2 x 2

Santos Fc
Vasco da Gama
Data: 02/09/2020 - quarta-feira às 21h30
Local: Vila Belmiro - Santos - SP
Transmissão: Globo, Premiere
Ref: 066
Rodada: 7

1 x 2

Grêmio
Sport Recife
Data: 03/09/2020 - quinta-feira às 19h00
Local: Arena do Grêmio - Porto Alegre - RS
Transmissão: Premiere
Ref: 065
Rodada: 7

3 x 0

Atlético Mineiro
São Paulo
Data: 03/09/2020 - quinta-feira às 20h00
Local: Mineirão - Belo Horizonte - MG
Transmissão: Premiere, SporTV
Ref: 071
Rodada: 8

2 x 1

Flamengo
Fortaleza
Data: 05/09/2020 - sábado às 17h00
Local: Maracanã - Rio de Janeiro - RJ
Transmissão: Premiere
Ref: 075
Rodada: 8

2 x 2

Corinthians
Botafogo de Futebol E Regatas
Data: 05/09/2020 - sábado às 19h00
Local: Neo Química Arena - Sao Paulo - SP
Transmissão: Premiere
Ref: 079
Rodada: 8

0 x 1

Ceará
Santos Fc
Data: 05/09/2020 - sábado às 21h00
Local: Arena Castelão - Fortaleza - CE
Transmissão: Premiere, TNT
Ref: 074
Rodada: 8

1 x 2

Red Bull Bragantino
Palmeiras
Data: 06/09/2020 - domingo às 11h00
Local: Nabi Abi Chedid - Braganca Paulista - SP
Transmissão: Premiere
Ref: 073
Rodada: 8

3 x 1

São Paulo
Fluminense
Data: 06/09/2020 - domingo às 16h00
Local: Morumbi - Sao Paulo - SP
Transmissão: Globo, Premiere, SporTV
Ref: 076
Rodada: 8

2 x 2

Internacional
Esporte Clube Bahia
Data: 06/09/2020 - domingo às 16h00
Local: Beira-Rio - Porto Alegre - RS
Transmissão: Globo, Premiere
Ref: 072
Rodada: 8

1 x 0

Vasco da Gama
Athletico Paranaense
Data: 06/09/2020 - domingo às 18h00
Local: São Januário - Rio de Janeiro - RJ
Ref: 080
Rodada: 8

1 x 1

Atlético
Grêmio
Data: 06/09/2020 - domingo às 19h00
Local: Olímpico Pedro Ludovico - Goiania - GO
Transmissão: Premiere, SporTV
Ref: 077
Rodada: 8

2 x 1

Sport Recife
Goiás
Data: 06/09/2020 - domingo às 20h30
Local: Ilha do Retiro - Recife - PE
Transmissão: Premiere
Ref: 078
Rodada: 8

0 x 1

Coritiba
Atlético Mineiro
Data: 06/09/2020 - domingo às 20h30
Local: Couto Pereira - Curitiba - PR
Transmissão: Premiere
Ref: 088
Rodada: 9

1 x 1

Athletico Paranaense
Botafogo de Futebol E Regatas
Data: 09/09/2020 - quarta-feira às 17h30
Local: Arena da Baixada - Curitiba - PR
Ref: 089
Rodada: 9

1 x 0

Fortaleza
Sport Recife
Data: 09/09/2020 - quarta-feira às 18h00
Local: Arena Castelão - Fortaleza - CE
Transmissão: Premiere
Ref: 090
Rodada: 9

3 x 3

Goiás
Coritiba
Data: 09/09/2020 - quarta-feira às 18h00
Local: Hailé Pinheiro - Goiania - GO
Transmissão: Premiere
Ref: 083
Rodada: 9

1 x 1

São Paulo
Red Bull Bragantino
Data: 09/09/2020 - quarta-feira às 19h15
Local: Morumbi - Sao Paulo - SP
Transmissão: Premiere
Ref: 084
Rodada: 9

3 x 1

Santos Fc
Atlético Mineiro
Data: 09/09/2020 - quarta-feira às 21h30
Local: Vila Belmiro - Santos - SP
Transmissão: Globo, Premiere
Ref: 081
Rodada: 9

1 x 2

Fluminense
Flamengo
Data: 09/09/2020 - quarta-feira às 21h30
Local: Maracanã - Rio de Janeiro - RJ
Transmissão: Globo, Premiere
Ref: 085
Rodada: 9

0 x 2

Corinthians
Palmeiras
Data: 10/09/2020 - quinta-feira às 19h15
Local: Neo Química Arena - Sao Paulo - SP
Transmissão: Premiere
Ref: 086
Rodada: 9

2 x 0

Internacional
Ceará
Data: 10/09/2020 - quinta-feira às 19h15
Local: Beira-Rio - Porto Alegre - RS
Transmissão: Premiere, TNT
Ref: 087
Rodada: 9

0 x 2

Esporte Clube Bahia
Grêmio
Data: 10/09/2020 - quinta-feira às 19h15
Local: Pituaçu - Salvador - BA
Transmissão: Premiere
Ref: 082
Rodada: 9

1 x 2

Vasco da Gama
Atlético
Data: 10/09/2020 - quinta-feira às 21h00
Local: São Januário - Rio de Janeiro - RJ
Transmissão: Premiere, SporTV
Ref: 098
Rodada: 10

1 x 0

Athletico Paranaense
Coritiba
Data: 12/09/2020 - sábado às 16h30
Local: Arena da Baixada - Curitiba - PR
Transmissão: TNT
Ref: 094
Rodada: 10

2 x 2

Santos Fc
São Paulo
Data: 12/09/2020 - sábado às 19h00
Local: Vila Belmiro - Santos - SP
Transmissão: Premiere
Ref: 096
Rodada: 10

1 x 1

Grêmio
Fortaleza
Data: 13/09/2020 - domingo às 16h00
Local: Arena do Grêmio - Porto Alegre - RS
Transmissão: Globo, Premiere
Ref: 091
Rodada: 10

2 x 1

Fluminense
Corinthians
Data: 13/09/2020 - domingo às 16h00
Local: Maracanã - Rio de Janeiro - RJ
Transmissão: Globo, Premiere, SporTV
Ref: 097
Rodada: 10

0 x 1

Esporte Clube Bahia
Atlético
Data: 13/09/2020 - domingo às 18h00
Local: Pituaçu - Salvador - BA
Transmissão: Premiere
Ref: 095
Rodada: 10

2 x 1

Atlético Mineiro
Red Bull Bragantino
Data: 13/09/2020 - domingo às 18h00
Local: Mineirão - Belo Horizonte - MG
Transmissão: Premiere
Ref: 099
Rodada: 10

2 x 0

Ceará
Flamengo
Data: 13/09/2020 - domingo às 18h00
Local: Arena Castelão - Fortaleza - CE
Transmissão: Premiere
Ref: 100
Rodada: 10

1 x 0

Goiás
Internacional
Data: 13/09/2020 - domingo às 18h00
Local: Hailé Pinheiro - Goiania - GO
Transmissão: Premiere
Ref: 093
Rodada: 10

2 x 2

Palmeiras
Sport Recife
Data: 13/09/2020 - domingo às 19h45
Local: Allianz Parque - Sao Paulo - SP
Transmissão: Premiere
Ref: 092
Rodada: 10

2 x 3

Botafogo de Futebol E Regatas
Vasco da Gama
Data: 13/09/2020 - domingo às 20h30
Local: Nilton Santos - Rio de Janeiro - RJ
Transmissão: Premiere, SporTV
Ref: 103
Rodada: 11

1 x 0

São Paulo
Athletico Paranaense
Data: 26/08/2020 - quarta-feira às 19h00
Local: Morumbi - Sao Paulo - SP
Ref: 105
Rodada: 11

3 x 2

Corinthians
Esporte Clube Bahia
Data: 16/09/2020 - quarta-feira às 21h30
Local: Neo Química Arena - Sao Paulo - SP
Transmissão: Globo, Premiere
Ref: 104
Rodada: 11

4 x 2

Red Bull Bragantino
Ceará
Data: 19/09/2020 - sábado às 19h00
Local: Nabi Abi Chedid - Braganca Paulista - SP
Transmissão: Premiere
Ref: 109
Rodada: 11

1 x 0

Fortaleza
Internacional
Data: 19/09/2020 - sábado às 19h00
Local: Arena Castelão - Fortaleza - CE
Transmissão: Premiere, TNT
Ref: 110
Rodada: 11

3 x 4

Atlético
Atlético Mineiro
Data: 19/09/2020 - sábado às 21h00
Local: Olímpico Pedro Ludovico - Goiania - GO
Transmissão: Premiere
Ref: 108
Rodada: 11

1 x 0

Coritiba
Vasco da Gama
Data: 20/09/2020 - domingo às 16h00
Local: Couto Pereira - Curitiba - PR
Transmissão: Globo, Premiere
Ref: 106
Rodada: 11

1 x 1

Grêmio
Palmeiras
Data: 20/09/2020 - domingo às 16h00
Local: Arena do Grêmio - Porto Alegre - RS
Transmissão: Globo, Premiere
Ref: 102
Rodada: 11

0 x 0

Botafogo de Futebol E Regatas
Santos Fc
Data: 20/09/2020 - domingo às 18h15
Local: Nilton Santos - Rio de Janeiro - RJ
Transmissão: Premiere
Ref: 107
Rodada: 11

1 x 0

Sport Recife
Fluminense
Data: 20/09/2020 - domingo às 20h30
Local: Ilha do Retiro - Recife - PE
Transmissão: Premiere, SporTV
Ref: 101
Rodada: 11

2 x 1

Flamengo
Goiás
Data: 13/10/2020 - terça-feira às 18h00
Local: Maracanã - Rio de Janeiro - RJ
Ref: 117
Rodada: 12

1 x 0

Sport Recife
Corinthians
Data: 23/09/2020 - quarta-feira às 21h30
Local: Ilha do Retiro - Recife - PE
Transmissão: Globo, Premiere
Ref: 118
Rodada: 12

1 x 0

Athletico Paranaense
Esporte Clube Bahia
Data: 26/09/2020 - sábado às 19h00
Local: Arena da Baixada - Curitiba - PR
Transmissão: TNT
Ref: 116
Rodada: 12

1 x 1

Internacional
São Paulo
Data: 26/09/2020 - sábado às 19h00
Local: Beira-Rio - Porto Alegre - RS
Transmissão: Premiere
Ref: 115
Rodada: 12

3 x 1

Atlético Mineiro
Grêmio
Data: 26/09/2020 - sábado às 21h00
Local: Mineirão - Belo Horizonte - MG
Transmissão: Premiere, SporTV
Ref: 112
Rodada: 12

1 x 1

Vasco da Gama
Red Bull Bragantino
Data: 27/09/2020 - domingo às 11h00
Local: São Januário - Rio de Janeiro - RJ
Transmissão: Premiere
Ref: 113
Rodada: 12

1 x 1

Palmeiras
Flamengo
Data: 27/09/2020 - domingo às 16h00
Local: Allianz Parque - Sao Paulo - SP
Transmissão: Globo, Premiere
Ref: 119
Rodada: 12

2 x 2

Ceará
Goiás
Data: 27/09/2020 - domingo às 18h15
Local: Arena Castelão - Fortaleza - CE
Transmissão: Premiere
Ref: 120
Rodada: 12

1 x 1

Atlético
Botafogo de Futebol E Regatas
Data: 27/09/2020 - domingo às 18h15
Local: Olímpico Pedro Ludovico - Goiania - GO
Transmissão: Premiere
Ref: 114
Rodada: 12

1 x 1

Santos Fc
Fortaleza
Data: 27/09/2020 - domingo às 20h30
Local: Vila Belmiro - Santos - SP
Transmissão: Premiere, TNT
Ref: 111
Rodada: 12

4 x 0

Fluminense
Coritiba
Data: 28/09/2020 - segunda-feira às 20h00
Local: Nilton Santos - Rio de Janeiro - RJ
Transmissão: Premiere
Ref: 126
Rodada: 13

1 x 1

Grêmio
Internacional
Data: 03/10/2020 - sábado às 17h00
Local: Arena do Grêmio - Porto Alegre - RS
Transmissão: Premiere
Ref: 123
Rodada: 13

2 x 1

Palmeiras
Ceará
Data: 03/10/2020 - sábado às 19h00
Local: Allianz Parque - Sao Paulo - SP
Transmissão: Premiere, TNT
Ref: 124
Rodada: 13

0 x 0

Red Bull Bragantino
Corinthians
Data: 03/10/2020 - sábado às 21h00
Local: Nabi Abi Chedid - Braganca Paulista - SP
Transmissão: Premiere
Ref: 122
Rodada: 13

1 x 1

Botafogo de Futebol E Regatas
Fluminense
Data: 04/10/2020 - domingo às 11h00
Local: Nilton Santos - Rio de Janeiro - RJ
Transmissão: Premiere
Ref: 121
Rodada: 13

3 x 1

Flamengo
Athletico Paranaense
Data: 04/10/2020 - domingo às 16h00
Local: Maracanã - Rio de Janeiro - RJ
Transmissão: Globo
Ref: 128
Rodada: 13

1 x 1

Coritiba
São Paulo
Data: 04/10/2020 - domingo às 16h00
Local: Couto Pereira - Curitiba - PR
Transmissão: Globo, Premiere
Ref: 129
Rodada: 13

0 x 0

Fortaleza
Atlético
Data: 04/10/2020 - domingo às 18h15
Local: Arena Castelão - Fortaleza - CE
Transmissão: Premiere
Ref: 130
Rodada: 13

2 x 3

Goiás
Santos Fc
Data: 04/10/2020 - domingo às 18h15
Local: Hailé Pinheiro - Goiania - GO
Transmissão: Premiere
Ref: 127
Rodada: 13

1 x 2

Esporte Clube Bahia
Sport Recife
Data: 04/10/2020 - domingo às 18h15
Local: Pituaçu - Salvador - BA
Transmissão: Premiere
Ref: 125
Rodada: 13

4 x 1

Atlético Mineiro
Vasco da Gama
Data: 04/10/2020 - domingo às 20h30
Local: Mineirão - Belo Horizonte - MG
Transmissão: Premiere, SporTV
Ref: 135
Rodada: 14

1 x 1

Corinthians
Santos Fc
Data: 07/10/2020 - quarta-feira às 19h00
Local: Neo Química Arena - Sao Paulo - SP
Transmissão: Premiere
Ref: 136
Rodada: 14

2 x 1

Grêmio
Coritiba
Data: 07/10/2020 - quarta-feira às 19h15
Local: Arena do Grêmio - Porto Alegre - RS
Transmissão: Premiere
Ref: 137
Rodada: 14

3 x 0

Esporte Clube Bahia
Vasco da Gama
Data: 07/10/2020 - quarta-feira às 19h15
Local: Pituaçu - Salvador - BA
Transmissão: Premiere
Ref: 131
Rodada: 14

3 x 0

Flamengo
Sport Recife
Data: 07/10/2020 - quarta-feira às 19h15
Local: Maracanã - Rio de Janeiro - RJ
Transmissão: Premiere, SporTV
Ref: 133
Rodada: 14

3 x 0

São Paulo
Atlético
Data: 07/10/2020 - quarta-feira às 20h30
Local: Morumbi - Sao Paulo - SP
Transmissão: Premiere
Ref: 140
Rodada: 14

2 x 4

Goiás
Fluminense
Data: 07/10/2020 - quarta-feira às 20h30
Local: Hailé Pinheiro - Goiania - GO
Transmissão: Premiere
Ref: 132
Rodada: 14

2 x 1

Botafogo de Futebol E Regatas
Palmeiras
Data: 07/10/2020 - quarta-feira às 21h30
Local: Nilton Santos - Rio de Janeiro - RJ
Transmissão: Globo, Premiere
Ref: 139
Rodada: 14

2 x 1

Fortaleza
Atlético Mineiro
Data: 07/10/2020 - quarta-feira às 21h30
Local: Arena Castelão - Fortaleza - CE
Transmissão: Globo, Premiere
Ref: 138
Rodada: 14

0 x 0

Athletico Paranaense
Ceará
Data: 08/10/2020 - quinta-feira às 19h00
Local: Arena da Baixada - Curitiba - PR
Transmissão: TNT
Ref: 134
Rodada: 14

0 x 2

Red Bull Bragantino
Internacional
Data: 08/10/2020 - quinta-feira às 21h00
Local: Nabi Abi Chedid - Braganca Paulista - SP
Transmissão: Premiere
Ref: 142
Rodada: 15

1 x 2

Vasco da Gama
Flamengo
Data: 10/10/2020 - sábado às 17h00
Local: São Januário - Rio de Janeiro - RJ
Transmissão: Premiere
Ref: 143
Rodada: 15

0 x 2

Palmeiras
São Paulo
Data: 10/10/2020 - sábado às 19h00
Local: Allianz Parque - Sao Paulo - SP
Transmissão: Premiere
Ref: 148
Rodada: 15

0 x 0

Coritiba
Fortaleza
Data: 10/10/2020 - sábado às 19h00
Local: Couto Pereira - Curitiba - PR
Transmissão: Premiere, TNT
Ref: 145
Rodada: 15

3 x 0

Atlético Mineiro
Goiás
Data: 10/10/2020 - sábado às 21h00
Local: Mineirão - Belo Horizonte - MG
Transmissão: Premiere, SporTV
Ref: 144
Rodada: 15

2 x 1

Santos Fc
Grêmio
Data: 11/10/2020 - domingo às 16h00
Local: Vila Belmiro - Santos - SP
Transmissão: Globo, Premiere
Ref: 141
Rodada: 15

1 x 0

Fluminense
Esporte Clube Bahia
Data: 11/10/2020 - domingo às 16h00
Local: Maracanã - Rio de Janeiro - RJ
Transmissão: Globo, Premiere
Ref: 147
Rodada: 15

1 x 2

Sport Recife
Botafogo de Futebol E Regatas
Data: 11/10/2020 - domingo às 18h15
Local: Ilha do Retiro - Recife - PE
Transmissão: Premiere, SporTV
Ref: 150
Rodada: 15

2 x 1

Atlético
Red Bull Bragantino
Data: 11/10/2020 - domingo às 18h15
Local: Olímpico Pedro Ludovico - Goiania - GO
Transmissão: Premiere
Ref: 149
Rodada: 15

2 x 1

Ceará
Corinthians
Data: 11/10/2020 - domingo às 20h30
Local: Arena Castelão - Fortaleza - CE
Transmissão: Premiere
Ref: 146
Rodada: 15

2 x 1

Internacional
Athletico Paranaense
Data: 11/10/2020 - domingo às 20h30
Local: Beira-Rio - Porto Alegre - RS
Transmissão: TNT
Ref: 153
Rodada: 16

1 x 3

Palmeiras
Coritiba
Data: 14/10/2020 - quarta-feira às 18h00
Local: Allianz Parque - Sao Paulo - SP
Transmissão: Premiere, TNT
Ref: 156
Rodada: 16

3 x 1

Grêmio
Botafogo de Futebol E Regatas
Data: 14/10/2020 - quarta-feira às 19h15
Local: Arena do Grêmio - Porto Alegre - RS
Transmissão: Premiere
Ref: 154
Rodada: 16

0 x 1

Santos Fc
Atlético
Data: 14/10/2020 - quarta-feira às 20h30
Local: Vila Belmiro - Santos - SP
Transmissão: Premiere
Ref: 155
Rodada: 16

1 x 1

Atlético Mineiro
Fluminense
Data: 14/10/2020 - quarta-feira às 21h30
Local: Mineirão - Belo Horizonte - MG
Transmissão: Globo, Premiere
Ref: 157
Rodada: 16

3 x 5

Sport Recife
Internacional
Data: 14/10/2020 - quarta-feira às 21h30
Local: Ilha do Retiro - Recife - PE
Transmissão: Globo, Premiere
Ref: 158
Rodada: 16

0 x 1

Athletico Paranaense
Corinthians
Data: 14/10/2020 - quarta-feira às 21h30
Local: Arena da Baixada - Curitiba - PR
Transmissão: Globo
Ref: 151
Rodada: 16

1 x 1

Flamengo
Red Bull Bragantino
Data: 15/10/2020 - quinta-feira às 20h00
Local: Maracanã - Rio de Janeiro - RJ
Transmissão: Premiere, SporTV
Ref: 160
Rodada: 16

1 x 1

Goiás
Esporte Clube Bahia
Data: 16/10/2020 - sexta-feira às 20h00
Local: Hailé Pinheiro - Goiania - GO
Transmissão: Premiere
Ref: 152
Rodada: 16

0 x 0

Vasco da Gama
Fortaleza
Data: 19/11/2020 - quinta-feira às 19h00
Local: São Januário - Rio de Janeiro - RJ
Transmissão: Premiere
Ref: 159
Rodada: 16

1 x 1

Ceará
São Paulo
Data: 25/11/2020 - quarta-feira às 19h15
Local: Arena Castelão - Fortaleza - CE
Transmissão: Globo, Premiere
Ref: 161
Rodada: 17

2 x 2

Fluminense
Ceará
Data: 17/10/2020 - sábado às 19h00
Local: Maracanã - Rio de Janeiro - RJ
Transmissão: Premiere
Ref: 168
Rodada: 17

1 x 2

Coritiba
Santos Fc
Data: 17/10/2020 - sábado às 19h00
Local: Couto Pereira - Curitiba - PR
Transmissão: Premiere, TNT
Ref: 170
Rodada: 17

1 x 1

Atlético
Athletico Paranaense
Data: 17/10/2020 - sábado às 19h00
Local: Olímpico Pedro Ludovico - Goiania - GO
Ref: 163
Rodada: 17

0 x 0

São Paulo
Grêmio
Data: 17/10/2020 - sábado às 21h00
Local: Morumbi - Sao Paulo - SP
Transmissão: Premiere, SporTV
Ref: 165
Rodada: 17

1 x 5

Corinthians
Flamengo
Data: 18/10/2020 - domingo às 16h00
Local: Neo Química Arena - Sao Paulo - SP
Transmissão: Globo, Premiere
Ref: 166
Rodada: 17

2 x 0

Internacional
Vasco da Gama
Data: 18/10/2020 - domingo às 18h15
Local: Beira-Rio - Porto Alegre - RS
Transmissão: Premiere
Ref: 169
Rodada: 17

2 x 0

Fortaleza
Palmeiras
Data: 18/10/2020 - domingo às 20h30
Local: Arena Castelão - Fortaleza - CE
Transmissão: Premiere, TNT
Ref: 164
Rodada: 17

2 x 0

Red Bull Bragantino
Sport Recife
Data: 18/10/2020 - domingo às 20h30
Local: Nabi Abi Chedid - Braganca Paulista - SP
Transmissão: Premiere
Ref: 162
Rodada: 17

0 x 0

Botafogo de Futebol E Regatas
Goiás
Data: 19/10/2020 - segunda-feira às 20h00
Local: Nilton Santos - Rio de Janeiro - RJ
Transmissão: Premiere, SporTV
Ref: 167
Rodada: 17

3 x 1

Esporte Clube Bahia
Atlético Mineiro
Data: 19/10/2020 - segunda-feira às 20h00
Local: Pituaçu - Salvador - BA
Transmissão: Premiere
Ref: 172
Rodada: 18

1 x 2

Vasco da Gama
Corinthians
Data: 21/10/2020 - quarta-feira às 21h30
Local: São Januário - Rio de Janeiro - RJ
Transmissão: Globo, Premiere, SporTV
Ref: 174
Rodada: 18

2 x 0

Red Bull Bragantino
Goiás
Data: 24/10/2020 - sábado às 17h00
Local: Nabi Abi Chedid - Braganca Paulista - SP
Transmissão: Premiere
Ref: 179
Rodada: 18

2 x 1

Ceará
Coritiba
Data: 24/10/2020 - sábado às 19h00
Local: Arena Castelão - Fortaleza - CE
Transmissão: Premiere, TNT
Ref: 175
Rodada: 18

0 x 0

Atlético Mineiro
Sport Recife
Data: 24/10/2020 - sábado às 21h00
Local: Mineirão - Belo Horizonte - MG
Transmissão: Premiere, SporTV
Ref: 180
Rodada: 18

0 x 3

Atlético
Palmeiras
Data: 25/10/2020 - domingo às 16h00
Local: Olímpico Pedro Ludovico - Goiania - GO
Transmissão: Globo, Premiere
Ref: 171
Rodada: 18

3 x 1

Fluminense
Santos Fc
Data: 25/10/2020 - domingo às 16h00
Local: Maracanã - Rio de Janeiro - RJ
Transmissão: Globo, Premiere
Ref: 176
Rodada: 18

2 x 2

Internacional
Flamengo
Data: 25/10/2020 - domingo às 18h15
Local: Beira-Rio - Porto Alegre - RS
Transmissão: Premiere
Ref: 178
Rodada: 18

1 x 2

Athletico Paranaense
Grêmio
Data: 25/10/2020 - domingo às 18h15
Local: Arena da Baixada - Curitiba - PR
Ref: 177
Rodada: 18

2 x 1

Esporte Clube Bahia
Fortaleza
Data: 11/11/2020 - quarta-feira às 18h45
Local: Arena Fonte Nova - Salvador - BA
Transmissão: Premiere, TNT
Ref: 173
Rodada: 18

4 x 0

São Paulo
Botafogo de Futebol E Regatas
Data: 09/12/2020 - quarta-feira às 21h30
Local: Morumbi - Sao Paulo - SP
Transmissão: Globo, Premiere
Ref: 182
Rodada: 19

2 x 2

Botafogo de Futebol E Regatas
Ceará
Data: 31/10/2020 - sábado às 17h00
Local: Nilton Santos - Rio de Janeiro - RJ
Transmissão: Premiere
Ref: 185
Rodada: 19

1 x 0

Corinthians
Internacional
Data: 31/10/2020 - sábado às 19h00
Local: Neo Química Arena - Sao Paulo - SP
Transmissão: Premiere
Ref: 188
Rodada: 19

1 x 0

Coritiba
Atlético
Data: 31/10/2020 - sábado às 19h00
Local: Couto Pereira - Curitiba - PR
Transmissão: Premiere
Ref: 189
Rodada: 19

0 x 1

Fortaleza
Fluminense
Data: 31/10/2020 - sábado às 21h00
Local: Arena Castelão - Fortaleza - CE
Transmissão: Premiere
Ref: 187
Rodada: 19

1 x 0

Sport Recife
Athletico Paranaense
Data: 01/11/2020 - domingo às 16h00
Local: Ilha do Retiro - Recife - PE
Transmissão: Globo
Ref: 181
Rodada: 19

1 x 4

Flamengo
São Paulo
Data: 01/11/2020 - domingo às 16h00
Local: Maracanã - Rio de Janeiro - RJ
Transmissão: Globo, Premiere
Ref: 184
Rodada: 19

3 x 1

Santos Fc
Esporte Clube Bahia
Data: 01/11/2020 - domingo às 18h15
Local: Vila Belmiro - Santos - SP
Transmissão: Premiere, TNT
Ref: 190
Rodada: 19

1 x 1

Goiás
Vasco da Gama
Data: 01/11/2020 - domingo às 20h30
Local: Hailé Pinheiro - Goiania - GO
Transmissão: Premiere, SporTV
Ref: 183
Rodada: 19

3 x 0

Palmeiras
Atlético Mineiro
Data: 02/11/2020 - segunda-feira às 17h00
Local: Allianz Parque - Sao Paulo - SP
Transmissão: Premiere
Ref: 186
Rodada: 19

2 x 1

Grêmio
Red Bull Bragantino
Data: 02/11/2020 - segunda-feira às 20h00
Local: Arena do Grêmio - Porto Alegre - RS
Transmissão: Premiere, SporTV
Fase Única
Returno
Ref: 198
Rodada: 20

2 x 1

Athletico Paranaense
Fortaleza
Data: 07/11/2020 - sábado às 18h00
Local: Arena da Baixada - Curitiba - PR
Transmissão: TNT
Ref: 193
Rodada: 20

2 x 1

São Paulo
Goiás
Data: 07/11/2020 - sábado às 19h00
Local: Morumbi - Sao Paulo - SP
Transmissão: Premiere
Ref: 200
Rodada: 20

1 x 1

Atlético
Corinthians
Data: 07/11/2020 - sábado às 21h00
Local: Olímpico Pedro Ludovico - Goiania - GO
Transmissão: Premiere, SporTV
Ref: 192
Rodada: 20

0 x 1

Vasco da Gama
Palmeiras
Data: 08/11/2020 - domingo às 16h00
Local: São Januário - Rio de Janeiro - RJ
Transmissão: Globo, Premiere
Ref: 196
Rodada: 20

2 x 2

Internacional
Coritiba
Data: 08/11/2020 - domingo às 16h00
Local: Beira-Rio - Porto Alegre - RS
Transmissão: Globo, Premiere, TNT
Ref: 197
Rodada: 20

1 x 0

Esporte Clube Bahia
Botafogo de Futebol E Regatas
Data: 08/11/2020 - domingo às 18h15
Local: Arena Fonte Nova - Salvador - BA
Transmissão: Premiere
Ref: 194
Rodada: 20

1 x 1

Red Bull Bragantino
Santos Fc
Data: 08/11/2020 - domingo às 18h15
Local: Nabi Abi Chedid - Braganca Paulista - SP
Transmissão: Premiere
Ref: 195
Rodada: 20

4 x 0

Atlético Mineiro
Flamengo
Data: 08/11/2020 - domingo às 18h15
Local: Mineirão - Belo Horizonte - MG
Transmissão: Premiere
Ref: 199
Rodada: 20

0 x 0

Ceará
Sport Recife
Data: 08/11/2020 - domingo às 20h30
Local: Arena Castelão - Fortaleza - CE
Transmissão: Premiere
Ref: 191
Rodada: 20

0 x 1

Fluminense
Grêmio
Data: 08/11/2020 - domingo às 20h30
Local: Maracanã - Rio de Janeiro - RJ
Transmissão: Premiere, SporTV
Ref: 204
Rodada: 21

2 x 0

Santos Fc
Internacional
Data: 14/11/2020 - sábado às 16h30
Local: Vila Belmiro - Santos - SP
Transmissão: Globo, Premiere, TNT
Ref: 207
Rodada: 21

0 x 2

Sport Recife
Vasco da Gama
Data: 14/11/2020 - sábado às 16h30
Local: Ilha do Retiro - Recife - PE
Transmissão: Globo, Premiere, SporTV
Ref: 210
Rodada: 21

0 x 1

Goiás
Athletico Paranaense
Data: 14/11/2020 - sábado às 17h00
Local: Hailé Pinheiro - Goiania - GO
Ref: 209
Rodada: 21

2 x 3

Fortaleza
São Paulo
Data: 14/11/2020 - sábado às 19h00
Local: Arena Castelão - Fortaleza - CE
Transmissão: Premiere
Ref: 205
Rodada: 21

1 x 2

Corinthians
Atlético Mineiro
Data: 14/11/2020 - sábado às 19h00
Local: Neo Química Arena - Sao Paulo - SP
Transmissão: Premiere
Ref: 206
Rodada: 21

4 x 2

Grêmio
Ceará
Data: 14/11/2020 - sábado às 19h00
Local: Arena do Grêmio - Porto Alegre - RS
Transmissão: Premiere
Ref: 201
Rodada: 21

1 x 1

Flamengo
Atlético
Data: 14/11/2020 - sábado às 21h30
Local: Maracanã - Rio de Janeiro - RJ
Transmissão: Premiere
Ref: 203
Rodada: 21

2 x 0

Palmeiras
Fluminense
Data: 14/11/2020 - sábado às 21h30
Local: Allianz Parque - Sao Paulo - SP
Transmissão: Premiere
Ref: 208
Rodada: 21

1 x 2

Coritiba
Esporte Clube Bahia
Data: 16/11/2020 - segunda-feira às 18h00
Local: Couto Pereira - Curitiba - PR
Transmissão: Premiere, TNT
Ref: 202
Rodada: 21

1 x 2

Botafogo de Futebol E Regatas
Red Bull Bragantino
Data: 16/11/2020 - segunda-feira às 20h00
Local: Nilton Santos - Rio de Janeiro - RJ
Transmissão: Premiere, SporTV
Ref: 214
Rodada: 22

4 x 0

Red Bull Bragantino
Esporte Clube Bahia
Data: 20/11/2020 - sexta-feira às 20h00
Local: Nabi Abi Chedid - Braganca Paulista - SP
Transmissão: Premiere
Ref: 211
Rodada: 22

3 x 1

Flamengo
Coritiba
Data: 21/11/2020 - sábado às 19h00
Local: Maracanã - Rio de Janeiro - RJ
Transmissão: Premiere
Ref: 218
Rodada: 22

1 x 0

Athletico Paranaense
Santos Fc
Data: 21/11/2020 - sábado às 19h00
Local: Arena da Baixada - Curitiba - PR
Transmissão: TNT
Ref: 220
Rodada: 22

1 x 0

Goiás
Palmeiras
Data: 21/11/2020 - sábado às 21h00
Local: Hailé Pinheiro - Goiania - GO
Transmissão: Premiere
Ref: 213
Rodada: 22

1 x 1

São Paulo
Vasco da Gama
Data: 22/11/2020 - domingo às 16h00
Local: Morumbi - Sao Paulo - SP
Transmissão: Globo, Premiere
Ref: 219
Rodada: 22

2 x 2

Ceará
Atlético Mineiro
Data: 22/11/2020 - domingo às 16h00
Local: Arena Castelão - Fortaleza - CE
Transmissão: Globo, Premiere
Ref: 216
Rodada: 22

1 x 2

Internacional
Fluminense
Data: 22/11/2020 - domingo às 18h15
Local: Beira-Rio - Porto Alegre - RS
Transmissão: Premiere
Ref: 212
Rodada: 22

1 x 2

Botafogo de Futebol E Regatas
Fortaleza
Data: 22/11/2020 - domingo às 18h15
Local: Nilton Santos - Rio de Janeiro - RJ
Transmissão: Premiere
Ref: 215
Rodada: 22

0 x 0

Corinthians
Grêmio
Data: 22/11/2020 - domingo às 20h30
Local: Neo Química Arena - Sao Paulo - SP
Transmissão: Premiere, SporTV
Ref: 217
Rodada: 22

0 x 1

Sport Recife
Atlético
Data: 23/11/2020 - segunda-feira às 20h00
Local: Ilha do Retiro - Recife - PE
Transmissão: Premiere, SporTV
Ref: 226
Rodada: 23

2 x 4

Grêmio
Flamengo
Data: 28/01/2021 - quinta-feira às 20h00
Local: Arena do Grêmio - Porto Alegre - RS
Transmissão: Premiere
Ref: 228
Rodada: 23

0 x 1

Coritiba
Corinthians
Data: 25/11/2020 - quarta-feira às 21h30
Local: Couto Pereira - Curitiba - PR
Transmissão: Globo, Premiere
Ref: 225
Rodada: 23

2 x 1

Atlético Mineiro
Botafogo de Futebol E Regatas
Data: 25/11/2020 - quarta-feira às 21h30
Local: Mineirão - Belo Horizonte - MG
Transmissão: Globo, Premiere, SporTV
Ref: 229
Rodada: 23

1 x 1

Fortaleza
Goiás
Data: 26/11/2020 - quinta-feira às 20h00
Local: Arena Castelão - Fortaleza - CE
Transmissão: Premiere
Ref: 223
Rodada: 23

3 x 0

Palmeiras
Athletico Paranaense
Data: 28/11/2020 - sábado às 17h00
Local: Allianz Parque - Sao Paulo - SP
Transmissão: TNT
Ref: 224
Rodada: 23

4 x 2

Santos Fc
Sport Recife
Data: 28/11/2020 - sábado às 17h00
Local: Vila Belmiro - Santos - SP
Transmissão: Premiere
Ref: 227
Rodada: 23

1 x 3

Esporte Clube Bahia
São Paulo
Data: 28/11/2020 - sábado às 19h00
Local: Arena Fonte Nova - Salvador - BA
Transmissão: Premiere
Ref: 230
Rodada: 23

0 x 0

Atlético
Internacional
Data: 28/11/2020 - sábado às 21h00
Local: Antônio Accioly - Goiania - GO
Transmissão: Premiere
Ref: 222
Rodada: 23

1 x 4

Vasco da Gama
Ceará
Data: 30/11/2020 - segunda-feira às 18h00
Local: São Januário - Rio de Janeiro - RJ
Transmissão: Premiere
Ref: 221
Rodada: 23

0 x 0

Fluminense
Red Bull Bragantino
Data: 30/11/2020 - segunda-feira às 20h00
Local: Maracanã - Rio de Janeiro - RJ
Transmissão: Premiere, SporTV
Ref: 239
Rodada: 24

0 x 0

Fortaleza
Corinthians
Data: 02/12/2020 - quarta-feira às 21h30
Local: Arena Castelão - Fortaleza - CE
Transmissão: Globo, Premiere
Ref: 232
Rodada: 24

0 x 1

Botafogo de Futebol E Regatas
Flamengo
Data: 05/12/2020 - sábado às 17h00
Local: Nilton Santos - Rio de Janeiro - RJ
Transmissão: Premiere
Ref: 234
Rodada: 24

2 x 2

Santos Fc
Palmeiras
Data: 05/12/2020 - sábado às 17h00
Local: Vila Belmiro - Santos - SP
Transmissão: Premiere, TNT
Ref: 231
Rodada: 24

3 x 1

Fluminense
Athletico Paranaense
Data: 05/12/2020 - sábado às 19h00
Local: Maracanã - Rio de Janeiro - RJ
Ref: 237
Rodada: 24

0 x 2

Esporte Clube Bahia
Ceará
Data: 05/12/2020 - sábado às 19h00
Local: Arena Fonte Nova - Salvador - BA
Transmissão: Premiere, TNT
Ref: 238
Rodada: 24

0 x 0

Coritiba
Red Bull Bragantino
Data: 05/12/2020 - sábado às 21h00
Local: Couto Pereira - Curitiba - PR
Transmissão: Premiere
Ref: 236
Rodada: 24

4 x 0

Grêmio
Vasco da Gama
Data: 06/12/2020 - domingo às 16h00
Local: Arena do Grêmio - Porto Alegre - RS
Transmissão: Globo, Premiere
Ref: 233
Rodada: 24

1 x 0

São Paulo
Sport Recife
Data: 06/12/2020 - domingo às 16h00
Local: Morumbi - Sao Paulo - SP
Transmissão: Globo, Premiere
Ref: 235
Rodada: 24

2 x 2

Atlético Mineiro
Internacional
Data: 06/12/2020 - domingo às 18h15
Local: Mineirão - Belo Horizonte - MG
Transmissão: Premiere
Ref: 240
Rodada: 24

0 x 1

Atlético
Goiás
Data: 07/12/2020 - segunda-feira às 20h00
Local: Antônio Accioly - Goiania - GO
Transmissão: Globo, Premiere
Ref: 244
Rodada: 25

2 x 1

Red Bull Bragantino
Fortaleza
Data: 12/12/2020 - sábado às 17h00
Local: Nabi Abi Chedid - Braganca Paulista - SP
Transmissão: Premiere
Ref: 248
Rodada: 25

0 x 1

Athletico Paranaense
Atlético Mineiro
Data: 12/12/2020 - sábado às 17h00
Local: Arena da Baixada - Curitiba - PR
Ref: 246
Rodada: 25

2 x 1

Internacional
Botafogo de Futebol E Regatas
Data: 12/12/2020 - sábado às 19h00
Local: Beira-Rio - Porto Alegre - RS
Transmissão: Premiere
Ref: 243
Rodada: 25

3 x 0

Palmeiras
Esporte Clube Bahia
Data: 12/12/2020 - sábado às 19h00
Local: Allianz Parque - Sao Paulo - SP
Transmissão: Premiere, TNT
Ref: 249
Rodada: 25

1 x 2

Ceará
Atlético
Data: 12/12/2020 - sábado às 21h00
Local: Arena Castelão - Fortaleza - CE
Transmissão: Premiere
Ref: 250
Rodada: 25

0 x 0

Goiás
Grêmio
Data: 12/12/2020 - sábado às 21h00
Local: Hailé Pinheiro - Goiania - GO
Transmissão: Premiere, SporTV
Ref: 241
Rodada: 25

4 x 1

Flamengo
Santos Fc
Data: 13/12/2020 - domingo às 16h00
Local: Maracanã - Rio de Janeiro - RJ
Transmissão: Globo, Premiere
Ref: 247
Rodada: 25

1 x 0

Sport Recife
Coritiba
Data: 13/12/2020 - domingo às 18h15
Local: Ilha do Retiro - Recife - PE
Transmissão: Premiere
Ref: 245
Rodada: 25

1 x 0

Corinthians
São Paulo
Data: 13/12/2020 - domingo às 18h15
Local: Neo Química Arena - Sao Paulo - SP
Transmissão: Premiere
Ref: 242
Rodada: 25

1 x 1

Vasco da Gama
Fluminense
Data: 13/12/2020 - domingo às 20h30
Local: São Januário - Rio de Janeiro - RJ
Transmissão: Premiere, SporTV
Ref: 253
Rodada: 26

3 x 0

São Paulo
Atlético Mineiro
Data: 16/12/2020 - quarta-feira às 21h30
Local: Morumbi - Sao Paulo - SP
Transmissão: Globo, Premiere
Ref: 260
Rodada: 26

2 x 1

Atlético
Fluminense
Data: 16/12/2020 - quarta-feira às 21h30
Local: Antônio Accioly - Goiania - GO
Transmissão: Globo, Premiere
Ref: 257
Rodada: 26

1 x 1

Sport Recife
Grêmio
Data: 19/12/2020 - sábado às 19h00
Local: Ilha do Retiro - Recife - PE
Transmissão: Premiere, SporTV
Ref: 258
Rodada: 26

1 x 2

Coritiba
Botafogo de Futebol E Regatas
Data: 19/12/2020 - sábado às 21h00
Local: Couto Pereira - Curitiba - PR
Transmissão: Premiere
Ref: 256
Rodada: 26

2 x 0

Internacional
Palmeiras
Data: 19/12/2020 - sábado às 21h00
Local: Beira-Rio - Porto Alegre - RS
Transmissão: Premiere, TNT
Ref: 254
Rodada: 26

0 x 1

Red Bull Bragantino
Athletico Paranaense
Data: 20/12/2020 - domingo às 16h00
Local: Nabi Abi Chedid - Braganca Paulista - SP
Ref: 252
Rodada: 26

1 x 0

Vasco da Gama
Santos Fc
Data: 20/12/2020 - domingo às 16h00
Local: São Januário - Rio de Janeiro - RJ
Transmissão: Globo, Premiere
Ref: 251
Rodada: 26

4 x 3

Flamengo
Esporte Clube Bahia
Data: 20/12/2020 - domingo às 18h15
Local: Maracanã - Rio de Janeiro - RJ
Transmissão: Globo
Ref: 259
Rodada: 26

0 x 2

Fortaleza
Ceará
Data: 20/12/2020 - domingo às 20h30
Local: Arena Castelão - Fortaleza - CE
Transmissão: Premiere, TNT
Ref: 255
Rodada: 26

2 x 1

Corinthians
Goiás
Data: 21/12/2020 - segunda-feira às 20h00
Local: Neo Química Arena - Sao Paulo - SP
Transmissão: Premiere, SporTV
Ref: 265
Rodada: 27

2 x 0

Atlético Mineiro
Coritiba
Data: 26/12/2020 - sábado às 17h00
Local: Mineirão - Belo Horizonte - MG
Transmissão: Premiere
Ref: 269
Rodada: 27

0 x 0

Fortaleza
Flamengo
Data: 26/12/2020 - sábado às 19h00
Local: Arena Castelão - Fortaleza - CE
Transmissão: Premiere
Ref: 270
Rodada: 27

1 x 0

Goiás
Sport Recife
Data: 26/12/2020 - sábado às 19h00
Local: Hailé Pinheiro - Goiania - GO
Transmissão: Premiere
Ref: 261
Rodada: 27

1 x 2

Fluminense
São Paulo
Data: 26/12/2020 - sábado às 21h00
Local: Maracanã - Rio de Janeiro - RJ
Transmissão: Globo, Premiere
Ref: 262
Rodada: 27

0 x 2

Botafogo de Futebol E Regatas
Corinthians
Data: 27/12/2020 - domingo às 16h00
Local: Nilton Santos - Rio de Janeiro - RJ
Transmissão: Globo, Premiere
Ref: 267
Rodada: 27

1 x 2

Esporte Clube Bahia
Internacional
Data: 27/12/2020 - domingo às 16h00
Local: Arena Fonte Nova - Salvador - BA
Transmissão: Globo, Premiere, TNT
Ref: 268
Rodada: 27

3 x 0

Athletico Paranaense
Vasco da Gama
Data: 27/12/2020 - domingo às 18h15
Local: Arena da Baixada - Curitiba - PR
Ref: 263
Rodada: 27

1 x 0

Palmeiras
Red Bull Bragantino
Data: 27/12/2020 - domingo às 18h15
Local: Allianz Parque - Sao Paulo - SP
Transmissão: Premiere
Ref: 264
Rodada: 27

1 x 1

Santos Fc
Ceará
Data: 27/12/2020 - domingo às 18h15
Local: Vila Belmiro - Santos - SP
Transmissão: Premiere, TNT
Ref: 266
Rodada: 27

2 x 1

Grêmio
Atlético
Data: 27/12/2020 - domingo às 20h30
Local: Arena do Grêmio - Porto Alegre - RS
Transmissão: Premiere, SporTV
Ref: 272
Rodada: 28

0 x 2

Botafogo de Futebol E Regatas
Athletico Paranaense
Data: 06/01/2021 - quarta-feira às 19h15
Local: Nilton Santos - Rio de Janeiro - RJ
Ref: 276
Rodada: 28

2 x 1

Grêmio
Esporte Clube Bahia
Data: 06/01/2021 - quarta-feira às 19h15
Local: Arena do Grêmio - Porto Alegre - RS
Transmissão: Premiere
Ref: 277
Rodada: 28

1 x 0

Sport Recife
Fortaleza
Data: 06/01/2021 - quarta-feira às 20h30
Local: Ilha do Retiro - Recife - PE
Transmissão: Premiere
Ref: 278
Rodada: 28

1 x 2

Coritiba
Goiás
Data: 06/01/2021 - quarta-feira às 20h30
Local: Couto Pereira - Curitiba - PR
Transmissão: Premiere
Ref: 274
Rodada: 28

4 x 2

Red Bull Bragantino
São Paulo
Data: 06/01/2021 - quarta-feira às 21h30
Local: Nabi Abi Chedid - Braganca Paulista - SP
Transmissão: Globo, Premiere
Ref: 271
Rodada: 28

1 x 2

Flamengo
Fluminense
Data: 06/01/2021 - quarta-feira às 21h30
Local: Maracanã - Rio de Janeiro - RJ
Transmissão: Globo, Premiere
Ref: 279
Rodada: 28

0 x 2

Ceará
Internacional
Data: 07/01/2021 - quinta-feira às 19h00
Local: Arena Castelão - Fortaleza - CE
Transmissão: Premiere, TNT
Ref: 280
Rodada: 28

0 x 0

Atlético
Vasco da Gama
Data: 07/01/2021 - quinta-feira às 21h00
Local: Antônio Accioly - Goiania - GO
Transmissão: Premiere, SporTV
Ref: 273
Rodada: 28

4 x 0

Palmeiras
Corinthians
Data: 18/01/2021 - segunda-feira às 19h00
Local: Allianz Parque - Sao Paulo - SP
Transmissão: Premiere
Ref: 275
Rodada: 28

2 x 0

Atlético Mineiro
Santos Fc
Data: 26/01/2021 - terça-feira às 20h00
Local: Mineirão - Belo Horizonte - MG
Transmissão: Premiere
Ref: 287
Rodada: 29

0 x 1

Sport Recife
Palmeiras
Data: 09/01/2021 - sábado às 19h00
Local: Ilha do Retiro - Recife - PE
Transmissão: Premiere
Ref: 288
Rodada: 29

0 x 0

Coritiba
Athletico Paranaense
Data: 09/01/2021 - sábado às 19h00
Local: Couto Pereira - Curitiba - PR
Transmissão: TNT
Ref: 289
Rodada: 29

0 x 0

Fortaleza
Grêmio
Data: 09/01/2021 - sábado às 21h00
Local: Arena Castelão - Fortaleza - CE
Transmissão: Premiere
Ref: 283
Rodada: 29

0 x 1

São Paulo
Santos Fc
Data: 10/01/2021 - domingo às 16h00
Local: Morumbi - Sao Paulo - SP
Transmissão: Globo, Premiere
Ref: 281
Rodada: 29

0 x 2

Flamengo
Ceará
Data: 10/01/2021 - domingo às 16h00
Local: Maracanã - Rio de Janeiro - RJ
Transmissão: Globo, Premiere
Ref: 286
Rodada: 29

1 x 0

Internacional
Goiás
Data: 10/01/2021 - domingo às 18h15
Local: Beira-Rio - Porto Alegre - RS
Transmissão: Premiere
Ref: 290
Rodada: 29

1 x 1

Atlético
Esporte Clube Bahia
Data: 10/01/2021 - domingo às 18h15
Local: Antônio Accioly - Goiania - GO
Transmissão: Premiere
Ref: 282
Rodada: 29

3 x 0

Vasco da Gama
Botafogo de Futebol E Regatas
Data: 10/01/2021 - domingo às 20h30
Local: São Januário - Rio de Janeiro - RJ
Transmissão: Premiere, SporTV
Ref: 284
Rodada: 29

2 x 2

Red Bull Bragantino
Atlético Mineiro
Data: 11/01/2021 - segunda-feira às 20h00
Local: Nabi Abi Chedid - Braganca Paulista - SP
Transmissão: Premiere, SporTV
Ref: 285
Rodada: 29

5 x 0

Corinthians
Fluminense
Data: 13/01/2021 - quarta-feira às 21h30
Local: Neo Química Arena - Sao Paulo - SP
Transmissão: Globo, Premiere
Ref: 293
Rodada: 30

1 x 1

Palmeiras
Grêmio
Data: 15/01/2021 - sexta-feira às 21h30
Local: Allianz Parque - Sao Paulo - SP
Transmissão: Premiere
Ref: 291
Rodada: 30

1 x 0

Fluminense
Sport Recife
Data: 16/01/2021 - sábado às 19h00
Local: Nilton Santos - Rio de Janeiro - RJ
Transmissão: Premiere
Ref: 292
Rodada: 30

0 x 1

Vasco da Gama
Coritiba
Data: 16/01/2021 - sábado às 21h00
Local: São Januário - Rio de Janeiro - RJ
Transmissão: Premiere
Ref: 294
Rodada: 30

2 x 1

Santos Fc
Botafogo de Futebol E Regatas
Data: 17/01/2021 - domingo às 16h00
Local: Vila Belmiro - Santos - SP
Transmissão: Globo, Premiere
Ref: 298
Rodada: 30

1 x 1

Athletico Paranaense
São Paulo
Data: 17/01/2021 - domingo às 16h00
Local: Arena da Baixada - Curitiba - PR
Transmissão: Globo
Ref: 295
Rodada: 30

3 x 1

Atlético Mineiro
Atlético
Data: 17/01/2021 - domingo às 18h15
Local: Mineirão - Belo Horizonte - MG
Transmissão: Premiere, SporTV
Ref: 296
Rodada: 30

4 x 2

Internacional
Fortaleza
Data: 17/01/2021 - domingo às 20h30
Local: Beira-Rio - Porto Alegre - RS
Transmissão: Premiere, TNT
Ref: 299
Rodada: 30

1 x 2

Ceará
Red Bull Bragantino
Data: 17/01/2021 - domingo às 20h30
Local: Arena Castelão - Fortaleza - CE
Transmissão: Premiere
Ref: 300
Rodada: 30

0 x 3

Goiás
Flamengo
Data: 18/01/2021 - segunda-feira às 20h00
Local: Hailé Pinheiro - Goiania - GO
Transmissão: Premiere, SporTV
Ref: 297
Rodada: 30

2 x 1

Esporte Clube Bahia
Corinthians
Data: 28/01/2021 - quinta-feira às 19h00
Local: Arena Fonte Nova - Salvador - BA
Transmissão: Premiere
Ref: 302
Rodada: 31

1 x 3

Botafogo de Futebol E Regatas
Atlético
Data: 20/01/2021 - quarta-feira às 17h00
Local: Nilton Santos - Rio de Janeiro - RJ
Transmissão: Premiere
Ref: 307
Rodada: 31

1 x 0

Esporte Clube Bahia
Athletico Paranaense
Data: 20/01/2021 - quarta-feira às 18h00
Local: Arena Fonte Nova - Salvador - BA
Transmissão: TNT
Ref: 306
Rodada: 31

1 x 1

Grêmio
Atlético Mineiro
Data: 20/01/2021 - quarta-feira às 19h15
Local: Arena do Grêmio - Porto Alegre - RS
Transmissão: Globo, Premiere
Ref: 308
Rodada: 31

3 x 3

Coritiba
Fluminense
Data: 20/01/2021 - quarta-feira às 20h30
Local: Couto Pereira - Curitiba - PR
Transmissão: Premiere
Ref: 303
Rodada: 31

1 x 5

São Paulo
Internacional
Data: 20/01/2021 - quarta-feira às 21h30
Local: Morumbi - Sao Paulo - SP
Transmissão: Globo, Premiere
Ref: 304
Rodada: 31

4 x 1

Red Bull Bragantino
Vasco da Gama
Data: 20/01/2021 - quarta-feira às 21h30
Local: Nabi Abi Chedid - Braganca Paulista - SP
Transmissão: Globo, Premiere
Ref: 309
Rodada: 31

2 x 0

Fortaleza
Santos Fc
Data: 21/01/2021 - quinta-feira às 19h00
Local: Arena Castelão - Fortaleza - CE
Transmissão: Premiere, TNT
Ref: 310
Rodada: 31

0 x 4

Goiás
Ceará
Data: 21/01/2021 - quinta-feira às 19h00
Local: Hailé Pinheiro - Goiania - GO
Transmissão: Premiere
Ref: 301
Rodada: 31

2 x 0

Flamengo
Palmeiras
Data: 21/01/2021 - quinta-feira às 19h00
Local: Mané Garrincha - Brasilia - DF
Transmissão: Premiere
Ref: 305
Rodada: 31

3 x 0

Corinthians
Sport Recife
Data: 21/01/2021 - quinta-feira às 21h00
Local: Neo Química Arena - Sao Paulo - SP
Transmissão: Premiere, SporTV
Ref: 313
Rodada: 32

1 x 1

São Paulo
Coritiba
Data: 23/01/2021 - sábado às 19h00
Local: Morumbi - Sao Paulo - SP
Transmissão: Premiere
Ref: 312
Rodada: 32

3 x 2

Vasco da Gama
Atlético Mineiro
Data: 23/01/2021 - sábado às 21h00
Local: São Januário - Rio de Janeiro - RJ
Transmissão: Premiere, SporTV
Ref: 318
Rodada: 32

2 x 1

Athletico Paranaense
Flamengo
Data: 24/01/2021 - domingo às 16h00
Local: Arena da Baixada - Curitiba - PR
Transmissão: Globo
Ref: 319
Rodada: 32

2 x 1

Ceará
Palmeiras
Data: 24/01/2021 - domingo às 16h00
Local: Arena Castelão - Fortaleza - CE
Transmissão: Globo, Premiere, TNT
Ref: 316
Rodada: 32

2 x 1

Internacional
Grêmio
Data: 24/01/2021 - domingo às 16h00
Local: Beira-Rio - Porto Alegre - RS
Transmissão: Globo, Premiere
Ref: 317
Rodada: 32

2 x 0

Sport Recife
Esporte Clube Bahia
Data: 24/01/2021 - domingo às 18h15
Local: Ilha do Retiro - Recife - PE
Transmissão: Premiere
Ref: 320
Rodada: 32

2 x 0

Atlético
Fortaleza
Data: 24/01/2021 - domingo às 18h15
Local: Antônio Accioly - Goiania - GO
Transmissão: Premiere
Ref: 314
Rodada: 32

3 x 4

Santos Fc
Goiás
Data: 24/01/2021 - domingo às 18h15
Local: Vila Belmiro - Santos - SP
Transmissão: Premiere
Ref: 311
Rodada: 32

2 x 0

Fluminense
Botafogo de Futebol E Regatas
Data: 24/01/2021 - domingo às 20h30
Local: São Januário - Rio de Janeiro - RJ
Transmissão: Premiere, SporTV
Ref: 315
Rodada: 32

0 x 2

Corinthians
Red Bull Bragantino
Data: 25/01/2021 - segunda-feira às 20h00
Local: Neo Química Arena - Sao Paulo - SP
Transmissão: Premiere
Ref: 322
Rodada: 33

0 x 0

Vasco da Gama
Esporte Clube Bahia
Data: 31/01/2021 - domingo às 16h00
Local: São Januário - Rio de Janeiro - RJ
Transmissão: Globo, Premiere
Ref: 328
Rodada: 33

1 x 1

Coritiba
Grêmio
Data: 31/01/2021 - domingo às 16h00
Local: Couto Pereira - Curitiba - PR
Transmissão: Globo, Premiere
Ref: 329
Rodada: 33

0 x 2

Ceará
Athletico Paranaense
Data: 31/01/2021 - domingo às 16h00
Local: Arena Castelão - Fortaleza - CE
Transmissão: TNT
Ref: 330
Rodada: 33

2 x 1

Atlético
São Paulo
Data: 31/01/2021 - domingo às 16h00
Local: Antônio Accioly - Goiania - GO
Transmissão: Globo, Premiere
Ref: 325
Rodada: 33

2 x 0

Atlético Mineiro
Fortaleza
Data: 31/01/2021 - domingo às 17h00
Local: Mineirão - Belo Horizonte - MG
Transmissão: Premiere
Ref: 326
Rodada: 33

2 x 1

Internacional
Red Bull Bragantino
Data: 31/01/2021 - domingo às 18h15
Local: Beira-Rio - Porto Alegre - RS
Transmissão: Premiere
Ref: 321
Rodada: 33

3 x 0

Fluminense
Goiás
Data: 31/01/2021 - domingo às 20h30
Local: Nilton Santos - Rio de Janeiro - RJ
Transmissão: Premiere, SporTV
Ref: 327
Rodada: 33

0 x 3

Sport Recife
Flamengo
Data: 01/02/2021 - segunda-feira às 20h00
Local: Ilha do Retiro - Recife - PE
Transmissão: Premiere, SporTV
Ref: 323
Rodada: 33

1 x 1

Palmeiras
Botafogo de Futebol E Regatas
Data: 02/02/2021 - terça-feira às 16h00
Local: Allianz Parque - Sao Paulo - SP
Transmissão: Premiere
Ref: 324
Rodada: 33

1 x 0

Santos Fc
Corinthians
Data: 17/02/2021 - quarta-feira às 19h00
Local: Vila Belmiro - Santos - SP
Transmissão: Premiere
Ref: 336
Rodada: 34

3 x 3

Grêmio
Santos Fc
Data: 03/02/2021 - quarta-feira às 16h00
Local: Arena do Grêmio - Porto Alegre - RS
Transmissão: Premiere
Ref: 334
Rodada: 34

2 x 0

Red Bull Bragantino
Atlético
Data: 03/02/2021 - quarta-feira às 19h15
Local: Nabi Abi Chedid - Braganca Paulista - SP
Transmissão: Premiere, SporTV
Ref: 335
Rodada: 34

2 x 1

Corinthians
Ceará
Data: 03/02/2021 - quarta-feira às 21h30
Local: Neo Química Arena - Sao Paulo - SP
Transmissão: Globo, Premiere
Ref: 337
Rodada: 34

0 x 1

Esporte Clube Bahia
Fluminense
Data: 03/02/2021 - quarta-feira às 21h30
Local: Arena Fonte Nova - Salvador - BA
Transmissão: Globo, Premiere
Ref: 340
Rodada: 34

1 x 0

Goiás
Atlético Mineiro
Data: 03/02/2021 - quarta-feira às 21h30
Local: Hailé Pinheiro - Goiania - GO
Transmissão: Globo, Premiere
Ref: 339
Rodada: 34

3 x 1

Fortaleza
Coritiba
Data: 04/02/2021 - quinta-feira às 18h30
Local: Arena Castelão - Fortaleza - CE
Transmissão: Premiere, TNT
Ref: 338
Rodada: 34

0 x 0

Athletico Paranaense
Internacional
Data: 04/02/2021 - quinta-feira às 21h00
Local: Arena da Baixada - Curitiba - PR
Transmissão: TNT
Ref: 331
Rodada: 34

2 x 0

Flamengo
Vasco da Gama
Data: 04/02/2021 - quinta-feira às 21h00
Local: Maracanã - Rio de Janeiro - RJ
Transmissão: Premiere
Ref: 332
Rodada: 34

0 x 1

Botafogo de Futebol E Regatas
Sport Recife
Data: 05/02/2021 - sexta-feira às 20h00
Local: Nilton Santos - Rio de Janeiro - RJ
Transmissão: Premiere, SporTV
Ref: 333
Rodada: 34

1 x 1

São Paulo
Palmeiras
Data: 19/02/2021 - sexta-feira às 21h30
Local: Morumbi - Sao Paulo - SP
Transmissão: Premiere
Ref: 347
Rodada: 35

3 x 3

Esporte Clube Bahia
Goiás
Data: 06/02/2021 - sábado às 19h00
Local: Arena Fonte Nova - Salvador - BA
Transmissão: Premiere
Ref: 350
Rodada: 35

1 x 1

Atlético
Santos Fc
Data: 06/02/2021 - sábado às 21h00
Local: Antônio Accioly - Goiania - GO
Transmissão: Premiere
Ref: 344
Rodada: 35

1 x 1

Red Bull Bragantino
Flamengo
Data: 07/02/2021 - domingo às 20h30
Local: Nabi Abi Chedid - Braganca Paulista - SP
Transmissão: Premiere, SporTV
Ref: 342
Rodada: 35

2 x 5

Botafogo de Futebol E Regatas
Grêmio
Data: 08/02/2021 - segunda-feira às 20h00
Local: Nilton Santos - Rio de Janeiro - RJ
Transmissão: Premiere, SporTV
Ref: 346
Rodada: 35

1 x 2

Internacional
Sport Recife
Data: 10/02/2021 - quarta-feira às 19h00
Local: Beira-Rio - Porto Alegre - RS
Transmissão: Premiere
Ref: 349
Rodada: 35

3 x 0

Fortaleza
Vasco da Gama
Data: 10/02/2021 - quarta-feira às 19h15
Local: Arena Castelão - Fortaleza - CE
Transmissão: Premiere
Ref: 343
Rodada: 35

1 x 1

São Paulo
Ceará
Data: 10/02/2021 - quarta-feira às 21h00
Local: Morumbi - Sao Paulo - SP
Transmissão: Premiere
Ref: 345
Rodada: 35

3 x 3

Corinthians
Athletico Paranaense
Data: 10/02/2021 - quarta-feira às 21h30
Local: Neo Química Arena - Sao Paulo - SP
Transmissão: Globo
Ref: 341
Rodada: 35

0 x 0

Fluminense
Atlético Mineiro
Data: 10/02/2021 - quarta-feira às 21h30
Local: Maracanã - Rio de Janeiro - RJ
Transmissão: Globo, Premiere
Ref: 348
Rodada: 35

1 x 0

Coritiba
Palmeiras
Data: 17/02/2021 - quarta-feira às 19h30
Local: Couto Pereira - Curitiba - PR
Transmissão: Premiere, TNT
Ref: 360
Rodada: 36

2 x 0

Goiás
Botafogo de Futebol E Regatas
Data: 13/02/2021 - sábado às 17h00
Local: Hailé Pinheiro - Goiania - GO
Transmissão: Premiere
Ref: 354
Rodada: 36

2 x 0

Santos Fc
Coritiba
Data: 13/02/2021 - sábado às 19h00
Local: Vila Belmiro - Santos - SP
Transmissão: Premiere, TNT
Ref: 355
Rodada: 36

1 x 1

Atlético Mineiro
Esporte Clube Bahia
Data: 13/02/2021 - sábado às 19h00
Local: Mineirão - Belo Horizonte - MG
Transmissão: Premiere
Ref: 351
Rodada: 36

2 x 1

Flamengo
Corinthians
Data: 14/02/2021 - domingo às 16h00
Local: Maracanã - Rio de Janeiro - RJ
Transmissão: Globo, Premiere
Ref: 352
Rodada: 36

0 x 2

Vasco da Gama
Internacional
Data: 14/02/2021 - domingo às 16h00
Local: São Januário - Rio de Janeiro - RJ
Transmissão: Globo, Premiere
Ref: 353
Rodada: 36

3 x 0

Palmeiras
Fortaleza
Data: 14/02/2021 - domingo às 18h15
Local: Allianz Parque - Sao Paulo - SP
Transmissão: Premiere, TNT
Ref: 358
Rodada: 36

2 x 1

Athletico Paranaense
Atlético
Data: 14/02/2021 - domingo às 18h15
Local: Arena da Baixada - Curitiba - PR
Ref: 356
Rodada: 36

1 x 2

Grêmio
São Paulo
Data: 14/02/2021 - domingo às 20h30
Local: Arena do Grêmio - Porto Alegre - RS
Transmissão: Premiere, SporTV
Ref: 359
Rodada: 36

1 x 3

Ceará
Fluminense
Data: 15/02/2021 - segunda-feira às 18h00
Local: Arena Castelão - Fortaleza - CE
Transmissão: Premiere
Ref: 357
Rodada: 36

0 x 0

Sport Recife
Red Bull Bragantino
Data: 15/02/2021 - segunda-feira às 20h00
Local: Ilha do Retiro - Recife - PE
Transmissão: Premiere, SporTV
Ref: 368
Rodada: 37

0 x 2

Coritiba
Ceará
Data: 20/02/2021 - sábado às 18h30
Local: Couto Pereira - Curitiba - PR
Transmissão: Premiere, TNT
Ref: 369
Rodada: 37

0 x 4

Fortaleza
Esporte Clube Bahia
Data: 20/02/2021 - sábado às 21h00
Local: Arena Castelão - Fortaleza - CE
Transmissão: Premiere, TNT
Ref: 367
Rodada: 37

2 x 3

Sport Recife
Atlético Mineiro
Data: 21/02/2021 - domingo às 16h00
Local: Ilha do Retiro - Recife - PE
Transmissão: Globo, Premiere
Ref: 361
Rodada: 37

2 x 1

Flamengo
Internacional
Data: 21/02/2021 - domingo às 16h00
Local: Maracanã - Rio de Janeiro - RJ
Transmissão: Globo, Premiere
Ref: 365
Rodada: 37

0 x 0

Corinthians
Vasco da Gama
Data: 21/02/2021 - domingo às 16h00
Local: Neo Química Arena - Sao Paulo - SP
Transmissão: Globo, Premiere
Ref: 366
Rodada: 37

1 x 0

Grêmio
Athletico Paranaense
Data: 21/02/2021 - domingo às 18h15
Local: Arena do Grêmio - Porto Alegre - RS
Transmissão: Premiere
Ref: 364
Rodada: 37

1 x 1

Santos Fc
Fluminense
Data: 21/02/2021 - domingo às 18h15
Local: Vila Belmiro - Santos - SP
Transmissão: Premiere
Ref: 370
Rodada: 37

0 x 0

Goiás
Red Bull Bragantino
Data: 21/02/2021 - domingo às 20h30
Local: Hailé Pinheiro - Goiania - GO
Transmissão: Premiere, SporTV
Ref: 363
Rodada: 37

1 x 1

Palmeiras
Atlético
Data: 22/02/2021 - segunda-feira às 18h00
Local: Allianz Parque - Sao Paulo - SP
Transmissão: Premiere
Ref: 362
Rodada: 37

1 x 0

Botafogo de Futebol E Regatas
São Paulo
Data: 22/02/2021 - segunda-feira às 20h00
Local: Nilton Santos - Rio de Janeiro - RJ
Transmissão: Premiere, SporTV
Ref: 371
Rodada: 38

2 x 0

Fluminense
Fortaleza
Data: 25/02/2021 - quinta-feira às 21h30
Local: Maracanã - Rio de Janeiro - RJ
Transmissão: Premiere
Ref: 372
Rodada: 38

3 x 2

Vasco da Gama
Goiás
Data: 25/02/2021 - quinta-feira às 21h30
Local: São Januário - Rio de Janeiro - RJ
Transmissão: Premiere
Ref: 373
Rodada: 38

2 x 1

São Paulo
Flamengo
Data: 25/02/2021 - quinta-feira às 21h30
Local: Morumbi - Sao Paulo - SP
Transmissão: Premiere
Ref: 374
Rodada: 38

1 x 0

Red Bull Bragantino
Grêmio
Data: 25/02/2021 - quinta-feira às 21h30
Local: Nabi Abi Chedid - Braganca Paulista - SP
Transmissão: Premiere
Ref: 375
Rodada: 38

2 x 0

Atlético Mineiro
Palmeiras
Data: 25/02/2021 - quinta-feira às 21h30
Local: Mineirão - Belo Horizonte - MG
Transmissão: Premiere
Ref: 376
Rodada: 38

0 x 0

Internacional
Corinthians
Data: 25/02/2021 - quinta-feira às 21h30
Local: Beira-Rio - Porto Alegre - RS
Transmissão: Premiere
Ref: 377
Rodada: 38

2 x 0

Esporte Clube Bahia
Santos Fc
Data: 25/02/2021 - quinta-feira às 21h30
Local: Arena Fonte Nova - Salvador - BA
Transmissão: Premiere, TNT
Ref: 378
Rodada: 38

2 x 0

Athletico Paranaense
Sport Recife
Data: 25/02/2021 - quinta-feira às 21h30
Local: Arena da Baixada - Curitiba - PR
Ref: 379
Rodada: 38

2 x 1

Ceará
Botafogo de Futebol E Regatas
Data: 25/02/2021 - quinta-feira às 21h30
Local: Arena Castelão - Fortaleza - CE
Transmissão: Premiere
Ref: 380
Rodada: 38

3 x 1

Atlético
Coritiba
Data: 25/02/2021 - quinta-feira às 21h30
Local: Antônio Accioly - Goiania - GO
Transmissão: Premiere
