Ref: 002
Rodada: 1

0 x 0

Fluminense
Santos Fc
Data: 09/04/2022 - sábado às 16h30
Local: Maracanã - Rio de Janeiro - RJ
Transmissão: Premiere
Ref: 008
Rodada: 1

1 x 1

Atlético
Flamengo
Data: 09/04/2022 - sábado às 19h00
Local: Antônio Accioly - Goiania - GO
Transmissão: Premiere
Ref: 004
Rodada: 1

2 x 3

Palmeiras
Ceará
Data: 09/04/2022 - sábado às 21h00
Local: Allianz Parque - Sao Paulo - SP
Transmissão: SporTV
Ref: 010
Rodada: 1

3 x 0

Coritiba
Goiás
Data: 10/04/2022 - domingo às 11h00
Local: Couto Pereira - Curitiba - PR
Transmissão: Premiere
Ref: 001
Rodada: 1

2 x 0

Atlético Mineiro
Internacional
Data: 10/04/2022 - domingo às 16h00
Local: Mineirão - Belo Horizonte - MG
Transmissão: Globo, Premiere
Ref: 005
Rodada: 1

1 x 3

Botafogo
Corinthians
Data: 10/04/2022 - domingo às 16h00
Local: Nilton Santos - Rio de Janeiro - RJ
Transmissão: Globo
Ref: 007
Rodada: 1

0 x 1

Fortaleza
Cuiabá Saf
Data: 10/04/2022 - domingo às 18h00
Local: Arena Castelão - Fortaleza - CE
Ref: 009
Rodada: 1

1 x 0

Avaí
America Saf
Data: 10/04/2022 - domingo às 19h00
Local: Ressacada - Florianopolis - SC
Transmissão: Premiere
Ref: 003
Rodada: 1

4 x 0

São Paulo
Athletico Paranaense
Data: 10/04/2022 - domingo às 19h00
Local: Morumbi - Sao Paulo - SP
Transmissão: Premiere, SporTV
Ref: 006
Rodada: 1

2 x 2

Juventude
Red Bull Bragantino
Data: 11/04/2022 - segunda-feira às 20h00
Local: Alfredo Jaconi - Caxias do Sul - RS
Transmissão: Premiere
Ref: 018
Rodada: 2

1 x 1

Goiás
Palmeiras
Data: 16/04/2022 - sábado às 16h30
Local: Hailé Pinheiro - Goiania - GO
Transmissão: Premiere
Ref: 014
Rodada: 2

3 x 0

Corinthians
Avaí
Data: 16/04/2022 - sábado às 19h00
Local: Neo Química Arena - Sao Paulo - SP
Transmissão: Premiere, SporTV
Ref: 011
Rodada: 2

4 x 1

America Saf
Juventude
Data: 16/04/2022 - sábado às 19h00
Local: Independência - Belo Horizonte - MG
Transmissão: Premiere
Ref: 019
Rodada: 2

0 x 1

Cuiabá Saf
Fluminense
Data: 16/04/2022 - sábado às 21h00
Local: Arena Pantanal - Cuiaba - MT
Transmissão: Premiere, SporTV
Ref: 015
Rodada: 2

2 x 1

Santos Fc
Coritiba
Data: 17/04/2022 - domingo às 11h00
Local: Vila Belmiro - Santos - SP
Transmissão: Premiere
Ref: 012
Rodada: 2

3 x 1

Flamengo
São Paulo
Data: 17/04/2022 - domingo às 16h00
Local: Maracanã - Rio de Janeiro - RJ
Transmissão: Globo, Premiere
Ref: 013
Rodada: 2

4 x 0

Red Bull Bragantino
Atlético
Data: 17/04/2022 - domingo às 18h00
Local: Nabi Abi Chedid - Braganca Paulista - SP
Transmissão: Premiere
Ref: 016
Rodada: 2

2 x 1

Internacional
Fortaleza
Data: 17/04/2022 - domingo às 18h00
Local: Beira-Rio - Porto Alegre - RS
Transmissão: Premiere
Ref: 020
Rodada: 2

0 x 1

Athletico Paranaense
Atlético Mineiro
Data: 17/04/2022 - domingo às 18h00
Local: Arena da Baixada - Curitiba - PR
Ref: 017
Rodada: 2

1 x 3

Ceará
Botafogo
Data: 17/04/2022 - domingo às 19h00
Local: Arena Castelão - Fortaleza - CE
Transmissão: Premiere, SporTV
Ref: 023
Rodada: 3

1 x 1

Red Bull Bragantino
São Paulo
Data: 23/04/2022 - sábado às 16h30
Local: Nabi Abi Chedid - Braganca Paulista - SP
Transmissão: Globo, Premiere
Ref: 030
Rodada: 3

1 x 0

Athletico Paranaense
Flamengo
Data: 23/04/2022 - sábado às 16h30
Local: Arena da Baixada - Curitiba - PR
Transmissão: Globo
Ref: 024
Rodada: 3

3 x 0

Palmeiras
Corinthians
Data: 23/04/2022 - sábado às 19h00
Local: Arena Barueri - Barueri - SP
Transmissão: Premiere
Ref: 022
Rodada: 3

0 x 1

Fluminense
Internacional
Data: 23/04/2022 - sábado às 19h00
Local: Maracanã - Rio de Janeiro - RJ
Transmissão: Premiere
Ref: 021
Rodada: 3

2 x 2

Atlético Mineiro
Coritiba
Data: 23/04/2022 - sábado às 21h00
Local: Independência - Belo Horizonte - MG
Transmissão: Premiere, SporTV
Ref: 025
Rodada: 3

3 x 0

Santos Fc
America Saf
Data: 24/04/2022 - domingo às 16h00
Local: Vila Belmiro - Santos - SP
Transmissão: Premiere
Ref: 026
Rodada: 3

0 x 1

Juventude
Cuiabá Saf
Data: 24/04/2022 - domingo às 18h00
Local: Alfredo Jaconi - Caxias do Sul - RS
Transmissão: Premiere
Ref: 028
Rodada: 3

1 x 1

Atlético
Botafogo
Data: 24/04/2022 - domingo às 18h30
Local: Antônio Accioly - Goiania - GO
Transmissão: Premiere, SporTV
Ref: 029
Rodada: 3

3 x 2

Avaí
Goiás
Data: 25/04/2022 - segunda-feira às 20h00
Local: Ressacada - Florianopolis - SC
Transmissão: Premiere
Ref: 027
Rodada: 3

0 x 1

Fortaleza
Ceará
Data: 01/06/2022 - quarta-feira às 20h30
Local: Arena Castelão - Fortaleza - CE
Ref: 032
Rodada: 4

0 x 0

Flamengo
Palmeiras
Data: 20/04/2022 - quarta-feira às 19h30
Local: Maracanã - Rio de Janeiro - RJ
Transmissão: Premiere
Ref: 031
Rodada: 4

1 x 0

America Saf
Athletico Paranaense
Data: 30/04/2022 - sábado às 16h30
Local: Independência - Belo Horizonte - MG
Ref: 037
Rodada: 4

0 x 1

Ceará
Red Bull Bragantino
Data: 30/04/2022 - sábado às 16h30
Local: Arena Castelão - Fortaleza - CE
Transmissão: Premiere
Ref: 038
Rodada: 4

2 x 2

Goiás
Atlético Mineiro
Data: 30/04/2022 - sábado às 18h30
Local: Hailé Pinheiro - Goiania - GO
Transmissão: Premiere, SporTV
Ref: 039
Rodada: 4

1 x 1

Cuiabá Saf
Atlético
Data: 30/04/2022 - sábado às 19h00
Local: Arena Pantanal - Cuiaba - MT
Transmissão: Premiere
Ref: 035
Rodada: 4

1 x 1

Botafogo
Juventude
Data: 01/05/2022 - domingo às 11h00
Local: Nilton Santos - Rio de Janeiro - RJ
Transmissão: Premiere
Ref: 034
Rodada: 4

1 x 0

Corinthians
Fortaleza
Data: 01/05/2022 - domingo às 16h00
Local: Neo Química Arena - Sao Paulo - SP
Transmissão: Globo, Premiere
Ref: 040
Rodada: 4

3 x 2

Coritiba
Fluminense
Data: 01/05/2022 - domingo às 16h00
Local: Couto Pereira - Curitiba - PR
Transmissão: Globo, Premiere
Ref: 036
Rodada: 4

0 x 0

Internacional
Avaí
Data: 01/05/2022 - domingo às 19h00
Local: Beira-Rio - Porto Alegre - RS
Transmissão: Premiere, SporTV
Ref: 033
Rodada: 4

2 x 1

São Paulo
Santos Fc
Data: 02/05/2022 - segunda-feira às 20h00
Local: Morumbi - Sao Paulo - SP
Transmissão: Premiere
Ref: 041
Rodada: 5

1 x 2

Atlético Mineiro
America Saf
Data: 07/05/2022 - sábado às 16h30
Local: Independência - Belo Horizonte - MG
Transmissão: Premiere
Ref: 050
Rodada: 5

1 x 0

Athletico Paranaense
Ceará
Data: 07/05/2022 - sábado às 20h30
Local: Arena da Baixada - Curitiba - PR
Ref: 042
Rodada: 5

0 x 1

Flamengo
Botafogo
Data: 08/05/2022 - domingo às 11h00
Local: Mané Garrincha - Brasilia - DF
Transmissão: Premiere
Ref: 048
Rodada: 5

0 x 1

Atlético
Goiás
Data: 08/05/2022 - domingo às 16h00
Local: Antônio Accioly - Goiania - GO
Transmissão: Globo, Premiere
Ref: 044
Rodada: 5

1 x 1

Palmeiras
Fluminense
Data: 08/05/2022 - domingo às 16h00
Local: Allianz Parque - Sao Paulo - SP
Transmissão: Globo, Premiere
Ref: 045
Rodada: 5

4 x 1

Santos Fc
Cuiabá Saf
Data: 08/05/2022 - domingo às 18h00
Local: Vila Belmiro - Santos - SP
Transmissão: Premiere
Ref: 043
Rodada: 5

0 x 1

Red Bull Bragantino
Corinthians
Data: 08/05/2022 - domingo às 18h00
Local: Nabi Abi Chedid - Braganca Paulista - SP
Transmissão: Premiere
Ref: 046
Rodada: 5

1 x 1

Juventude
Internacional
Data: 08/05/2022 - domingo às 19h00
Local: Alfredo Jaconi - Caxias do Sul - RS
Transmissão: Premiere, SporTV
Ref: 047
Rodada: 5

1 x 1

Fortaleza
São Paulo
Data: 08/05/2022 - domingo às 19h00
Local: Arena Castelão - Fortaleza - CE
Transmissão: Premiere
Ref: 049
Rodada: 5

2 x 1

Avaí
Coritiba
Data: 09/05/2022 - segunda-feira às 20h00
Local: Ressacada - Florianopolis - SC
Transmissão: Premiere, SporTV
Ref: 054
Rodada: 6

2 x 0

Palmeiras
Red Bull Bragantino
Data: 14/05/2022 - sábado às 16h30
Local: Allianz Parque - Sao Paulo - SP
Transmissão: Premiere
Ref: 057
Rodada: 6

2 x 2

Ceará
Flamengo
Data: 14/05/2022 - sábado às 16h30
Local: Arena Castelão - Fortaleza - CE
Transmissão: Premiere
Ref: 056
Rodada: 6

2 x 2

Internacional
Corinthians
Data: 14/05/2022 - sábado às 19h00
Local: Beira-Rio - Porto Alegre - RS
Transmissão: Premiere
Ref: 051
Rodada: 6

2 x 0

Atlético Mineiro
Atlético
Data: 14/05/2022 - sábado às 19h00
Local: Independência - Belo Horizonte - MG
Transmissão: Premiere
Ref: 052
Rodada: 6

2 x 1

Fluminense
Athletico Paranaense
Data: 14/05/2022 - sábado às 21h00
Local: Raulino de Oliveira - Volta Redonda - RJ
Transmissão: Premiere, SporTV
Ref: 053
Rodada: 6

2 x 1

São Paulo
Cuiabá Saf
Data: 15/05/2022 - domingo às 16h00
Local: Morumbi - Sao Paulo - SP
Transmissão: Globo, Premiere
Ref: 060
Rodada: 6

1 x 0

Coritiba
America Saf
Data: 15/05/2022 - domingo às 17h30
Local: Couto Pereira - Curitiba - PR
Transmissão: Premiere
Ref: 059
Rodada: 6

1 x 2

Avaí
Juventude
Data: 15/05/2022 - domingo às 18h00
Local: Ressacada - Florianopolis - SC
Transmissão: Premiere
Ref: 055
Rodada: 6

3 x 1

Botafogo
Fortaleza
Data: 15/05/2022 - domingo às 18h00
Local: Nilton Santos - Rio de Janeiro - RJ
Transmissão: Premiere
Ref: 058
Rodada: 6

1 x 0

Goiás
Santos Fc
Data: 15/05/2022 - domingo às 19h00
Local: Hailé Pinheiro - Goiania - GO
Transmissão: Premiere, SporTV
Ref: 063
Rodada: 7

1 x 1

Red Bull Bragantino
Atlético Mineiro
Data: 11/05/2022 - quarta-feira às 20h30
Local: Nabi Abi Chedid - Braganca Paulista - SP
Transmissão: Premiere
Ref: 062
Rodada: 7

1 x 0

Flamengo
Goiás
Data: 21/05/2022 - sábado às 16h30
Local: Maracanã - Rio de Janeiro - RJ
Transmissão: Premiere
Ref: 068
Rodada: 7

2 x 0

Atlético
Coritiba
Data: 21/05/2022 - sábado às 16h30
Local: Antônio Accioly - Goiania - GO
Transmissão: Premiere
Ref: 065
Rodada: 7

0 x 0

Santos Fc
Ceará
Data: 21/05/2022 - sábado às 18h30
Local: Arena Barueri - Barueri - SP
Transmissão: Premiere, SporTV
Ref: 066
Rodada: 7

0 x 3

Juventude
Palmeiras
Data: 21/05/2022 - sábado às 19h00
Local: Alfredo Jaconi - Caxias do Sul - RS
Transmissão: Premiere
Ref: 061
Rodada: 7

1 x 1

America Saf
Botafogo
Data: 21/05/2022 - sábado às 21h00
Local: Independência - Belo Horizonte - MG
Transmissão: Premiere, SporTV
Ref: 069
Rodada: 7

1 x 1

Cuiabá Saf
Internacional
Data: 21/05/2022 - sábado às 21h00
Local: Arena Pantanal - Cuiaba - MT
Transmissão: Premiere
Ref: 064
Rodada: 7

1 x 1

Corinthians
São Paulo
Data: 22/05/2022 - domingo às 16h00
Local: Neo Química Arena - Sao Paulo - SP
Transmissão: Globo, Premiere
Ref: 067
Rodada: 7

0 x 1

Fortaleza
Fluminense
Data: 22/05/2022 - domingo às 16h00
Local: Arena Castelão - Fortaleza - CE
Transmissão: Globo, Premiere
Ref: 070
Rodada: 7

2 x 1

Athletico Paranaense
Avaí
Data: 22/05/2022 - domingo às 19h00
Local: Arena da Baixada - Curitiba - PR
Ref: 078
Rodada: 8

1 x 1

Goiás
Red Bull Bragantino
Data: 28/05/2022 - sábado às 16h30
Local: Hailé Pinheiro - Goiania - GO
Transmissão: Premiere
Ref: 073
Rodada: 8

2 x 2

São Paulo
Ceará
Data: 28/05/2022 - sábado às 19h00
Local: Morumbi - Sao Paulo - SP
Transmissão: Premiere
Ref: 077
Rodada: 8

1 x 1

Fortaleza
Juventude
Data: 28/05/2022 - sábado às 20h30
Local: Arena Castelão - Fortaleza - CE
Transmissão: Premiere
Ref: 080
Rodada: 8

1 x 0

Coritiba
Botafogo
Data: 29/05/2022 - domingo às 16h00
Local: Couto Pereira - Curitiba - PR
Transmissão: Globo, Premiere
Ref: 075
Rodada: 8

0 x 1

Santos Fc
Palmeiras
Data: 29/05/2022 - domingo às 16h00
Local: Vila Belmiro - Santos - SP
Transmissão: Globo, Premiere
Ref: 079
Rodada: 8

0 x 1

Cuiabá Saf
Athletico Paranaense
Data: 29/05/2022 - domingo às 18h00
Local: Arena Pantanal - Cuiaba - MT
Transmissão: Premiere
Ref: 074
Rodada: 8

1 x 1

Corinthians
America Saf
Data: 29/05/2022 - domingo às 18h00
Local: Neo Química Arena - Sao Paulo - SP
Transmissão: Premiere
Ref: 072
Rodada: 8

1 x 2

Fluminense
Flamengo
Data: 29/05/2022 - domingo às 18h00
Local: Maracanã - Rio de Janeiro - RJ
Transmissão: Premiere
Ref: 071
Rodada: 8

2 x 1

Atlético Mineiro
Avaí
Data: 29/05/2022 - domingo às 19h00
Local: Mineirão - Belo Horizonte - MG
Transmissão: Premiere, SporTV
Ref: 076
Rodada: 8

1 x 1

Internacional
Atlético
Data: 30/05/2022 - segunda-feira às 20h00
Local: Beira-Rio - Porto Alegre - RS
Transmissão: Premiere, SporTV
Ref: 081
Rodada: 9

2 x 1

America Saf
Cuiabá Saf
Data: 04/06/2022 - sábado às 16h30
Local: Independência - Belo Horizonte - MG
Transmissão: Premiere
Ref: 090
Rodada: 9

2 x 2

Athletico Paranaense
Santos Fc
Data: 04/06/2022 - sábado às 19h00
Local: Arena da Baixada - Curitiba - PR
Transmissão: Furacão Live
Ref: 087
Rodada: 9

1 x 1

Ceará
Coritiba
Data: 04/06/2022 - sábado às 19h00
Local: Arena Castelão - Fortaleza - CE
Transmissão: Premiere
Ref: 089
Rodada: 9

1 x 1

Avaí
São Paulo
Data: 04/06/2022 - sábado às 19h00
Local: Ressacada - Florianopolis - SC
Transmissão: Premiere
Ref: 088
Rodada: 9

0 x 1

Atlético
Corinthians
Data: 04/06/2022 - sábado às 20h30
Local: Antônio Accioly - Goiania - GO
Transmissão: Premiere
Ref: 086
Rodada: 9

1 x 0

Juventude
Fluminense
Data: 05/06/2022 - domingo às 11h00
Local: Alfredo Jaconi - Caxias do Sul - RS
Transmissão: Premiere
Ref: 082
Rodada: 9

1 x 2

Flamengo
Fortaleza
Data: 05/06/2022 - domingo às 16h00
Local: Maracanã - Rio de Janeiro - RJ
Transmissão: Globo, Premiere
Ref: 084
Rodada: 9

0 x 0

Palmeiras
Atlético Mineiro
Data: 05/06/2022 - domingo às 16h00
Local: Allianz Parque - Sao Paulo - SP
Transmissão: Globo, Premiere
Ref: 083
Rodada: 9

0 x 2

Red Bull Bragantino
Internacional
Data: 05/06/2022 - domingo às 19h00
Local: Nabi Abi Chedid - Braganca Paulista - SP
Transmissão: Premiere, SporTV
Ref: 085
Rodada: 9

1 x 2

Botafogo
Goiás
Data: 06/06/2022 - segunda-feira às 20h00
Local: Nilton Santos - Rio de Janeiro - RJ
Transmissão: Premiere, SporTV
Ref: 099
Rodada: 10

1 x 0

Cuiabá Saf
Corinthians
Data: 07/06/2022 - terça-feira às 21h30
Local: Arena Pantanal - Cuiaba - MT
Transmissão: Premiere, SporTV
Ref: 096
Rodada: 10

1 x 3

Juventude
Athletico Paranaense
Data: 08/06/2022 - quarta-feira às 19h00
Local: Alfredo Jaconi - Caxias do Sul - RS
Transmissão: SporTV
Ref: 091
Rodada: 10

0 x 2

America Saf
Ceará
Data: 08/06/2022 - quarta-feira às 19h00
Local: Independência - Belo Horizonte - MG
Transmissão: Premiere
Ref: 093
Rodada: 10

1 x 0

Red Bull Bragantino
Flamengo
Data: 08/06/2022 - quarta-feira às 20h30
Local: Nabi Abi Chedid - Braganca Paulista - SP
Transmissão: Premiere
Ref: 098
Rodada: 10

2 x 1

Atlético
Avaí
Data: 08/06/2022 - quarta-feira às 20h30
Local: Antônio Accioly - Goiania - GO
Transmissão: Premiere
Ref: 092
Rodada: 10

5 x 3

Fluminense
Atlético Mineiro
Data: 08/06/2022 - quarta-feira às 21h30
Local: Maracanã - Rio de Janeiro - RJ
Transmissão: Globo, Premiere
Ref: 095
Rodada: 10

1 x 1

Santos Fc
Internacional
Data: 08/06/2022 - quarta-feira às 21h30
Local: Vila Belmiro - Santos - SP
Transmissão: Globo, Premiere
Ref: 094
Rodada: 10

4 x 0

Palmeiras
Botafogo
Data: 09/06/2022 - quinta-feira às 19h00
Local: Allianz Parque - Sao Paulo - SP
Transmissão: Premiere
Ref: 097
Rodada: 10

1 x 1

Fortaleza
Goiás
Data: 09/06/2022 - quinta-feira às 20h00
Local: Arena Castelão - Fortaleza - CE
Transmissão: Premiere
Ref: 100
Rodada: 10

1 x 1

Coritiba
São Paulo
Data: 09/06/2022 - quinta-feira às 20h00
Local: Couto Pereira - Curitiba - PR
Transmissão: Premiere
Ref: 104
Rodada: 11

2 x 0

Corinthians
Juventude
Data: 11/06/2022 - sábado às 16h30
Local: Neo Química Arena - Sao Paulo - SP
Transmissão: Premiere
Ref: 101
Rodada: 11

1 x 1

Atlético Mineiro
Santos Fc
Data: 11/06/2022 - sábado às 19h00
Local: Mineirão - Belo Horizonte - MG
Transmissão: Premiere
Ref: 109
Rodada: 11

1 x 1

Cuiabá Saf
Red Bull Bragantino
Data: 11/06/2022 - sábado às 19h00
Local: Arena Pantanal - Cuiaba - MT
Transmissão: Premiere
Ref: 102
Rodada: 11

0 x 2

Fluminense
Atlético
Data: 11/06/2022 - sábado às 19h00
Local: Maracanã - Rio de Janeiro - RJ
Transmissão: Premiere
Ref: 106
Rodada: 11

3 x 1

Internacional
Flamengo
Data: 11/06/2022 - sábado às 21h00
Local: Beira-Rio - Porto Alegre - RS
Transmissão: Premiere, SporTV
Ref: 108
Rodada: 11

1 x 1

Goiás
Ceará
Data: 12/06/2022 - domingo às 16h00
Local: Hailé Pinheiro - Goiania - GO
Transmissão: Globo, Premiere
Ref: 103
Rodada: 11

1 x 0

São Paulo
America Saf
Data: 12/06/2022 - domingo às 16h00
Local: Morumbi - Sao Paulo - SP
Transmissão: Globo, Premiere
Ref: 110
Rodada: 11

0 x 2

Coritiba
Palmeiras
Data: 12/06/2022 - domingo às 18h00
Local: Couto Pereira - Curitiba - PR
Transmissão: Premiere
Ref: 107
Rodada: 11

0 x 0

Fortaleza
Athletico Paranaense
Data: 12/06/2022 - domingo às 19h00
Local: Arena Castelão - Fortaleza - CE
Transmissão: Premiere, SporTV
Ref: 105
Rodada: 11

0 x 1

Botafogo
Avaí
Data: 13/06/2022 - segunda-feira às 19h00
Local: Nilton Santos - Rio de Janeiro - RJ
Transmissão: Premiere
Ref: 116
Rodada: 12

1 x 2

Juventude
Santos Fc
Data: 14/06/2022 - terça-feira às 21h30
Local: Alfredo Jaconi - Caxias do Sul - RS
Transmissão: Premiere, SporTV
Ref: 113
Rodada: 12

4 x 2

Red Bull Bragantino
Coritiba
Data: 15/06/2022 - quarta-feira às 19h00
Local: Nabi Abi Chedid - Braganca Paulista - SP
Transmissão: Premiere
Ref: 117
Rodada: 12

0 x 0

Ceará
Atlético Mineiro
Data: 15/06/2022 - quarta-feira às 19h00
Local: Arena Castelão - Fortaleza - CE
Transmissão: Premiere, SporTV
Ref: 112
Rodada: 12

2 x 0

Flamengo
Cuiabá Saf
Data: 15/06/2022 - quarta-feira às 20h30
Local: Maracanã - Rio de Janeiro - RJ
Transmissão: Premiere
Ref: 118
Rodada: 12

1 x 2

Goiás
Internacional
Data: 15/06/2022 - quarta-feira às 20h30
Local: Hailé Pinheiro - Goiania - GO
Transmissão: Premiere
Ref: 120
Rodada: 12

1 x 1

Athletico Paranaense
Corinthians
Data: 15/06/2022 - quarta-feira às 21h30
Local: Arena da Baixada - Curitiba - PR
Transmissão: Globo
Ref: 111
Rodada: 12

0 x 0

America Saf
Fluminense
Data: 15/06/2022 - quarta-feira às 21h30
Local: Independência - Belo Horizonte - MG
Transmissão: Globo, Premiere
Ref: 115
Rodada: 12

1 x 0

Botafogo
São Paulo
Data: 16/06/2022 - quinta-feira às 16h00
Local: Nilton Santos - Rio de Janeiro - RJ
Transmissão: Premiere
Ref: 114
Rodada: 12

4 x 2

Palmeiras
Atlético
Data: 16/06/2022 - quinta-feira às 18h00
Local: Allianz Parque - Sao Paulo - SP
Transmissão: Premiere
Ref: 119
Rodada: 12

3 x 2

Avaí
Fortaleza
Data: 16/06/2022 - quinta-feira às 19h00
Local: Ressacada - Florianopolis - SC
Transmissão: Premiere
Ref: 129
Rodada: 13

0 x 0

Cuiabá Saf
Ceará
Data: 18/06/2022 - sábado às 19h00
Local: Arena Pantanal - Cuiaba - MT
Transmissão: Premiere
Ref: 125
Rodada: 13

2 x 2

Santos Fc
Red Bull Bragantino
Data: 18/06/2022 - sábado às 21h00
Local: Vila Belmiro - Santos - SP
Transmissão: Premiere, SporTV
Ref: 121
Rodada: 13

2 x 0

Atlético Mineiro
Flamengo
Data: 19/06/2022 - domingo às 16h00
Local: Mineirão - Belo Horizonte - MG
Transmissão: Globo, Premiere
Ref: 124
Rodada: 13

1 x 0

Corinthians
Goiás
Data: 19/06/2022 - domingo às 16h00
Local: Neo Química Arena - Sao Paulo - SP
Transmissão: Globo, Premiere
Ref: 130
Rodada: 13

0 x 1

Coritiba
Athletico Paranaense
Data: 19/06/2022 - domingo às 16h00
Local: Couto Pereira - Curitiba - PR
Transmissão: Globo, Premiere
Ref: 127
Rodada: 13

1 x 0

Fortaleza
America Saf
Data: 19/06/2022 - domingo às 18h00
Local: Arena Castelão - Fortaleza - CE
Transmissão: Premiere
Ref: 126
Rodada: 13

2 x 3

Internacional
Botafogo
Data: 19/06/2022 - domingo às 18h00
Local: Beira-Rio - Porto Alegre - RS
Transmissão: Premiere
Ref: 128
Rodada: 13

3 x 1

Atlético
Juventude
Data: 19/06/2022 - domingo às 18h00
Local: Antônio Accioly - Goiania - GO
Transmissão: Premiere
Ref: 122
Rodada: 13

2 x 0

Fluminense
Avaí
Data: 19/06/2022 - domingo às 19h00
Local: Maracanã - Rio de Janeiro - RJ
Transmissão: Premiere, SporTV
Ref: 123
Rodada: 13

1 x 2

São Paulo
Palmeiras
Data: 20/06/2022 - segunda-feira às 20h00
Local: Morumbi - Sao Paulo - SP
Transmissão: Premiere
Ref: 136
Rodada: 14

3 x 0

Internacional
Coritiba
Data: 24/06/2022 - sexta-feira às 21h30
Local: Beira-Rio - Porto Alegre - RS
Transmissão: Premiere, SporTV
Ref: 140
Rodada: 14

4 x 2

Athletico Paranaense
Red Bull Bragantino
Data: 25/06/2022 - sábado às 16h30
Local: Arena da Baixada - Curitiba - PR
Transmissão: Furacão Live
Ref: 132
Rodada: 14

3 x 0

Flamengo
America Saf
Data: 25/06/2022 - sábado às 19h00
Local: Maracanã - Rio de Janeiro - RJ
Transmissão: Premiere
Ref: 134
Rodada: 14

0 x 0

Corinthians
Santos Fc
Data: 25/06/2022 - sábado às 19h00
Local: Neo Química Arena - Sao Paulo - SP
Transmissão: Premiere
Ref: 131
Rodada: 14

3 x 2

Atlético Mineiro
Fortaleza
Data: 25/06/2022 - sábado às 21h00
Local: Mineirão - Belo Horizonte - MG
Transmissão: Premiere, SporTV
Ref: 139
Rodada: 14

2 x 2

Avaí
Palmeiras
Data: 26/06/2022 - domingo às 16h00
Local: Ressacada - Florianopolis - SC
Transmissão: Globo, Premiere
Ref: 135
Rodada: 14

0 x 1

Botafogo
Fluminense
Data: 26/06/2022 - domingo às 16h00
Local: Nilton Santos - Rio de Janeiro - RJ
Transmissão: Globo, Premiere
Ref: 133
Rodada: 14

0 x 0

São Paulo
Juventude
Data: 26/06/2022 - domingo às 18h00
Local: Morumbi - Sao Paulo - SP
Transmissão: Premiere
Ref: 137
Rodada: 14

1 x 1

Ceará
Atlético
Data: 26/06/2022 - domingo às 18h00
Local: Arena Castelão - Fortaleza - CE
Transmissão: Premiere
Ref: 138
Rodada: 14

1 x 0

Goiás
Cuiabá Saf
Data: 26/06/2022 - domingo às 18h00
Local: Hailé Pinheiro - Goiania - GO
Transmissão: Premiere
Ref: 146
Rodada: 15

1 x 2

Juventude
Atlético Mineiro
Data: 02/07/2022 - sábado às 16h30
Local: Alfredo Jaconi - Caxias do Sul - RS
Transmissão: Premiere
Ref: 142
Rodada: 15

4 x 0

Fluminense
Corinthians
Data: 02/07/2022 - sábado às 16h30
Local: Maracanã - Rio de Janeiro - RJ
Transmissão: Premiere
Ref: 145
Rodada: 15

1 x 2

Santos Fc
Flamengo
Data: 02/07/2022 - sábado às 19h00
Local: Vila Belmiro - Santos - SP
Transmissão: Premiere
Ref: 147
Rodada: 15

1 x 1

Ceará
Internacional
Data: 02/07/2022 - sábado às 19h00
Local: Arena Castelão - Fortaleza - CE
Transmissão: Premiere
Ref: 144
Rodada: 15

0 x 2

Palmeiras
Athletico Paranaense
Data: 02/07/2022 - sábado às 21h00
Local: Allianz Parque - Sao Paulo - SP
Transmissão: SporTV
Ref: 149
Rodada: 15

1 x 2

Avaí
Cuiabá Saf
Data: 03/07/2022 - domingo às 11h00
Local: Ressacada - Florianopolis - SC
Transmissão: Premiere
Ref: 148
Rodada: 15

1 x 2

Atlético
São Paulo
Data: 03/07/2022 - domingo às 16h00
Local: Antônio Accioly - Goiania - GO
Transmissão: Globo, Premiere
Ref: 141
Rodada: 15

1 x 0

America Saf
Goiás
Data: 03/07/2022 - domingo às 18h00
Local: Independência - Belo Horizonte - MG
Transmissão: Premiere
Ref: 150
Rodada: 15

2 x 1

Coritiba
Fortaleza
Data: 03/07/2022 - domingo às 18h00
Local: Couto Pereira - Curitiba - PR
Transmissão: Premiere
Ref: 143
Rodada: 15

0 x 1

Red Bull Bragantino
Botafogo
Data: 04/07/2022 - segunda-feira às 20h00
Local: Nabi Abi Chedid - Braganca Paulista - SP
Transmissão: Premiere, SporTV
Ref: 153
Rodada: 16

4 x 0

Red Bull Bragantino
Avaí
Data: 09/07/2022 - sábado às 16h30
Local: Nabi Abi Chedid - Braganca Paulista - SP
Ref: 152
Rodada: 16

2 x 1

Fluminense
Ceará
Data: 09/07/2022 - sábado às 19h00
Local: Maracanã - Rio de Janeiro - RJ
Ref: 158
Rodada: 16

2 x 1

Goiás
Athletico Paranaense
Data: 09/07/2022 - sábado às 20h30
Local: Hailé Pinheiro - Goiania - GO
Ref: 160
Rodada: 16

2 x 2

Coritiba
Juventude
Data: 10/07/2022 - domingo às 11h00
Local: Couto Pereira - Curitiba - PR
Transmissão: Premiere
Ref: 154
Rodada: 16

1 x 0

Corinthians
Flamengo
Data: 10/07/2022 - domingo às 16h00
Local: Neo Química Arena - Sao Paulo - SP
Ref: 155
Rodada: 16

1 x 0

Santos Fc
Atlético
Data: 10/07/2022 - domingo às 18h00
Local: Vila Belmiro - Santos - SP
Ref: 151
Rodada: 16

0 x 0

Atlético Mineiro
São Paulo
Data: 10/07/2022 - domingo às 18h00
Local: Mineirão - Belo Horizonte - MG
Ref: 157
Rodada: 16

0 x 0

Fortaleza
Palmeiras
Data: 10/07/2022 - domingo às 18h00
Local: Arena Castelão - Fortaleza - CE
Ref: 159
Rodada: 16

2 x 0

Cuiabá Saf
Botafogo
Data: 10/07/2022 - domingo às 19h00
Local: Arena Pantanal - Cuiaba - MT
Transmissão: Premiere, SporTV
Ref: 156
Rodada: 16

1 x 0

Internacional
America Saf
Data: 11/07/2022 - segunda-feira às 20h00
Local: Beira-Rio - Porto Alegre - RS
Ref: 170
Rodada: 17

0 x 0

Athletico Paranaense
Internacional
Data: 16/07/2022 - sábado às 16h30
Local: Arena da Baixada - Curitiba - PR
Transmissão: Furacão Live
Ref: 169
Rodada: 17

1 x 0

Avaí
Santos Fc
Data: 16/07/2022 - sábado às 19h00
Local: Ressacada - Florianopolis - SC
Transmissão: Premiere
Ref: 162
Rodada: 17

2 x 0

Flamengo
Coritiba
Data: 16/07/2022 - sábado às 19h00
Local: Mané Garrincha - Brasilia - DF
Transmissão: Premiere
Ref: 167
Rodada: 17

3 x 1

Ceará
Corinthians
Data: 16/07/2022 - sábado às 21h00
Local: Arena Castelão - Fortaleza - CE
Transmissão: Premiere, SporTV
Ref: 166
Rodada: 17

0 x 0

Juventude
Goiás
Data: 17/07/2022 - domingo às 11h00
Local: Alfredo Jaconi - Caxias do Sul - RS
Transmissão: Premiere
Ref: 163
Rodada: 17

2 x 2

São Paulo
Fluminense
Data: 17/07/2022 - domingo às 16h00
Local: Morumbi - Sao Paulo - SP
Transmissão: Globo, Premiere
Ref: 165
Rodada: 17

0 x 1

Botafogo
Atlético Mineiro
Data: 17/07/2022 - domingo às 18h00
Local: Nilton Santos - Rio de Janeiro - RJ
Transmissão: Premiere
Ref: 168
Rodada: 17

0 x 1

Atlético
Fortaleza
Data: 17/07/2022 - domingo às 18h00
Local: Antônio Accioly - Goiania - GO
Transmissão: Premiere
Ref: 161
Rodada: 17

0 x 3

America Saf
Red Bull Bragantino
Data: 17/07/2022 - domingo às 19h00
Local: Independência - Belo Horizonte - MG
Transmissão: Premiere, SporTV
Ref: 164
Rodada: 17

1 x 0

Palmeiras
Cuiabá Saf
Data: 18/07/2022 - segunda-feira às 20h00
Local: Allianz Parque - Sao Paulo - SP
Transmissão: Premiere
Ref: 177
Rodada: 18

1 x 0

Ceará
Avaí
Data: 19/07/2022 - terça-feira às 21h30
Local: Arena Castelão - Fortaleza - CE
Transmissão: Premiere
Ref: 173
Rodada: 18

2 x 1

Red Bull Bragantino
Fortaleza
Data: 20/07/2022 - quarta-feira às 19h00
Local: Nabi Abi Chedid - Braganca Paulista - SP
Transmissão: Premiere
Ref: 178
Rodada: 18

2 x 3

Goiás
Fluminense
Data: 20/07/2022 - quarta-feira às 19h00
Local: Hailé Pinheiro - Goiania - GO
Transmissão: Premiere, SporTV
Ref: 180
Rodada: 18

4 x 1

Athletico Paranaense
Atlético
Data: 20/07/2022 - quarta-feira às 19h30
Local: Arena da Baixada - Curitiba - PR
Transmissão: Furacão Live
Ref: 172
Rodada: 18

4 x 0

Flamengo
Juventude
Data: 20/07/2022 - quarta-feira às 20h30
Local: Mané Garrincha - Brasilia - DF
Transmissão: Premiere
Ref: 176
Rodada: 18

3 x 3

Internacional
São Paulo
Data: 20/07/2022 - quarta-feira às 20h30
Local: Beira-Rio - Porto Alegre - RS
Transmissão: Premiere
Ref: 174
Rodada: 18

3 x 1

Corinthians
Coritiba
Data: 20/07/2022 - quarta-feira às 21h30
Local: Neo Química Arena - Sao Paulo - SP
Transmissão: Globo, Premiere
Ref: 175
Rodada: 18

2 x 0

Santos Fc
Botafogo
Data: 20/07/2022 - quarta-feira às 21h30
Local: Vila Belmiro - Santos - SP
Transmissão: Globo, Premiere
Ref: 179
Rodada: 18

1 x 1

Cuiabá Saf
Atlético Mineiro
Data: 21/07/2022 - quinta-feira às 19h00
Local: Arena Pantanal - Cuiaba - MT
Transmissão: Premiere, SporTV
Ref: 171
Rodada: 18

0 x 1

America Saf
Palmeiras
Data: 21/07/2022 - quinta-feira às 20h00
Local: Independência - Belo Horizonte - MG
Transmissão: Premiere
Ref: 183
Rodada: 19

3 x 3

São Paulo
Goiás
Data: 23/07/2022 - sábado às 19h00
Local: Morumbi - Sao Paulo - SP
Transmissão: Premiere
Ref: 185
Rodada: 19

2 x 0

Botafogo
Athletico Paranaense
Data: 23/07/2022 - sábado às 21h00
Local: Nilton Santos - Rio de Janeiro - RJ
Transmissão: Premiere, SporTV
Ref: 189
Rodada: 19

1 x 2

Avaí
Flamengo
Data: 24/07/2022 - domingo às 11h00
Local: Ressacada - Florianopolis - SC
Transmissão: Premiere
Ref: 186
Rodada: 19

1 x 0

Juventude
Ceará
Data: 24/07/2022 - domingo às 16h00
Local: Alfredo Jaconi - Caxias do Sul - RS
Transmissão: Globo, Premiere
Ref: 182
Rodada: 19

2 x 1

Fluminense
Red Bull Bragantino
Data: 24/07/2022 - domingo às 16h00
Local: Raulino de Oliveira - Volta Redonda - RJ
Transmissão: Globo, Premiere
Ref: 184
Rodada: 19

2 x 1

Palmeiras
Internacional
Data: 24/07/2022 - domingo às 16h00
Local: Allianz Parque - Sao Paulo - SP
Transmissão: Globo, Premiere
Ref: 181
Rodada: 19

1 x 2

Atlético Mineiro
Corinthians
Data: 24/07/2022 - domingo às 18h00
Local: Mineirão - Belo Horizonte - MG
Transmissão: Premiere
Ref: 188
Rodada: 19

0 x 1

Atlético
America Saf
Data: 24/07/2022 - domingo às 18h00
Local: Antônio Accioly - Goiania - GO
Transmissão: Premiere
Ref: 187
Rodada: 19

0 x 0

Fortaleza
Santos Fc
Data: 24/07/2022 - domingo às 19h00
Local: Arena Castelão - Fortaleza - CE
Transmissão: Premiere, SporTV
Ref: 190
Rodada: 19

1 x 0

Coritiba
Cuiabá Saf
Data: 25/07/2022 - segunda-feira às 20h00
Local: Couto Pereira - Curitiba - PR
Transmissão: Premiere
Fase Única
Returno
Ref: 198
Rodada: 20

1 x 0

Goiás
Coritiba
Data: 30/07/2022 - sábado às 16h30
Local: Hailé Pinheiro - Goiania - GO
Transmissão: Premiere
Ref: 197
Rodada: 20

1 x 2

Ceará
Palmeiras
Data: 30/07/2022 - sábado às 16h30
Local: Arena Castelão - Fortaleza - CE
Transmissão: Premiere
Ref: 194
Rodada: 20

1 x 0

Corinthians
Botafogo
Data: 30/07/2022 - sábado às 19h00
Local: Neo Química Arena - Sao Paulo - SP
Transmissão: Premiere
Ref: 192
Rodada: 20

4 x 1

Flamengo
Atlético
Data: 30/07/2022 - sábado às 20h30
Local: Maracanã - Rio de Janeiro - RJ
Transmissão: Premiere
Ref: 196
Rodada: 20

3 x 0

Internacional
Atlético Mineiro
Data: 31/07/2022 - domingo às 16h00
Local: Beira-Rio - Porto Alegre - RS
Transmissão: Globo, Premiere
Ref: 200
Rodada: 20

1 x 0

Athletico Paranaense
São Paulo
Data: 31/07/2022 - domingo às 16h00
Local: Arena da Baixada - Curitiba - PR
Transmissão: Globo
Ref: 191
Rodada: 20

3 x 1

America Saf
Avaí
Data: 31/07/2022 - domingo às 18h00
Local: Independência - Belo Horizonte - MG
Transmissão: Premiere
Ref: 199
Rodada: 20

0 x 1

Cuiabá Saf
Fortaleza
Data: 31/07/2022 - domingo às 18h00
Local: Arena Pantanal - Cuiaba - MT
Transmissão: Premiere
Ref: 193
Rodada: 20

1 x 0

Red Bull Bragantino
Juventude
Data: 31/07/2022 - domingo às 19h00
Local: Nabi Abi Chedid - Braganca Paulista - SP
Transmissão: Premiere, SporTV
Ref: 195
Rodada: 20

2 x 2

Santos Fc
Fluminense
Data: 01/08/2022 - segunda-feira às 20h00
Local: Vila Belmiro - Santos - SP
Transmissão: Premiere, SporTV
Ref: 205
Rodada: 21

1 x 1

Botafogo
Ceará
Data: 06/08/2022 - sábado às 16h30
Local: Nilton Santos - Rio de Janeiro - RJ
Transmissão: Premiere
Ref: 206
Rodada: 21

0 x 1

Juventude
America Saf
Data: 06/08/2022 - sábado às 16h30
Local: Alfredo Jaconi - Caxias do Sul - RS
Transmissão: Premiere
Ref: 209
Rodada: 21

1 x 1

Avaí
Corinthians
Data: 06/08/2022 - sábado às 19h00
Local: Ressacada - Florianopolis - SC
Transmissão: Premiere
Ref: 208
Rodada: 21

2 x 1

Atlético
Red Bull Bragantino
Data: 06/08/2022 - sábado às 19h00
Local: Antônio Accioly - Goiania - GO
Transmissão: Premiere
Ref: 203
Rodada: 21

0 x 2

São Paulo
Flamengo
Data: 06/08/2022 - sábado às 20h30
Local: Morumbi - Sao Paulo - SP
Transmissão: Premiere
Ref: 204
Rodada: 21

3 x 0

Palmeiras
Goiás
Data: 07/08/2022 - domingo às 16h00
Local: Allianz Parque - Sao Paulo - SP
Transmissão: Globo, Premiere
Ref: 202
Rodada: 21

1 x 0

Fluminense
Cuiabá Saf
Data: 07/08/2022 - domingo às 16h00
Local: Maracanã - Rio de Janeiro - RJ
Transmissão: Globo, Premiere
Ref: 207
Rodada: 21

3 x 0

Fortaleza
Internacional
Data: 07/08/2022 - domingo às 18h00
Local: Arena Castelão - Fortaleza - CE
Transmissão: Premiere
Ref: 201
Rodada: 21

2 x 3

Atlético Mineiro
Athletico Paranaense
Data: 07/08/2022 - domingo às 19h00
Local: Mineirão - Belo Horizonte - MG
Transmissão: Premiere, SporTV
Ref: 210
Rodada: 21

1 x 2

Coritiba
Santos Fc
Data: 08/08/2022 - segunda-feira às 20h00
Local: Couto Pereira - Curitiba - PR
Transmissão: Premiere, SporTV
Ref: 218
Rodada: 22

1 x 1

Goiás
Avaí
Data: 13/08/2022 - sábado às 16h30
Local: Hailé Pinheiro - Goiania - GO
Transmissão: Premiere
Ref: 214
Rodada: 22

0 x 1

Corinthians
Palmeiras
Data: 13/08/2022 - sábado às 19h00
Local: Neo Química Arena - Sao Paulo - SP
Transmissão: Premiere
Ref: 219
Rodada: 22

1 x 0

Cuiabá Saf
Juventude
Data: 13/08/2022 - sábado às 20h30
Local: Arena Pantanal - Cuiaba - MT
Transmissão: Premiere
Ref: 215
Rodada: 22

0 x 0

Botafogo
Atlético
Data: 13/08/2022 - sábado às 21h00
Local: Nilton Santos - Rio de Janeiro - RJ
Transmissão: Premiere, SporTV
Ref: 220
Rodada: 22

0 x 1

Coritiba
Atlético Mineiro
Data: 14/08/2022 - domingo às 11h00
Local: Couto Pereira - Curitiba - PR
Transmissão: Premiere
Ref: 217
Rodada: 22

0 x 1

Ceará
Fortaleza
Data: 14/08/2022 - domingo às 16h00
Local: Arena Castelão - Fortaleza - CE
Transmissão: Globo, Premiere
Ref: 213
Rodada: 22

3 x 0

São Paulo
Red Bull Bragantino
Data: 14/08/2022 - domingo às 16h00
Local: Morumbi - Sao Paulo - SP
Transmissão: Globo, Premiere
Ref: 212
Rodada: 22

5 x 0

Flamengo
Athletico Paranaense
Data: 14/08/2022 - domingo às 16h00
Local: Maracanã - Rio de Janeiro - RJ
Transmissão: Globo
Ref: 211
Rodada: 22

1 x 0

America Saf
Santos Fc
Data: 14/08/2022 - domingo às 18h00
Local: Independência - Belo Horizonte - MG
Transmissão: Premiere
Ref: 216
Rodada: 22

3 x 0

Internacional
Fluminense
Data: 14/08/2022 - domingo às 19h00
Local: Beira-Rio - Porto Alegre - RS
Transmissão: Premiere, SporTV
Ref: 221
Rodada: 23

0 x 1

Atlético Mineiro
Goiás
Data: 20/08/2022 - sábado às 16h30
Local: Mineirão - Belo Horizonte - MG
Transmissão: Premiere, SporTV
Ref: 222
Rodada: 23

5 x 2

Fluminense
Coritiba
Data: 20/08/2022 - sábado às 19h00
Local: Maracanã - Rio de Janeiro - RJ
Transmissão: Premiere, SporTV
Ref: 226
Rodada: 23

2 x 2

Juventude
Botafogo
Data: 21/08/2022 - domingo às 11h00
Local: Alfredo Jaconi - Caxias do Sul - RS
Transmissão: Premiere
Ref: 224
Rodada: 23

1 x 1

Palmeiras
Flamengo
Data: 21/08/2022 - domingo às 16h00
Local: Allianz Parque - Sao Paulo - SP
Transmissão: Globo, Premiere
Ref: 228
Rodada: 23

1 x 1

Atlético
Cuiabá Saf
Data: 21/08/2022 - domingo às 18h00
Local: Antônio Accioly - Goiania - GO
Transmissão: Premiere
Ref: 223
Rodada: 23

1 x 1

Red Bull Bragantino
Ceará
Data: 21/08/2022 - domingo às 18h00
Local: Nabi Abi Chedid - Braganca Paulista - SP
Transmissão: Premiere
Ref: 230
Rodada: 23

1 x 1

Athletico Paranaense
America Saf
Data: 21/08/2022 - domingo às 18h00
Local: Arena da Baixada - Curitiba - PR
Transmissão: Premiere
Ref: 227
Rodada: 23

1 x 0

Fortaleza
Corinthians
Data: 21/08/2022 - domingo às 18h00
Local: Arena Castelão - Fortaleza - CE
Transmissão: Premiere
Ref: 225
Rodada: 23

1 x 0

Santos Fc
São Paulo
Data: 21/08/2022 - domingo às 19h00
Local: Vila Belmiro - Santos - SP
Transmissão: Premiere
Ref: 229
Rodada: 23

0 x 1

Avaí
Internacional
Data: 22/08/2022 - segunda-feira às 20h00
Local: Ressacada - Florianopolis - SC
Transmissão: Premiere, SporTV
Ref: 240
Rodada: 24

1 x 0

Coritiba
Avaí
Data: 27/08/2022 - sábado às 16h30
Local: Couto Pereira - Curitiba - PR
Transmissão: Premiere
Ref: 238
Rodada: 24

2 x 1

Goiás
Atlético
Data: 27/08/2022 - sábado às 16h30
Local: Hailé Pinheiro - Goiania - GO
Transmissão: Premiere
Ref: 232
Rodada: 24

1 x 1

Fluminense
Palmeiras
Data: 27/08/2022 - sábado às 19h00
Local: Maracanã - Rio de Janeiro - RJ
Transmissão: Premiere
Ref: 237
Rodada: 24

0 x 0

Ceará
Athletico Paranaense
Data: 27/08/2022 - sábado às 21h00
Local: Arena Castelão - Fortaleza - CE
Transmissão: Premiere, SporTV
Ref: 233
Rodada: 24

0 x 1

São Paulo
Fortaleza
Data: 28/08/2022 - domingo às 16h00
Local: Morumbi - Sao Paulo - SP
Transmissão: Globo, Premiere
Ref: 231
Rodada: 24

1 x 1

America Saf
Atlético Mineiro
Data: 28/08/2022 - domingo às 16h00
Local: Independência - Belo Horizonte - MG
Transmissão: Globo, Premiere
Ref: 235
Rodada: 24

0 x 1

Botafogo
Flamengo
Data: 28/08/2022 - domingo às 18h00
Local: Nilton Santos - Rio de Janeiro - RJ
Transmissão: Premiere
Ref: 239
Rodada: 24

0 x 0

Cuiabá Saf
Santos Fc
Data: 28/08/2022 - domingo às 18h00
Local: Arena Pantanal - Cuiaba - MT
Transmissão: Premiere
Ref: 236
Rodada: 24

4 x 0

Internacional
Juventude
Data: 29/08/2022 - segunda-feira às 20h00
Local: Beira-Rio - Porto Alegre - RS
Transmissão: Premiere, SporTV
Ref: 234
Rodada: 24

1 x 0

Corinthians
Red Bull Bragantino
Data: 29/08/2022 - segunda-feira às 21h30
Local: Neo Química Arena - Sao Paulo - SP
Transmissão: Premiere
Ref: 246
Rodada: 25

1 x 1

Juventude
Avaí
Data: 03/09/2022 - sábado às 16h30
Local: Alfredo Jaconi - Caxias do Sul - RS
Transmissão: Premiere
Ref: 250
Rodada: 25

1 x 0

Athletico Paranaense
Fluminense
Data: 03/09/2022 - sábado às 19h00
Local: Arena da Baixada - Curitiba - PR
Transmissão: Furacão Live
Ref: 243
Rodada: 25

2 x 2

Red Bull Bragantino
Palmeiras
Data: 03/09/2022 - sábado às 19h00
Local: Nabi Abi Chedid - Braganca Paulista - SP
Transmissão: Premiere
Ref: 241
Rodada: 25

2 x 0

America Saf
Coritiba
Data: 03/09/2022 - sábado às 20h30
Local: Independência - Belo Horizonte - MG
Transmissão: Premiere
Ref: 242
Rodada: 25

1 x 1

Flamengo
Ceará
Data: 04/09/2022 - domingo às 11h00
Local: Maracanã - Rio de Janeiro - RJ
Transmissão: Premiere
Ref: 247
Rodada: 25

1 x 3

Fortaleza
Botafogo
Data: 04/09/2022 - domingo às 16h00
Local: Arena Castelão - Fortaleza - CE
Transmissão: Globo, Premiere
Ref: 244
Rodada: 25

2 x 2

Corinthians
Internacional
Data: 04/09/2022 - domingo às 16h00
Local: Neo Química Arena - Sao Paulo - SP
Transmissão: Globo, Premiere
Ref: 248
Rodada: 25

0 x 2

Atlético
Atlético Mineiro
Data: 04/09/2022 - domingo às 18h00
Local: Antônio Accioly - Goiania - GO
Transmissão: Premiere, SporTV
Ref: 249
Rodada: 25

1 x 1

Cuiabá Saf
São Paulo
Data: 04/09/2022 - domingo às 19h00
Local: Arena Pantanal - Cuiaba - MT
Transmissão: Premiere, SporTV
Ref: 245
Rodada: 25

1 x 2

Santos Fc
Goiás
Data: 05/09/2022 - segunda-feira às 20h00
Local: Vila Belmiro - Santos - SP
Transmissão: Premiere
Ref: 251
Rodada: 26

1 x 1

Atlético Mineiro
Red Bull Bragantino
Data: 07/09/2022 - quarta-feira às 17h00
Local: Mineirão - Belo Horizonte - MG
Transmissão: Premiere
Ref: 256
Rodada: 26

1 x 0

Internacional
Cuiabá Saf
Data: 10/09/2022 - sábado às 16h30
Local: Beira-Rio - Porto Alegre - RS
Transmissão: Premiere
Ref: 257
Rodada: 26

2 x 1

Ceará
Santos Fc
Data: 10/09/2022 - sábado às 16h30
Local: Arena Castelão - Fortaleza - CE
Transmissão: Premiere
Ref: 252
Rodada: 26

2 x 1

Fluminense
Fortaleza
Data: 10/09/2022 - sábado às 19h00
Local: Maracanã - Rio de Janeiro - RJ
Transmissão: Premiere
Ref: 254
Rodada: 26

2 x 1

Palmeiras
Juventude
Data: 10/09/2022 - sábado às 21h00
Local: Allianz Parque - Sao Paulo - SP
Transmissão: Premiere, SporTV
Ref: 259
Rodada: 26

1 x 1

Avaí
Athletico Paranaense
Data: 11/09/2022 - domingo às 11h00
Local: Ressacada - Florianopolis - SC
Transmissão: Premiere
Ref: 255
Rodada: 26

0 x 0

Botafogo
America Saf
Data: 11/09/2022 - domingo às 11h00
Local: Nilton Santos - Rio de Janeiro - RJ
Transmissão: Premiere
Ref: 253
Rodada: 26

1 x 1

São Paulo
Corinthians
Data: 11/09/2022 - domingo às 16h00
Local: Morumbi - Sao Paulo - SP
Transmissão: Globo, Premiere
Ref: 260
Rodada: 26

2 x 0

Coritiba
Atlético
Data: 11/09/2022 - domingo às 16h00
Local: Couto Pereira - Curitiba - PR
Transmissão: Globo, Premiere
Ref: 258
Rodada: 26

1 x 1

Goiás
Flamengo
Data: 11/09/2022 - domingo às 19h00
Local: Hailé Pinheiro - Goiania - GO
Transmissão: Premiere, SporTV
Ref: 269
Rodada: 27

1 x 0

Avaí
Atlético Mineiro
Data: 17/09/2022 - sábado às 16h30
Local: Ressacada - Florianopolis - SC
Transmissão: Premiere
Ref: 265
Rodada: 27

2 x 0

Botafogo
Coritiba
Data: 17/09/2022 - sábado às 19h00
Local: Nilton Santos - Rio de Janeiro - RJ
Transmissão: Premiere
Ref: 263
Rodada: 27

1 x 1

Red Bull Bragantino
Goiás
Data: 18/09/2022 - domingo às 11h00
Local: Nabi Abi Chedid - Braganca Paulista - SP
Transmissão: Premiere
Ref: 262
Rodada: 27

1 x 2

Flamengo
Fluminense
Data: 18/09/2022 - domingo às 16h00
Local: Maracanã - Rio de Janeiro - RJ
Transmissão: Globo, Premiere
Ref: 267
Rodada: 27

0 x 2

Ceará
São Paulo
Data: 18/09/2022 - domingo às 16h00
Local: Arena Castelão - Fortaleza - CE
Transmissão: Globo, Premiere
Ref: 266
Rodada: 27

1 x 1

Juventude
Fortaleza
Data: 18/09/2022 - domingo às 18h00
Local: Alfredo Jaconi - Caxias do Sul - RS
Transmissão: Premiere
Ref: 261
Rodada: 27

1 x 0

America Saf
Corinthians
Data: 18/09/2022 - domingo às 18h00
Local: Independência - Belo Horizonte - MG
Transmissão: Premiere
Ref: 264
Rodada: 27

1 x 0

Palmeiras
Santos Fc
Data: 18/09/2022 - domingo às 18h30
Local: Allianz Parque - Sao Paulo - SP
Transmissão: Premiere, SporTV
Ref: 270
Rodada: 27

2 x 2

Athletico Paranaense
Cuiabá Saf
Data: 18/09/2022 - domingo às 19h00
Local: Arena da Baixada - Curitiba - PR
Transmissão: Furacão Live
Ref: 268
Rodada: 27

1 x 2

Atlético
Internacional
Data: 19/09/2022 - segunda-feira às 20h00
Local: Antônio Accioly - Goiania - GO
Transmissão: Premiere, SporTV
Ref: 273
Rodada: 28

4 x 0

São Paulo
Avaí
Data: 25/09/2022 - domingo às 20h00
Local: Morumbi - Sao Paulo - SP
Transmissão: Premiere
Ref: 275
Rodada: 28

2 x 0

Santos Fc
Athletico Paranaense
Data: 27/09/2022 - terça-feira às 21h00
Local: Vila Belmiro - Santos - SP
Transmissão: Premiere, SporTV
Ref: 274
Rodada: 28

2 x 1

Corinthians
Atlético
Data: 28/09/2022 - quarta-feira às 19h00
Local: Neo Química Arena - Sao Paulo - SP
Transmissão: Premiere
Ref: 272
Rodada: 28

4 x 0

Fluminense
Juventude
Data: 28/09/2022 - quarta-feira às 19h00
Local: Maracanã - Rio de Janeiro - RJ
Transmissão: Premiere
Ref: 277
Rodada: 28

3 x 2

Fortaleza
Flamengo
Data: 28/09/2022 - quarta-feira às 19h00
Local: Arena Castelão - Fortaleza - CE
Transmissão: Premiere, SporTV
Ref: 280
Rodada: 28

1 x 0

Coritiba
Ceará
Data: 28/09/2022 - quarta-feira às 19h00
Local: Couto Pereira - Curitiba - PR
Transmissão: Premiere
Ref: 279
Rodada: 28

2 x 1

Cuiabá Saf
America Saf
Data: 28/09/2022 - quarta-feira às 21h00
Local: Arena Pantanal - Cuiaba - MT
Transmissão: Premiere
Ref: 271
Rodada: 28

0 x 1

Atlético Mineiro
Palmeiras
Data: 28/09/2022 - quarta-feira às 21h45
Local: Mineirão - Belo Horizonte - MG
Transmissão: Globo, Premiere
Ref: 278
Rodada: 28

0 x 1

Goiás
Botafogo
Data: 28/09/2022 - quarta-feira às 21h45
Local: Hailé Pinheiro - Goiania - GO
Transmissão: Globo, Premiere
Ref: 276
Rodada: 28

0 x 0

Internacional
Red Bull Bragantino
Data: 28/09/2022 - quarta-feira às 21h45
Local: Beira-Rio - Porto Alegre - RS
Transmissão: Globo, Premiere
Ref: 281
Rodada: 29

2 x 0

Atlético Mineiro
Fluminense
Data: 01/10/2022 - sábado às 15h00
Local: Mineirão - Belo Horizonte - MG
Transmissão: Globo, Premiere
Ref: 286
Rodada: 29

1 x 0

Internacional
Santos Fc
Data: 01/10/2022 - sábado às 15h00
Local: Beira-Rio - Porto Alegre - RS
Transmissão: Globo, Premiere
Ref: 287
Rodada: 29

1 x 2

Ceará
America Saf
Data: 01/10/2022 - sábado às 15h00
Local: Arena Castelão - Fortaleza - CE
Transmissão: Globo, Premiere
Ref: 289
Rodada: 29

1 x 2

Avaí
Atlético
Data: 01/10/2022 - sábado às 19h00
Local: Ressacada - Florianopolis - SC
Transmissão: Premiere
Ref: 290
Rodada: 29

2 x 0

Athletico Paranaense
Juventude
Data: 01/10/2022 - sábado às 19h00
Local: Arena da Baixada - Curitiba - PR
Transmissão: Furacão Live
Ref: 282
Rodada: 29

4 x 1

Flamengo
Red Bull Bragantino
Data: 01/10/2022 - sábado às 19h00
Local: Maracanã - Rio de Janeiro - RJ
Transmissão: Premiere
Ref: 288
Rodada: 29

0 x 1

Goiás
Fortaleza
Data: 01/10/2022 - sábado às 19h00
Local: Hailé Pinheiro - Goiania - GO
Transmissão: Premiere
Ref: 284
Rodada: 29

2 x 0

Corinthians
Cuiabá Saf
Data: 01/10/2022 - sábado às 21h00
Local: Neo Química Arena - Sao Paulo - SP
Transmissão: Premiere, SporTV
Ref: 285
Rodada: 29

1 x 3

Botafogo
Palmeiras
Data: 03/10/2022 - segunda-feira às 20h00
Local: Nilton Santos - Rio de Janeiro - RJ
Transmissão: Premiere, SporTV
Ref: 283
Rodada: 29

3 x 1

São Paulo
Coritiba
Data: 20/10/2022 - quinta-feira às 20h00
Local: Morumbi - Sao Paulo - SP
Transmissão: Premiere
Ref: 296
Rodada: 30

2 x 2

Juventude
Corinthians
Data: 04/10/2022 - terça-feira às 21h30
Local: Alfredo Jaconi - Caxias do Sul - RS
Ref: 293
Rodada: 30

2 x 1

Red Bull Bragantino
Cuiabá Saf
Data: 05/10/2022 - quarta-feira às 19h00
Local: Nabi Abi Chedid - Braganca Paulista - SP
Transmissão: Premiere
Ref: 298
Rodada: 30

3 x 2

Atlético
Fluminense
Data: 05/10/2022 - quarta-feira às 19h00
Local: Antônio Accioly - Goiania - GO
Transmissão: Premiere, SporTV
Ref: 297
Rodada: 30

1 x 1

Ceará
Goiás
Data: 05/10/2022 - quarta-feira às 19h00
Local: Arena Castelão - Fortaleza - CE
Transmissão: Premiere
Ref: 300
Rodada: 30

1 x 1

Athletico Paranaense
Fortaleza
Data: 05/10/2022 - quarta-feira às 19h30
Local: Arena da Baixada - Curitiba - PR
Ref: 295
Rodada: 30

1 x 2

Santos Fc
Atlético Mineiro
Data: 05/10/2022 - quarta-feira às 21h30
Local: Vila Belmiro - Santos - SP
Transmissão: Globo, Premiere
Ref: 292
Rodada: 30

0 x 0

Flamengo
Internacional
Data: 05/10/2022 - quarta-feira às 21h30
Local: Maracanã - Rio de Janeiro - RJ
Transmissão: Globo, Premiere
Ref: 294
Rodada: 30

4 x 0

Palmeiras
Coritiba
Data: 06/10/2022 - quinta-feira às 19h00
Local: Allianz Parque - Sao Paulo - SP
Transmissão: Premiere
Ref: 299
Rodada: 30

1 x 2

Avaí
Botafogo
Data: 06/10/2022 - quinta-feira às 20h00
Local: Ressacada - Florianopolis - SC
Transmissão: Premiere
Ref: 291
Rodada: 30

1 x 2

America Saf
São Paulo
Data: 06/10/2022 - quinta-feira às 20h00
Local: Independência - Belo Horizonte - MG
Transmissão: Premiere, SporTV
Ref: 309
Rodada: 31

1 x 2

Cuiabá Saf
Flamengo
Data: 08/10/2022 - sábado às 19h00
Local: Arena Pantanal - Cuiaba - MT
Transmissão: Premiere
Ref: 304
Rodada: 31

2 x 1

Corinthians
Athletico Paranaense
Data: 08/10/2022 - sábado às 21h00
Local: Neo Química Arena - Sao Paulo - SP
Transmissão: Premiere, SporTV
Ref: 306
Rodada: 31

4 x 2

Internacional
Goiás
Data: 09/10/2022 - domingo às 11h00
Local: Beira-Rio - Porto Alegre - RS
Transmissão: Premiere
Ref: 307
Rodada: 31

2 x 0

Fortaleza
Avaí
Data: 09/10/2022 - domingo às 16h00
Local: Arena Castelão - Fortaleza - CE
Transmissão: Globo, Premiere
Ref: 303
Rodada: 31

0 x 1

São Paulo
Botafogo
Data: 09/10/2022 - domingo às 16h00
Local: Morumbi - Sao Paulo - SP
Transmissão: Globo, Premiere
Ref: 302
Rodada: 31

0 x 2

Fluminense
America Saf
Data: 09/10/2022 - domingo às 18h00
Local: Maracanã - Rio de Janeiro - RJ
Transmissão: Premiere
Ref: 301
Rodada: 31

0 x 0

Atlético Mineiro
Ceará
Data: 09/10/2022 - domingo às 18h00
Local: Mineirão - Belo Horizonte - MG
Transmissão: Premiere
Ref: 310
Rodada: 31

2 x 1

Coritiba
Red Bull Bragantino
Data: 09/10/2022 - domingo às 18h00
Local: Couto Pereira - Curitiba - PR
Transmissão: Premiere
Ref: 308
Rodada: 31

1 x 1

Atlético
Palmeiras
Data: 10/10/2022 - segunda-feira às 18h30
Local: Antônio Accioly - Goiania - GO
Transmissão: Premiere
Ref: 305
Rodada: 31

4 x 1

Santos Fc
Juventude
Data: 10/10/2022 - segunda-feira às 20h00
Local: Vila Belmiro - Santos - SP
Transmissão: Premiere, SporTV
Ref: 311
Rodada: 32

1 x 2

America Saf
Fortaleza
Data: 15/10/2022 - sábado às 20h30
Local: Independência - Belo Horizonte - MG
Transmissão: Premiere
Ref: 312
Rodada: 32

1 x 0

Flamengo
Atlético Mineiro
Data: 15/10/2022 - sábado às 20h30
Local: Maracanã - Rio de Janeiro - RJ
Transmissão: Premiere
Ref: 317
Rodada: 32

1 x 1

Ceará
Cuiabá Saf
Data: 16/10/2022 - domingo às 16h00
Local: Arena Castelão - Fortaleza - CE
Transmissão: Globo, Premiere
Ref: 314
Rodada: 32

0 x 0

Palmeiras
São Paulo
Data: 16/10/2022 - domingo às 16h00
Local: Allianz Parque - Sao Paulo - SP
Transmissão: Premiere
Ref: 315
Rodada: 32

0 x 1

Botafogo
Internacional
Data: 16/10/2022 - domingo às 18h00
Local: Nilton Santos - Rio de Janeiro - RJ
Transmissão: Premiere
Ref: 316
Rodada: 32

1 x 1

Juventude
Atlético
Data: 16/10/2022 - domingo às 18h00
Local: Alfredo Jaconi - Caxias do Sul - RS
Transmissão: Premiere
Ref: 320
Rodada: 32

1 x 0

Athletico Paranaense
Coritiba
Data: 16/10/2022 - domingo às 19h00
Local: Arena da Baixada - Curitiba - PR
Ref: 319
Rodada: 32

0 x 3

Avaí
Fluminense
Data: 16/10/2022 - domingo às 19h00
Local: Ressacada - Florianopolis - SC
Transmissão: Premiere, SporTV
Ref: 313
Rodada: 32

0 x 2

Red Bull Bragantino
Santos Fc
Data: 17/10/2022 - segunda-feira às 20h00
Local: Nabi Abi Chedid - Braganca Paulista - SP
Transmissão: Premiere, SporTV
Ref: 318
Rodada: 32

0 x 0

Goiás
Corinthians
Data: 29/10/2022 - sábado às 19h30
Local: Hailé Pinheiro - Goiania - GO
Transmissão: Premiere
Ref: 323
Rodada: 33

4 x 2

Red Bull Bragantino
Athletico Paranaense
Data: 22/10/2022 - sábado às 16h30
Local: Nabi Abi Chedid - Braganca Paulista - SP
Transmissão: Premiere
Ref: 321
Rodada: 33

1 x 2

America Saf
Flamengo
Data: 22/10/2022 - sábado às 19h00
Local: Independência - Belo Horizonte - MG
Transmissão: Premiere
Ref: 325
Rodada: 33

0 x 1

Santos Fc
Corinthians
Data: 22/10/2022 - sábado às 19h00
Local: Vila Belmiro - Santos - SP
Transmissão: Premiere
Ref: 324
Rodada: 33

3 x 0

Palmeiras
Avaí
Data: 22/10/2022 - sábado às 21h00
Local: Allianz Parque - Sao Paulo - SP
Transmissão: Premiere, SporTV
Ref: 322
Rodada: 33

2 x 2

Fluminense
Botafogo
Data: 23/10/2022 - domingo às 16h00
Local: Maracanã - Rio de Janeiro - RJ
Transmissão: Globo, Premiere
Ref: 326
Rodada: 33

1 x 2

Juventude
São Paulo
Data: 23/10/2022 - domingo às 16h00
Local: Alfredo Jaconi - Caxias do Sul - RS
Transmissão: Globo, Premiere
Ref: 329
Rodada: 33

1 x 2

Cuiabá Saf
Goiás
Data: 23/10/2022 - domingo às 18h00
Local: Arena Pantanal - Cuiaba - MT
Transmissão: Premiere
Ref: 330
Rodada: 33

1 x 1

Coritiba
Internacional
Data: 23/10/2022 - domingo às 18h00
Local: Couto Pereira - Curitiba - PR
Transmissão: Premiere
Ref: 328
Rodada: 33

1 x 0

Atlético
Ceará
Data: 23/10/2022 - domingo às 18h00
Local: Antônio Accioly - Goiania - GO
Transmissão: Premiere
Ref: 327
Rodada: 33

0 x 0

Fortaleza
Atlético Mineiro
Data: 24/10/2022 - segunda-feira às 20h00
Local: Arena Castelão - Fortaleza - CE
Transmissão: Premiere, SporTV
Ref: 332
Rodada: 34

3 x 2

Flamengo
Santos Fc
Data: 25/10/2022 - terça-feira às 21h45
Local: Maracanã - Rio de Janeiro - RJ
Transmissão: Premiere
Ref: 340
Rodada: 34

1 x 3

Athletico Paranaense
Palmeiras
Data: 25/10/2022 - terça-feira às 21h45
Local: Arena da Baixada - Curitiba - PR
Transmissão: Furacão Live
Ref: 335
Rodada: 34

2 x 1

Botafogo
Red Bull Bragantino
Data: 26/10/2022 - quarta-feira às 19h30
Local: Nilton Santos - Rio de Janeiro - RJ
Transmissão: Premiere, SporTV
Ref: 336
Rodada: 34

2 x 1

Internacional
Ceará
Data: 26/10/2022 - quarta-feira às 21h45
Local: Beira-Rio - Porto Alegre - RS
Transmissão: Globo, Premiere
Ref: 338
Rodada: 34

2 x 2

Goiás
America Saf
Data: 26/10/2022 - quarta-feira às 21h45
Local: Hailé Pinheiro - Goiania - GO
Transmissão: Globo, Premiere
Ref: 334
Rodada: 34

0 x 2

Corinthians
Fluminense
Data: 26/10/2022 - quarta-feira às 21h45
Local: Neo Química Arena - Sao Paulo - SP
Transmissão: Globo, Premiere
Ref: 337
Rodada: 34

3 x 1

Fortaleza
Coritiba
Data: 27/10/2022 - quinta-feira às 19h00
Local: Arena Castelão - Fortaleza - CE
Transmissão: Premiere
Ref: 333
Rodada: 34

2 x 1

São Paulo
Atlético
Data: 27/10/2022 - quinta-feira às 19h00
Local: Morumbi - Sao Paulo - SP
Transmissão: Premiere
Ref: 331
Rodada: 34

1 x 0

Atlético Mineiro
Juventude
Data: 27/10/2022 - quinta-feira às 19h30
Local: Mineirão - Belo Horizonte - MG
Transmissão: Premiere, SporTV
Ref: 339
Rodada: 34

1 x 0

Cuiabá Saf
Avaí
Data: 27/10/2022 - quinta-feira às 20h00
Local: Arena Pantanal - Cuiaba - MT
Transmissão: Premiere
Ref: 347
Rodada: 35

0 x 1

Ceará
Fluminense
Data: 31/10/2022 - segunda-feira às 20h00
Local: Arena Castelão - Fortaleza - CE
Transmissão: Premiere, SporTV
Ref: 345
Rodada: 35

0 x 2

Botafogo
Cuiabá Saf
Data: 01/11/2022 - terça-feira às 19h00
Local: Nilton Santos - Rio de Janeiro - RJ
Transmissão: Premiere
Ref: 343
Rodada: 35

2 x 2

São Paulo
Atlético Mineiro
Data: 01/11/2022 - terça-feira às 21h30
Local: Morumbi - Sao Paulo - SP
Transmissão: Premiere
Ref: 350
Rodada: 35

3 x 2

Athletico Paranaense
Goiás
Data: 02/11/2022 - quarta-feira às 16h00
Local: Arena da Baixada - Curitiba - PR
Transmissão: Furacão Live
Ref: 341
Rodada: 35

1 x 0

America Saf
Internacional
Data: 02/11/2022 - quarta-feira às 16h00
Local: Independência - Belo Horizonte - MG
Transmissão: Premiere
Ref: 349
Rodada: 35

1 x 2

Avaí
Red Bull Bragantino
Data: 02/11/2022 - quarta-feira às 19h00
Local: Ressacada - Florianopolis - SC
Transmissão: Premiere
Ref: 348
Rodada: 35

2 x 3

Atlético
Santos Fc
Data: 02/11/2022 - quarta-feira às 19h00
Local: Antônio Accioly - Goiania - GO
Transmissão: Premiere, SporTV
Ref: 346
Rodada: 35

0 x 1

Juventude
Coritiba
Data: 02/11/2022 - quarta-feira às 19h00
Local: Alfredo Jaconi - Caxias do Sul - RS
Transmissão: Premiere
Ref: 344
Rodada: 35

4 x 0

Palmeiras
Fortaleza
Data: 02/11/2022 - quarta-feira às 21h30
Local: Allianz Parque - Sao Paulo - SP
Transmissão: Globo, Premiere, SporTV
Ref: 342
Rodada: 35

1 x 2

Flamengo
Corinthians
Data: 02/11/2022 - quarta-feira às 21h30
Local: Maracanã - Rio de Janeiro - RJ
Transmissão: Globo, Premiere
Ref: 355
Rodada: 36

1 x 1

Santos Fc
Avaí
Data: 05/11/2022 - sábado às 16h30
Local: Arena Barueri - Barueri - SP
Transmissão: Premiere
Ref: 352
Rodada: 36

3 x 1

Fluminense
São Paulo
Data: 05/11/2022 - sábado às 16h30
Local: Maracanã - Rio de Janeiro - RJ
Transmissão: Premiere
Ref: 353
Rodada: 36

1 x 4

Red Bull Bragantino
America Saf
Data: 05/11/2022 - sábado às 19h00
Local: Nabi Abi Chedid - Braganca Paulista - SP
Transmissão: Premiere
Ref: 358
Rodada: 36

1 x 0

Goiás
Juventude
Data: 05/11/2022 - sábado às 19h00
Local: Hailé Pinheiro - Goiania - GO
Transmissão: Premiere
Ref: 354
Rodada: 36

1 x 0

Corinthians
Ceará
Data: 05/11/2022 - sábado às 20h30
Local: Neo Química Arena - Sao Paulo - SP
Transmissão: Premiere
Ref: 356
Rodada: 36

2 x 0

Internacional
Athletico Paranaense
Data: 05/11/2022 - sábado às 21h00
Local: Beira-Rio - Porto Alegre - RS
Transmissão: Premiere, SporTV
Ref: 360
Rodada: 36

1 x 0

Coritiba
Flamengo
Data: 06/11/2022 - domingo às 16h00
Local: Couto Pereira - Curitiba - PR
Transmissão: Globo, Premiere
Ref: 357
Rodada: 36

1 x 1

Fortaleza
Atlético
Data: 06/11/2022 - domingo às 16h00
Local: Arena Castelão - Fortaleza - CE
Transmissão: Premiere
Ref: 359
Rodada: 36

1 x 1

Cuiabá Saf
Palmeiras
Data: 06/11/2022 - domingo às 18h30
Local: Arena Pantanal - Cuiaba - MT
Transmissão: Globo, Premiere
Ref: 351
Rodada: 36

0 x 2

Atlético Mineiro
Botafogo
Data: 07/11/2022 - segunda-feira às 20h00
Local: Mineirão - Belo Horizonte - MG
Transmissão: Premiere, SporTV
Ref: 363
Rodada: 37

0 x 1

São Paulo
Internacional
Data: 08/11/2022 - terça-feira às 21h30
Local: Morumbi - Sao Paulo - SP
Transmissão: Premiere, SporTV
Ref: 369
Rodada: 37

2 x 0

Avaí
Ceará
Data: 09/11/2022 - quarta-feira às 19h00
Local: Ressacada - Florianopolis - SC
Transmissão: Premiere
Ref: 362
Rodada: 37

3 x 0

Fluminense
Goiás
Data: 09/11/2022 - quarta-feira às 19h00
Local: Maracanã - Rio de Janeiro - RJ
Transmissão: Premiere
Ref: 370
Rodada: 37

2 x 2

Coritiba
Corinthians
Data: 09/11/2022 - quarta-feira às 19h00
Local: Couto Pereira - Curitiba - PR
Transmissão: Premiere
Ref: 367
Rodada: 37

6 x 0

Fortaleza
Red Bull Bragantino
Data: 09/11/2022 - quarta-feira às 20h30
Local: Arena Castelão - Fortaleza - CE
Transmissão: Premiere
Ref: 366
Rodada: 37

2 x 2

Juventude
Flamengo
Data: 09/11/2022 - quarta-feira às 21h30
Local: Alfredo Jaconi - Caxias do Sul - RS
Transmissão: Globo, Premiere
Ref: 364
Rodada: 37

2 x 1

Palmeiras
America Saf
Data: 09/11/2022 - quarta-feira às 21h30
Local: Allianz Parque - Sao Paulo - SP
Transmissão: Globo, Premiere
Ref: 368
Rodada: 37

1 x 1

Atlético
Athletico Paranaense
Data: 09/11/2022 - quarta-feira às 21h30
Local: Antônio Accioly - Goiania - GO
Transmissão: Globo, Premiere
Ref: 365
Rodada: 37

3 x 0

Botafogo
Santos Fc
Data: 10/11/2022 - quinta-feira às 20h00
Local: Nilton Santos - Rio de Janeiro - RJ
Transmissão: Premiere, SporTV
Ref: 361
Rodada: 37

3 x 0

Atlético Mineiro
Cuiabá Saf
Data: 10/11/2022 - quinta-feira às 20h00
Local: Mineirão - Belo Horizonte - MG
Transmissão: Premiere
Ref: 372
Rodada: 38

1 x 2

Flamengo
Avaí
Data: 12/11/2022 - sábado às 16h00
Local: Maracanã - Rio de Janeiro - RJ
Transmissão: Premiere, SporTV
Ref: 379
Rodada: 38

2 x 1

Cuiabá Saf
Coritiba
Data: 13/11/2022 - domingo às 16h00
Local: Arena Pantanal - Cuiaba - MT
Transmissão: Premiere
Ref: 376
Rodada: 38

3 x 0

Internacional
Palmeiras
Data: 13/11/2022 - domingo às 16h00
Local: Beira-Rio - Porto Alegre - RS
Ref: 380
Rodada: 38

3 x 0

Athletico Paranaense
Botafogo
Data: 13/11/2022 - domingo às 16h00
Local: Arena da Baixada - Curitiba - PR
Transmissão: Globo, Premiere
Ref: 377
Rodada: 38

4 x 1

Ceará
Juventude
Data: 13/11/2022 - domingo às 16h00
Local: Arena Castelão - Fortaleza - CE
Transmissão: Premiere
Ref: 371
Rodada: 38

1 x 1

America Saf
Atlético
Data: 13/11/2022 - domingo às 16h00
Local: Independência - Belo Horizonte - MG
Transmissão: Premiere
Ref: 375
Rodada: 38

0 x 2

Santos Fc
Fortaleza
Data: 13/11/2022 - domingo às 16h00
Local: Vila Belmiro - Santos - SP
Transmissão: Premiere, SporTV
Ref: 378
Rodada: 38

0 x 4

Goiás
São Paulo
Data: 13/11/2022 - domingo às 16h00
Local: Hailé Pinheiro - Goiania - GO
Transmissão: Premiere
Ref: 373
Rodada: 38

0 x 1

Red Bull Bragantino
Fluminense
Data: 13/11/2022 - domingo às 16h00
Local: Nabi Abi Chedid - Braganca Paulista - SP
Ref: 374
Rodada: 38

0 x 1

Corinthians
Atlético Mineiro
Data: 13/11/2022 - domingo às 16h00
Local: Neo Química Arena - Sao Paulo - SP
Transmissão: Globo, Premiere