Ref: 001
Rodada: 1

2 x 1

Internacional
Bahia
Data: 13/04/2024 - sábado às 18h30
Local: Beira-Rio - Porto Alegre - RS
Transmissão: Premiere
Ref: 010
Rodada: 1

1 x 1

Criciúma
Juventude
Data: 13/04/2024 - sábado às 18h30
Local: Heriberto Hulse - Criciuma - SC
Transmissão: Premiere
Ref: 004
Rodada: 1

2 x 2

Fluminense
Red Bull Bragantino
Data: 13/04/2024 - sábado às 21h00
Local: Maracanã - Rio de Janeiro - RJ
Transmissão: Premiere
Ref: 007
Rodada: 1

1 x 2

São Paulo
Fortaleza
Data: 13/04/2024 - sábado às 21h00
Local: Morumbi - Sao Paulo - SP
Transmissão: Premiere, SporTV
Ref: 006
Rodada: 1

0 x 0

Corinthians
Atlético Mineiro Saf
Data: 14/04/2024 - domingo às 16h00
Local: Neo Química Arena - Sao Paulo - SP
Transmissão: Globo, Premiere
Ref: 008
Rodada: 1

4 x 0

Athletico Paranaense
Cuiabá Saf
Data: 14/04/2024 - domingo às 16h00
Local: Arena da Baixada - Curitiba - PR
Transmissão: Rede Furacão
Ref: 005
Rodada: 1

2 x 1

Vasco da Gama S.a.f.
Grêmio
Data: 14/04/2024 - domingo às 16h00
Local: São Januário - Rio de Janeiro - RJ
Transmissão: Globo, Premiere
Ref: 009
Rodada: 1

1 x 2

Atlético Goianiense Saf
Flamengo
Data: 14/04/2024 - domingo às 16h00
Local: Serra Dourada - Goiania - GO
Transmissão: Premiere
Ref: 002
Rodada: 1

3 x 2

Cruzeiro Saf
Botafogo
Data: 14/04/2024 - domingo às 17h00
Local: Mineirão - Belo Horizonte - MG
Transmissão: Premiere
Ref: 003
Rodada: 1

0 x 1

Vitória
Palmeiras
Data: 14/04/2024 - domingo às 18h30
Local: Manoel Barradas - Salvador - BA
Transmissão: Premiere, SporTV
Ref: 013
Rodada: 2

2 x 1

Bahia
Fluminense
Data: 16/04/2024 - terça-feira às 21h30
Local: Arena Fonte Nova - Salvador - BA
Transmissão: Premiere, SporTV
Ref: 017
Rodada: 2

2 x 1

Red Bull Bragantino
Vasco da Gama S.a.f.
Data: 17/04/2024 - quarta-feira às 19h00
Local: Nabi Abi Chedid - Braganca Paulista - SP
Transmissão: Premiere
Ref: 011
Rodada: 2

2 x 0

Grêmio
Athletico Paranaense
Data: 17/04/2024 - quarta-feira às 19h00
Local: Arena do Grêmio - Porto Alegre - RS
Transmissão: Premiere, SporTV
Ref: 016
Rodada: 2

0 x 1

Palmeiras
Internacional
Data: 17/04/2024 - quarta-feira às 20h00
Local: Arena Barueri - Barueri - SP
Transmissão: Premiere
Ref: 020
Rodada: 2

2 x 0

Juventude
Corinthians
Data: 17/04/2024 - quarta-feira às 20h00
Local: Alfredo Jaconi - Caxias do Sul - RS
Transmissão: Premiere
Ref: 018
Rodada: 2

1 x 1

Fortaleza
Cruzeiro Saf
Data: 17/04/2024 - quarta-feira às 20h00
Local: Arena Castelão - Fortaleza - CE
Transmissão: Premiere
Ref: 012
Rodada: 2

1 x 1

Atlético Mineiro Saf
Criciúma
Data: 17/04/2024 - quarta-feira às 20h00
Local: ARENA MRV - Belo Horizonte - MG
Transmissão: Premiere
Ref: 014
Rodada: 2

2 x 1

Flamengo
São Paulo
Data: 17/04/2024 - quarta-feira às 21h30
Local: Maracanã - Rio de Janeiro - RJ
Transmissão: Globo, Premiere
Ref: 015
Rodada: 2

1 x 0

Botafogo
Atlético Goianiense Saf
Data: 18/04/2024 - quinta-feira às 21h30
Local: Nilton Santos - Rio de Janeiro - RJ
Transmissão: Premiere
Ref: 019
Rodada: 2

0 x 0

Cuiabá Saf
Vitória
Data: 05/06/2024 - quarta-feira às 20h00
Local: Arena Pantanal - Cuiaba - MT
Transmissão: Premiere
Ref: 024
Rodada: 3

2 x 1

Fluminense
Vasco da Gama S.a.f.
Data: 20/04/2024 - sábado às 16h00
Local: Maracanã - Rio de Janeiro - RJ
Transmissão: Premiere
Ref: 021
Rodada: 3

1 x 0

Grêmio
Cuiabá Saf
Data: 20/04/2024 - sábado às 18h30
Local: Arena do Grêmio - Porto Alegre - RS
Transmissão: Premiere
Ref: 027
Rodada: 3

1 x 0

Red Bull Bragantino
Corinthians
Data: 20/04/2024 - sábado às 18h30
Local: Nabi Abi Chedid - Braganca Paulista - SP
Transmissão: Premiere
Ref: 022
Rodada: 3

3 x 0

Atlético Mineiro Saf
Cruzeiro Saf
Data: 20/04/2024 - sábado às 21h00
Local: ARENA MRV - Belo Horizonte - MG
Transmissão: Premiere, SporTV
Ref: 026
Rodada: 3

0 x 0

Palmeiras
Flamengo
Data: 21/04/2024 - domingo às 16h00
Local: Allianz Parque - Sao Paulo - SP
Transmissão: Globo, Premiere
Ref: 028
Rodada: 3

1 x 0

Athletico Paranaense
Internacional
Data: 21/04/2024 - domingo às 16h00
Local: Arena da Baixada - Curitiba - PR
Transmissão: Globo, Rede Furacão
Ref: 023
Rodada: 3

2 x 2

Vitória
Bahia
Data: 21/04/2024 - domingo às 16h00
Local: Manoel Barradas - Salvador - BA
Transmissão: Globo, Premiere
Ref: 025
Rodada: 3

5 x 1

Botafogo
Juventude
Data: 21/04/2024 - domingo às 18h30
Local: Nilton Santos - Rio de Janeiro - RJ
Transmissão: Premiere, SporTV
Ref: 029
Rodada: 3

0 x 3

Atlético Goianiense Saf
São Paulo
Data: 21/04/2024 - domingo às 18h30
Local: Antônio Accioly - Goiania - GO
Transmissão: Premiere
Ref: 030
Rodada: 3

1 x 1

Criciúma
Fortaleza
Data: 24/07/2024 - quarta-feira às 19h00
Local: Heriberto Hulse - Criciuma - SC
Transmissão: Premiere
Ref: 035
Rodada: 4

0 x 4

Vasco da Gama S.a.f.
Criciúma
Data: 27/04/2024 - sábado às 16h00
Local: São Januário - Rio de Janeiro - RJ
Transmissão: Premiere
Ref: 039
Rodada: 4

0 x 3

Cuiabá Saf
Atlético Mineiro Saf
Data: 27/04/2024 - sábado às 18h30
Local: Arena Pantanal - Cuiaba - MT
Transmissão: Premiere
Ref: 033
Rodada: 4

1 x 0

Bahia
Grêmio
Data: 27/04/2024 - sábado às 21h00
Local: Arena Fonte Nova - Salvador - BA
Transmissão: Premiere, SporTV
Ref: 034
Rodada: 4

0 x 2

Flamengo
Botafogo
Data: 28/04/2024 - domingo às 11h00
Local: Maracanã - Rio de Janeiro - RJ
Transmissão: Premiere
Ref: 032
Rodada: 4

3 x 1

Cruzeiro Saf
Vitória
Data: 28/04/2024 - domingo às 16h00
Local: Mineirão - Belo Horizonte - MG
Transmissão: Globo, Premiere
Ref: 036
Rodada: 4

3 x 0

Corinthians
Fluminense
Data: 28/04/2024 - domingo às 16h00
Local: Neo Química Arena - Sao Paulo - SP
Transmissão: Globo, Premiere
Ref: 038
Rodada: 4

1 x 1

Fortaleza
Red Bull Bragantino
Data: 28/04/2024 - domingo às 18h30
Local: Arena Castelão - Fortaleza - CE
Transmissão: Premiere
Ref: 040
Rodada: 4

1 x 1

Juventude
Athletico Paranaense
Data: 28/04/2024 - domingo às 18h30
Local: Alfredo Jaconi - Caxias do Sul - RS
Transmissão: Premiere
Ref: 031
Rodada: 4

1 x 1

Internacional
Atlético Goianiense Saf
Data: 28/04/2024 - domingo às 20h00
Local: Beira-Rio - Porto Alegre - RS
Transmissão: Premiere, SporTV
Ref: 037
Rodada: 4

0 x 0

São Paulo
Palmeiras
Data: 29/04/2024 - segunda-feira às 20h00
Local: Morumbi - Sao Paulo - SP
Transmissão: Premiere
Ref: 044
Rodada: 5

2 x 2

Fluminense
Atlético Mineiro Saf
Data: 04/05/2024 - sábado às 16h00
Local: Kleber Andrade - Cariacica - ES
Transmissão: Premiere
Ref: 047
Rodada: 5

1 x 1

Red Bull Bragantino
Flamengo
Data: 04/05/2024 - sábado às 18h30
Local: Nabi Abi Chedid - Braganca Paulista - SP
Transmissão: Premiere
Ref: 046
Rodada: 5

0 x 0

Corinthians
Fortaleza
Data: 04/05/2024 - sábado às 21h00
Local: Neo Química Arena - Sao Paulo - SP
Transmissão: Premiere
Ref: 043
Rodada: 5

1 x 3

Vitória
São Paulo
Data: 05/05/2024 - domingo às 16h00
Local: Manoel Barradas - Salvador - BA
Transmissão: Globo, Premiere
Ref: 048
Rodada: 5

1 x 0

Athletico Paranaense
Vasco da Gama S.a.f.
Data: 05/05/2024 - domingo às 16h00
Local: Arena da Baixada - Curitiba - PR
Transmissão: Globo, Rede Furacão
Ref: 049
Rodada: 5

0 x 2

Cuiabá Saf
Palmeiras
Data: 05/05/2024 - domingo às 18h30
Local: Arena Pantanal - Cuiaba - MT
Transmissão: Premiere
Ref: 045
Rodada: 5

1 x 2

Botafogo
Bahia
Data: 05/05/2024 - domingo às 18h30
Local: Nilton Santos - Rio de Janeiro - RJ
Transmissão: Premiere, SporTV
Ref: 050
Rodada: 5

1 x 0

Juventude
Atlético Goianiense Saf
Data: 05/06/2024 - quarta-feira às 19h00
Local: Alfredo Jaconi - Caxias do Sul - RS
Transmissão: Premiere
Ref: 042
Rodada: 5

0 x 0

Cruzeiro Saf
Internacional
Data: 28/08/2024 - quarta-feira às 19h30
Local: Mineirão - Belo Horizonte - MG
Transmissão: Premiere, SporTV
Ref: 041
Rodada: 5

1 x 2

Grêmio
Criciúma
Data: 25/09/2024 - quarta-feira às 19h00
Local: Arena do Grêmio - Porto Alegre - RS
Transmissão: Globo, Premiere
Ref: 054
Rodada: 6

2 x 0

Flamengo
Corinthians
Data: 11/05/2024 - sábado às 16h00
Local: Maracanã - Rio de Janeiro - RJ
Transmissão: Premiere
Ref: 058
Rodada: 6

1 x 1

Fortaleza
Botafogo
Data: 12/05/2024 - domingo às 16h00
Local: Arena Castelão - Fortaleza - CE
Transmissão: Globo, Premiere
Ref: 056
Rodada: 6

0 x 2

Palmeiras
Athletico Paranaense
Data: 12/05/2024 - domingo às 16h00
Local: Arena Barueri - Barueri - SP
Transmissão: Globo, Premiere
Ref: 059
Rodada: 6

0 x 1

Atlético Goianiense Saf
Cruzeiro Saf
Data: 12/05/2024 - domingo às 16h00
Local: Antônio Accioly - Goiania - GO
Transmissão: Globo, Premiere
Ref: 055
Rodada: 6

2 x 1

Vasco da Gama S.a.f.
Vitória
Data: 12/05/2024 - domingo às 18h30
Local: São Januário - Rio de Janeiro - RJ
Transmissão: Premiere
Ref: 053
Rodada: 6

1 x 0

Bahia
Red Bull Bragantino
Data: 12/05/2024 - domingo às 18h30
Local: Arena Fonte Nova - Salvador - BA
Transmissão: Premiere
Ref: 057
Rodada: 6

2 x 1

São Paulo
Fluminense
Data: 13/05/2024 - segunda-feira às 20h00
Local: Morumbi - Sao Paulo - SP
Transmissão: Premiere
Ref: 060
Rodada: 6

2 x 5

Criciúma
Cuiabá Saf
Data: 09/06/2024 - domingo às 16h00
Local: Heriberto Hulse - Criciuma - SC
Transmissão: Premiere
Ref: 051
Rodada: 6

2 x 1

Internacional
Juventude
Data: 14/08/2024 - quarta-feira às 19h30
Local: Beira-Rio - Porto Alegre - RS
Transmissão: Premiere, SporTV
Ref: 052
Rodada: 6

2 x 1

Atlético Mineiro Saf
Grêmio
Data: 09/10/2024 - quarta-feira às 19h30
Local: ARENA MRV - Belo Horizonte - MG
Transmissão: Premiere, SporTV
Ref: 061
Rodada: 7

0 x 2

Grêmio
Red Bull Bragantino
Data: 01/06/2024 - sábado às 16h00
Local: Couto Pereira - Curitiba - PR
Transmissão: Premiere
Ref: 063
Rodada: 7

0 x 2

Vitória
Atlético Goianiense Saf
Data: 01/06/2024 - sábado às 16h00
Local: Manoel Barradas - Salvador - BA
Transmissão: Premiere
Ref: 069
Rodada: 7

0 x 1

Cuiabá Saf
Internacional
Data: 01/06/2024 - sábado às 18h30
Local: Arena Pantanal - Cuiaba - MT
Transmissão: Premiere, SporTV
Ref: 064
Rodada: 7

1 x 1

Fluminense
Juventude
Data: 01/06/2024 - sábado às 18h30
Local: Maracanã - Rio de Janeiro - RJ
Transmissão: Premiere
Ref: 066
Rodada: 7

0 x 1

Corinthians
Botafogo
Data: 01/06/2024 - sábado às 21h00
Local: Neo Química Arena - Sao Paulo - SP
Transmissão: Premiere, SporTV
Ref: 070
Rodada: 7

1 x 2

Criciúma
Palmeiras
Data: 02/06/2024 - domingo às 16h00
Local: Heriberto Hulse - Criciuma - SC
Transmissão: Globo, Premiere
Ref: 062
Rodada: 7

1 x 1

Atlético Mineiro Saf
Bahia
Data: 02/06/2024 - domingo às 16h00
Local: ARENA MRV - Belo Horizonte - MG
Transmissão: Globo, Premiere
Ref: 065
Rodada: 7

1 x 6

Vasco da Gama S.a.f.
Flamengo
Data: 02/06/2024 - domingo às 16h00
Local: Maracanã - Rio de Janeiro - RJ
Transmissão: Globo, Premiere
Ref: 068
Rodada: 7

1 x 0

Fortaleza
Athletico Paranaense
Data: 02/06/2024 - domingo às 18h30
Local: Presidente Vargas - Fortaleza - CE
Transmissão: Premiere
Ref: 067
Rodada: 7

2 x 0

São Paulo
Cruzeiro Saf
Data: 02/06/2024 - domingo às 18h30
Local: Morumbi - Sao Paulo - SP
Transmissão: Premiere
Ref: 080
Rodada: 8

1 x 1

Juventude
Vitória
Data: 11/06/2024 - terça-feira às 19h00
Local: Alfredo Jaconi - Caxias do Sul - RS
Transmissão: Premiere
Ref: 079
Rodada: 8

2 x 2

Atlético Goianiense Saf
Corinthians
Data: 11/06/2024 - terça-feira às 19h00
Local: Antônio Accioly - Goiania - GO
Transmissão: Premiere
Ref: 075
Rodada: 8

1 x 0

Botafogo
Fluminense
Data: 11/06/2024 - terça-feira às 20h00
Local: Nilton Santos - Rio de Janeiro - RJ
Transmissão: Premiere
Ref: 077
Rodada: 8

1 x 2

Red Bull Bragantino
Atlético Mineiro Saf
Data: 11/06/2024 - terça-feira às 21h30
Local: Nabi Abi Chedid - Braganca Paulista - SP
Transmissão: Premiere, SporTV
Ref: 072
Rodada: 8

2 x 1

Cruzeiro Saf
Cuiabá Saf
Data: 13/06/2024 - quinta-feira às 19h00
Local: Mineirão - Belo Horizonte - MG
Transmissão: Premiere, SporTV
Ref: 078
Rodada: 8

3 x 1

Athletico Paranaense
Criciúma
Data: 13/06/2024 - quinta-feira às 20h00
Local: Arena da Baixada - Curitiba - PR
Transmissão: Rede Furacão
Ref: 074
Rodada: 8

2 x 1

Flamengo
Grêmio
Data: 13/06/2024 - quinta-feira às 20h00
Local: Maracanã - Rio de Janeiro - RJ
Transmissão: Premiere
Ref: 071
Rodada: 8

0 x 0

Internacional
São Paulo
Data: 13/06/2024 - quinta-feira às 20h00
Local: Heriberto Hulse - Criciuma - SC
Transmissão: Premiere
Ref: 076
Rodada: 8

2 x 0

Palmeiras
Vasco da Gama S.a.f.
Data: 13/06/2024 - quinta-feira às 21h30
Local: Allianz Parque - Sao Paulo - SP
Transmissão: Globo, Premiere
Ref: 073
Rodada: 8

1 x 0

Bahia
Fortaleza
Data: 13/06/2024 - quinta-feira às 21h30
Local: Arena Fonte Nova - Salvador - BA
Transmissão: Globo, Premiere
Ref: 087
Rodada: 9

2 x 1

Red Bull Bragantino
Juventude
Data: 15/06/2024 - sábado às 18h30
Local: Nabi Abi Chedid - Braganca Paulista - SP
Transmissão: Premiere
Ref: 084
Rodada: 9

1 x 2

Fluminense
Atlético Goianiense Saf
Data: 15/06/2024 - sábado às 21h00
Local: Maracanã - Rio de Janeiro - RJ
Transmissão: Premiere, SporTV
Ref: 086
Rodada: 9

2 x 2

Corinthians
São Paulo
Data: 16/06/2024 - domingo às 16h00
Local: Neo Química Arena - Sao Paulo - SP
Transmissão: Globo, Premiere
Ref: 083
Rodada: 9

2 x 1

Vitória
Internacional
Data: 16/06/2024 - domingo às 16h00
Local: Manoel Barradas - Salvador - BA
Transmissão: Premiere
Ref: 088
Rodada: 9

1 x 1

Athletico Paranaense
Flamengo
Data: 16/06/2024 - domingo às 16h00
Local: Arena da Baixada - Curitiba - PR
Transmissão: Globo, Rede Furacão
Ref: 089
Rodada: 9

5 x 0

Cuiabá Saf
Fortaleza
Data: 16/06/2024 - domingo às 18h30
Local: Arena Pantanal - Cuiaba - MT
Transmissão: Premiere
Ref: 090
Rodada: 9

2 x 2

Criciúma
Bahia
Data: 16/06/2024 - domingo às 18h30
Local: Heriberto Hulse - Criciuma - SC
Transmissão: Premiere
Ref: 081
Rodada: 9

1 x 2

Grêmio
Botafogo
Data: 16/06/2024 - domingo às 18h30
Local: Kleber Andrade - Cariacica - ES
Transmissão: Premiere
Ref: 085
Rodada: 9

0 x 0

Vasco da Gama S.a.f.
Cruzeiro Saf
Data: 16/06/2024 - domingo às 18h30
Local: São Januário - Rio de Janeiro - RJ
Transmissão: Premiere
Ref: 082
Rodada: 9

0 x 4

Atlético Mineiro Saf
Palmeiras
Data: 17/06/2024 - segunda-feira às 20h30
Local: ARENA MRV - Belo Horizonte - MG
Transmissão: Premiere, SporTV
Ref: 095
Rodada: 10

1 x 1

Botafogo
Athletico Paranaense
Data: 19/06/2024 - quarta-feira às 19h00
Local: Nilton Santos - Rio de Janeiro - RJ
Transmissão: Premiere, SporTV
Ref: 099
Rodada: 10

1 x 2

Atlético Goianiense Saf
Criciúma
Data: 19/06/2024 - quarta-feira às 19h00
Local: Antônio Accioly - Goiania - GO
Transmissão: Premiere
Ref: 097
Rodada: 10

0 x 1

São Paulo
Cuiabá Saf
Data: 19/06/2024 - quarta-feira às 20h00
Local: Morumbi - Sao Paulo - SP
Transmissão: Premiere
Ref: 100
Rodada: 10

2 x 0

Juventude
Vasco da Gama S.a.f.
Data: 19/06/2024 - quarta-feira às 20h00
Local: Alfredo Jaconi - Caxias do Sul - RS
Transmissão: Premiere
Ref: 098
Rodada: 10

1 x 0

Fortaleza
Grêmio
Data: 19/06/2024 - quarta-feira às 20h00
Local: Arena Castelão - Fortaleza - CE
Transmissão: Premiere
Ref: 092
Rodada: 10

2 x 0

Cruzeiro Saf
Fluminense
Data: 19/06/2024 - quarta-feira às 21h30
Local: Mineirão - Belo Horizonte - MG
Transmissão: Globo, Premiere
Ref: 091
Rodada: 10

1 x 0

Internacional
Corinthians
Data: 19/06/2024 - quarta-feira às 21h30
Local: Orlando Scarpelli - Florianopolis - SC
Transmissão: Globo, Premiere
Ref: 093
Rodada: 10

4 x 2

Vitória
Atlético Mineiro Saf
Data: 20/06/2024 - quinta-feira às 18h30
Local: Manoel Barradas - Salvador - BA
Transmissão: Premiere, SporTV
Ref: 094
Rodada: 10

2 x 1

Flamengo
Bahia
Data: 20/06/2024 - quinta-feira às 20h00
Local: Maracanã - Rio de Janeiro - RJ
Transmissão: Premiere
Ref: 096
Rodada: 10

2 x 1

Palmeiras
Red Bull Bragantino
Data: 20/06/2024 - quinta-feira às 21h30
Local: Allianz Parque - Sao Paulo - SP
Transmissão: Premiere
Ref: 110
Rodada: 11

2 x 1

Criciúma
Botafogo
Data: 22/06/2024 - sábado às 16h00
Local: Heriberto Hulse - Criciuma - SC
Transmissão: Premiere, SporTV
Ref: 101
Rodada: 11

0 x 1

Grêmio
Internacional
Data: 22/06/2024 - sábado às 17h30
Local: Couto Pereira - Curitiba - PR
Transmissão: Globo, Premiere
Ref: 109
Rodada: 11

0 x 0

Cuiabá Saf
Atlético Goianiense Saf
Data: 22/06/2024 - sábado às 18h30
Local: Arena Pantanal - Cuiaba - MT
Transmissão: Premiere
Ref: 105
Rodada: 11

4 x 1

Vasco da Gama S.a.f.
São Paulo
Data: 22/06/2024 - sábado às 21h30
Local: São Januário - Rio de Janeiro - RJ
Transmissão: Premiere, SporTV
Ref: 103
Rodada: 11

4 x 1

Bahia
Cruzeiro Saf
Data: 23/06/2024 - domingo às 16h00
Local: Arena Fonte Nova - Salvador - BA
Transmissão: Premiere
Ref: 108
Rodada: 11

1 x 1

Athletico Paranaense
Corinthians
Data: 23/06/2024 - domingo às 16h00
Local: Arena da Baixada - Curitiba - PR
Transmissão: Globo, Rede Furacão
Ref: 104
Rodada: 11

0 x 1

Fluminense
Flamengo
Data: 23/06/2024 - domingo às 16h00
Local: Maracanã - Rio de Janeiro - RJ
Transmissão: Globo, Premiere
Ref: 106
Rodada: 11

3 x 1

Palmeiras
Juventude
Data: 23/06/2024 - domingo às 18h30
Local: Allianz Parque - Sao Paulo - SP
Transmissão: Premiere
Ref: 107
Rodada: 11

2 x 1

Red Bull Bragantino
Vitória
Data: 23/06/2024 - domingo às 18h30
Local: Nabi Abi Chedid - Braganca Paulista - SP
Transmissão: Premiere
Ref: 102
Rodada: 11

1 x 1

Atlético Mineiro Saf
Fortaleza
Data: 23/06/2024 - domingo às 18h30
Local: ARENA MRV - Belo Horizonte - MG
Transmissão: Premiere
Ref: 115
Rodada: 12

2 x 1

Botafogo
Red Bull Bragantino
Data: 26/06/2024 - quarta-feira às 19h00
Local: Nilton Santos - Rio de Janeiro - RJ
Transmissão: Premiere
Ref: 112
Rodada: 12

2 x 0

Cruzeiro Saf
Athletico Paranaense
Data: 26/06/2024 - quarta-feira às 19h00
Local: Mineirão - Belo Horizonte - MG
Transmissão: Premiere, SporTV
Ref: 120
Rodada: 12

2 x 1

Juventude
Flamengo
Data: 26/06/2024 - quarta-feira às 20h00
Local: Alfredo Jaconi - Caxias do Sul - RS
Transmissão: Premiere
Ref: 116
Rodada: 12

1 x 1

Corinthians
Cuiabá Saf
Data: 26/06/2024 - quarta-feira às 20h00
Local: Neo Química Arena - Sao Paulo - SP
Transmissão: Premiere
Ref: 119
Rodada: 12

1 x 1

Atlético Goianiense Saf
Grêmio
Data: 26/06/2024 - quarta-feira às 20h00
Local: Antônio Accioly - Goiania - GO
Transmissão: Premiere
Ref: 113
Rodada: 12

2 x 1

Bahia
Vasco da Gama S.a.f.
Data: 26/06/2024 - quarta-feira às 21h30
Local: Arena Fonte Nova - Salvador - BA
Transmissão: Globo, Premiere
Ref: 111
Rodada: 12

1 x 2

Internacional
Atlético Mineiro Saf
Data: 26/06/2024 - quarta-feira às 21h30
Local: Heriberto Hulse - Criciuma - SC
Transmissão: Globo, Premiere
Ref: 118
Rodada: 12

3 x 0

Fortaleza
Palmeiras
Data: 26/06/2024 - quarta-feira às 21h30
Local: Arena Castelão - Fortaleza - CE
Transmissão: Globo, Premiere
Ref: 114
Rodada: 12

0 x 1

Fluminense
Vitória
Data: 27/06/2024 - quinta-feira às 19h00
Local: Maracanã - Rio de Janeiro - RJ
Transmissão: Premiere, SporTV
Ref: 117
Rodada: 12

2 x 1

São Paulo
Criciúma
Data: 27/06/2024 - quinta-feira às 20h00
Local: Morumbi - Sao Paulo - SP
Transmissão: Premiere
Ref: 129
Rodada: 13

1 x 1

Cuiabá Saf
Red Bull Bragantino
Data: 29/06/2024 - sábado às 18h30
Local: Arena Pantanal - Cuiaba - MT
Transmissão: Premiere
Ref: 125
Rodada: 13

1 x 1

Vasco da Gama S.a.f.
Botafogo
Data: 29/06/2024 - sábado às 18h30
Local: São Januário - Rio de Janeiro - RJ
Transmissão: Premiere, SporTV
Ref: 122
Rodada: 13

1 x 1

Atlético Mineiro Saf
Atlético Goianiense Saf
Data: 30/06/2024 - domingo às 11h00
Local: ARENA MRV - Belo Horizonte - MG
Transmissão: Premiere
Ref: 128
Rodada: 13

2 x 1

Fortaleza
Juventude
Data: 30/06/2024 - domingo às 16h00
Local: Arena Castelão - Fortaleza - CE
Transmissão: Globo, Premiere
Ref: 127
Rodada: 13

3 x 1

São Paulo
Bahia
Data: 30/06/2024 - domingo às 16h00
Local: Morumbi - Sao Paulo - SP
Transmissão: Globo, Premiere
Ref: 121
Rodada: 13

1 x 0

Grêmio
Fluminense
Data: 30/06/2024 - domingo às 16h00
Local: Centenário - Caxias do Sul - RS
Transmissão: Globo, Premiere
Ref: 124
Rodada: 13

2 x 1

Flamengo
Cruzeiro Saf
Data: 30/06/2024 - domingo às 18h30
Local: Maracanã - Rio de Janeiro - RJ
Transmissão: Premiere
Ref: 130
Rodada: 13

1 x 1

Criciúma
Internacional
Data: 30/06/2024 - domingo às 18h30
Local: Heriberto Hulse - Criciuma - SC
Transmissão: Premiere, SporTV
Ref: 123
Rodada: 13

0 x 1

Vitória
Athletico Paranaense
Data: 30/06/2024 - domingo às 18h30
Local: Manoel Barradas - Salvador - BA
Transmissão: Premiere
Ref: 126
Rodada: 13

2 x 0

Palmeiras
Corinthians
Data: 01/07/2024 - segunda-feira às 20h00
Local: Allianz Parque - Sao Paulo - SP
Transmissão: Premiere
Ref: 139
Rodada: 14

1 x 2

Cuiabá Saf
Botafogo
Data: 03/07/2024 - quarta-feira às 19h00
Local: Arena Pantanal - Cuiaba - MT
Transmissão: Premiere, SporTV
Ref: 140
Rodada: 14

1 x 0

Criciúma
Cruzeiro Saf
Data: 03/07/2024 - quarta-feira às 20h00
Local: Heriberto Hulse - Criciuma - SC
Transmissão: Premiere
Ref: 135
Rodada: 14

2 x 0

Vasco da Gama S.a.f.
Fortaleza
Data: 03/07/2024 - quarta-feira às 20h00
Local: São Januário - Rio de Janeiro - RJ
Transmissão: Premiere
Ref: 132
Rodada: 14

2 x 4

Atlético Mineiro Saf
Flamengo
Data: 03/07/2024 - quarta-feira às 21h30
Local: ARENA MRV - Belo Horizonte - MG
Transmissão: Globo, Premiere
Ref: 138
Rodada: 14

1 x 2

Athletico Paranaense
São Paulo
Data: 03/07/2024 - quarta-feira às 21h30
Local: Arena da Baixada - Curitiba - PR
Transmissão: Globo, Rede Furacão
Ref: 137
Rodada: 14

3 x 1

Red Bull Bragantino
Atlético Goianiense Saf
Data: 03/07/2024 - quarta-feira às 21h30
Local: Nabi Abi Chedid - Braganca Paulista - SP
Transmissão: Globo, Premiere
Ref: 131
Rodada: 14

2 x 2

Grêmio
Palmeiras
Data: 04/07/2024 - quinta-feira às 19h00
Local: Centenário - Caxias do Sul - RS
Transmissão: Premiere, SporTV
Ref: 133
Rodada: 14

2 x 0

Bahia
Juventude
Data: 04/07/2024 - quinta-feira às 19h00
Local: Arena Fonte Nova - Salvador - BA
Transmissão: Premiere
Ref: 134
Rodada: 14

1 x 1

Fluminense
Internacional
Data: 04/07/2024 - quinta-feira às 20h00
Local: Maracanã - Rio de Janeiro - RJ
Transmissão: Premiere
Ref: 136
Rodada: 14

3 x 2

Corinthians
Vitória
Data: 04/07/2024 - quinta-feira às 20h00
Local: Neo Química Arena - Sao Paulo - SP
Transmissão: Premiere
Ref: 147
Rodada: 15

2 x 0

São Paulo
Red Bull Bragantino
Data: 06/07/2024 - sábado às 20h00
Local: Morumbi - Sao Paulo - SP
Transmissão: Premiere
Ref: 144
Rodada: 15

1 x 1

Flamengo
Cuiabá Saf
Data: 06/07/2024 - sábado às 20h00
Local: Maracanã - Rio de Janeiro - RJ
Transmissão: Premiere
Ref: 148
Rodada: 15

1 x 0

Fortaleza
Fluminense
Data: 07/07/2024 - domingo às 16h00
Local: Arena Castelão - Fortaleza - CE
Transmissão: Globo, Premiere
Ref: 142
Rodada: 15

3 x 0

Cruzeiro Saf
Corinthians
Data: 07/07/2024 - domingo às 16h00
Local: Mineirão - Belo Horizonte - MG
Transmissão: Globo, Premiere
Ref: 150
Rodada: 15

3 x 0

Juventude
Grêmio
Data: 07/07/2024 - domingo às 16h00
Local: Alfredo Jaconi - Caxias do Sul - RS
Transmissão: Globo, Premiere
Ref: 141
Rodada: 15

1 x 2

Internacional
Vasco da Gama S.a.f.
Data: 07/07/2024 - domingo às 18h00
Local: Beira-Rio - Porto Alegre - RS
Transmissão: Premiere, SporTV
Ref: 146
Rodada: 15

2 x 0

Palmeiras
Bahia
Data: 07/07/2024 - domingo às 18h30
Local: Allianz Parque - Sao Paulo - SP
Transmissão: Premiere
Ref: 143
Rodada: 15

2 x 1

Vitória
Criciúma
Data: 07/07/2024 - domingo às 18h30
Local: Manoel Barradas - Salvador - BA
Transmissão: Premiere
Ref: 149
Rodada: 15

1 x 2

Atlético Goianiense Saf
Athletico Paranaense
Data: 07/07/2024 - domingo às 18h30
Local: Antônio Accioly - Goiania - GO
Transmissão: Premiere
Ref: 145
Rodada: 15

3 x 0

Botafogo
Atlético Mineiro Saf
Data: 07/07/2024 - domingo às 20h30
Local: Nilton Santos - Rio de Janeiro - RJ
Transmissão: Premiere, SporTV
Ref: 151
Rodada: 16

0 x 2

Grêmio
Cruzeiro Saf
Data: 10/07/2024 - quarta-feira às 18h30
Local: Centenário - Caxias do Sul - RS
Transmissão: Premiere, SporTV
Ref: 158
Rodada: 16

1 x 3

Athletico Paranaense
Bahia
Data: 10/07/2024 - quarta-feira às 19h00
Local: Arena da Baixada - Curitiba - PR
Transmissão: Rede Furacão
Ref: 155
Rodada: 16

2 x 0

Vasco da Gama S.a.f.
Corinthians
Data: 10/07/2024 - quarta-feira às 19h00
Local: São Januário - Rio de Janeiro - RJ
Transmissão: Premiere
Ref: 156
Rodada: 16

3 x 1

Palmeiras
Atlético Goianiense Saf
Data: 11/07/2024 - quinta-feira às 19h30
Local: Allianz Parque - Sao Paulo - SP
Transmissão: Premiere, SporTV
Ref: 154
Rodada: 16

1 x 2

Flamengo
Fortaleza
Data: 11/07/2024 - quinta-feira às 20h00
Local: Maracanã - Rio de Janeiro - RJ
Transmissão: Premiere
Ref: 160
Rodada: 16

1 x 1

Criciúma
Fluminense
Data: 11/07/2024 - quinta-feira às 20h00
Local: Heriberto Hulse - Criciuma - SC
Transmissão: Premiere
Ref: 153
Rodada: 16

0 x 1

Vitória
Botafogo
Data: 11/07/2024 - quinta-feira às 21h30
Local: Manoel Barradas - Salvador - BA
Transmissão: Globo, Premiere
Ref: 152
Rodada: 16

2 x 1

Atlético Mineiro Saf
São Paulo
Data: 11/07/2024 - quinta-feira às 21h30
Local: ARENA MRV - Belo Horizonte - MG
Transmissão: Globo, Premiere
Ref: 159
Rodada: 16

0 x 0

Cuiabá Saf
Juventude
Data: 05/09/2024 - quinta-feira às 20h00
Local: Arena Pantanal - Cuiaba - MT
Transmissão: Premiere
Ref: 157
Rodada: 16

2 x 2

Red Bull Bragantino
Internacional
Data: 25/09/2024 - quarta-feira às 19h00
Local: Nabi Abi Chedid - Braganca Paulista - SP
Transmissão: Premiere
Ref: 162
Rodada: 17

2 x 1

Cruzeiro Saf
Red Bull Bragantino
Data: 13/07/2024 - sábado às 16h00
Local: Independência - Belo Horizonte - MG
Transmissão: Premiere
Ref: 163
Rodada: 17

1 x 2

Bahia
Cuiabá Saf
Data: 13/07/2024 - sábado às 16h00
Local: Arena Fonte Nova - Salvador - BA
Transmissão: Premiere
Ref: 170
Rodada: 17

1 x 1

Juventude
Atlético Mineiro Saf
Data: 16/07/2024 - terça-feira às 19h00
Local: Mané Garrincha - Brasilia - DF
Transmissão: Premiere, SporTV
Ref: 166
Rodada: 17

2 x 1

Corinthians
Criciúma
Data: 16/07/2024 - terça-feira às 21h00
Local: Neo Química Arena - Sao Paulo - SP
Transmissão: Premiere
Ref: 169
Rodada: 17

0 x 1

Atlético Goianiense Saf
Vasco da Gama S.a.f.
Data: 17/07/2024 - quarta-feira às 19h00
Local: Antônio Accioly - Goiania - GO
Transmissão: Premiere
Ref: 167
Rodada: 17

1 x 0

São Paulo
Grêmio
Data: 17/07/2024 - quarta-feira às 20h00
Local: Morumbi - Sao Paulo - SP
Transmissão: Premiere
Ref: 168
Rodada: 17

3 x 1

Fortaleza
Vitória
Data: 17/07/2024 - quarta-feira às 21h30
Local: Arena Castelão - Fortaleza - CE
Transmissão: Globo, Premiere
Ref: 165
Rodada: 17

1 x 0

Botafogo
Palmeiras
Data: 17/07/2024 - quarta-feira às 21h30
Local: Nilton Santos - Rio de Janeiro - RJ
Transmissão: Globo, Premiere
Ref: 164
Rodada: 17

1 x 0

Fluminense
Athletico Paranaense
Data: 22/10/2024 - terça-feira às 19h30
Local: Maracanã - Rio de Janeiro - RJ
Transmissão: Premiere
Ref: 161
Rodada: 17

1 x 1

Internacional
Flamengo
Data: 30/10/2024 - quarta-feira às 19h00
Local: Beira-Rio - Porto Alegre - RS
Transmissão: Premiere
Ref: 174
Rodada: 18

2 x 1

Flamengo
Criciúma
Data: 20/07/2024 - sábado às 16h00
Local: Mané Garrincha - Brasilia - DF
Transmissão: Premiere
Ref: 175
Rodada: 18

1 x 0

Botafogo
Internacional
Data: 20/07/2024 - sábado às 18h30
Local: Nilton Santos - Rio de Janeiro - RJ
Transmissão: Premiere
Ref: 176
Rodada: 18

2 x 0

Palmeiras
Cruzeiro Saf
Data: 20/07/2024 - sábado às 21h00
Local: Allianz Parque - Sao Paulo - SP
Transmissão: Premiere, SporTV
Ref: 171
Rodada: 18

2 x 0

Grêmio
Vitória
Data: 21/07/2024 - domingo às 11h00
Local: Centenário - Caxias do Sul - RS
Transmissão: Premiere
Ref: 173
Rodada: 18

0 x 1

Bahia
Corinthians
Data: 21/07/2024 - domingo às 16h00
Local: Arena Fonte Nova - Salvador - BA
Transmissão: Globo, Premiere
Ref: 172
Rodada: 18

2 x 0

Atlético Mineiro Saf
Vasco da Gama S.a.f.
Data: 21/07/2024 - domingo às 16h00
Local: ARENA MRV - Belo Horizonte - MG
Transmissão: Globo, Premiere
Ref: 177
Rodada: 18

1 x 0

Red Bull Bragantino
Athletico Paranaense
Data: 21/07/2024 - domingo às 18h30
Local: Nabi Abi Chedid - Braganca Paulista - SP
Transmissão: Premiere
Ref: 178
Rodada: 18

3 x 1

Fortaleza
Atlético Goianiense Saf
Data: 21/07/2024 - domingo às 18h30
Local: Arena Castelão - Fortaleza - CE
Transmissão: Premiere
Ref: 180
Rodada: 18

0 x 0

Juventude
São Paulo
Data: 21/07/2024 - domingo às 18h30
Local: Mané Garrincha - Brasilia - DF
Transmissão: Premiere
Ref: 179
Rodada: 18

0 x 1

Cuiabá Saf
Fluminense
Data: 21/07/2024 - domingo às 20h00
Local: Arena Pantanal - Cuiaba - MT
Transmissão: Premiere, SporTV
Ref: 182
Rodada: 19

2 x 0

Cruzeiro Saf
Juventude
Data: 24/07/2024 - quarta-feira às 19h00
Local: Mineirão - Belo Horizonte - MG
Transmissão: Premiere
Ref: 187
Rodada: 19

2 x 2

São Paulo
Botafogo
Data: 24/07/2024 - quarta-feira às 19h30
Local: Morumbi - Sao Paulo - SP
Transmissão: Premiere, SporTV
Ref: 183
Rodada: 19

1 x 2

Vitória
Flamengo
Data: 24/07/2024 - quarta-feira às 20h00
Local: Manoel Barradas - Salvador - BA
Transmissão: Premiere
Ref: 184
Rodada: 19

1 x 0

Fluminense
Palmeiras
Data: 24/07/2024 - quarta-feira às 21h30
Local: Maracanã - Rio de Janeiro - RJ
Transmissão: Globo, Premiere
Ref: 189
Rodada: 19

1 x 1

Atlético Goianiense Saf
Bahia
Data: 24/07/2024 - quarta-feira às 21h30
Local: Antônio Accioly - Goiania - GO
Transmissão: Globo, Premiere
Ref: 186
Rodada: 19

2 x 2

Corinthians
Grêmio
Data: 25/07/2024 - quinta-feira às 20h00
Local: Neo Química Arena - Sao Paulo - SP
Transmissão: Premiere, SporTV
Ref: 190
Rodada: 19

1 x 0

Criciúma
Red Bull Bragantino
Data: 28/08/2024 - quarta-feira às 19h30
Local: Heriberto Hulse - Criciuma - SC
Transmissão: Premiere
Ref: 181
Rodada: 19

2 x 1

Internacional
Fortaleza
Data: 11/09/2024 - quarta-feira às 19h30
Local: Beira-Rio - Porto Alegre - RS
Transmissão: Premiere
Ref: 185
Rodada: 19

1 x 0

Vasco da Gama S.a.f.
Cuiabá Saf
Data: 24/10/2024 - quinta-feira às 19h00
Local: São Januário - Rio de Janeiro - RJ
Transmissão: Premiere
Ref: 188
Rodada: 19

1 x 0

Athletico Paranaense
Atlético Mineiro Saf
Data: 16/11/2024 - sábado às 18h30
Local: Arena da Baixada - Curitiba - PR
Transmissão: Rede Furacão
Fase Única
Returno
Ref: 200
Rodada: 20

1 x 2

Juventude
Criciúma
Data: 27/07/2024 - sábado às 19h00
Local: Alfredo Jaconi - Caxias do Sul - RS
Transmissão: Premiere
Ref: 196
Rodada: 20

0 x 2

Palmeiras
Vitória
Data: 27/07/2024 - sábado às 19h00
Local: Allianz Parque - Sao Paulo - SP
Transmissão: Premiere, SporTV
Ref: 193
Rodada: 20

1 x 1

Bahia
Internacional
Data: 27/07/2024 - sábado às 20h00
Local: Arena Fonte Nova - Salvador - BA
Transmissão: Premiere, SporTV
Ref: 195
Rodada: 20

0 x 3

Botafogo
Cruzeiro Saf
Data: 27/07/2024 - sábado às 21h30
Local: Nilton Santos - Rio de Janeiro - RJ
Transmissão: Globo, Premiere
Ref: 198
Rodada: 20

1 x 0

Fortaleza
São Paulo
Data: 27/07/2024 - sábado às 21h30
Local: Arena Castelão - Fortaleza - CE
Transmissão: Globo, Premiere
Ref: 197
Rodada: 20

0 x 1

Red Bull Bragantino
Fluminense
Data: 28/07/2024 - domingo às 11h00
Local: Nabi Abi Chedid - Braganca Paulista - SP
Transmissão: Premiere
Ref: 194
Rodada: 20

2 x 0

Flamengo
Atlético Goianiense Saf
Data: 28/07/2024 - domingo às 16h00
Local: Maracanã - Rio de Janeiro - RJ
Transmissão: Premiere
Ref: 199
Rodada: 20

1 x 2

Cuiabá Saf
Athletico Paranaense
Data: 28/07/2024 - domingo às 19h00
Local: Arena Pantanal - Cuiaba - MT
Transmissão: Premiere
Ref: 191
Rodada: 20

1 x 0

Grêmio
Vasco da Gama S.a.f.
Data: 28/07/2024 - domingo às 19h00
Local: Arena Condá - Chapeco - SC
Transmissão: Premiere
Ref: 192
Rodada: 20

2 x 1

Atlético Mineiro Saf
Corinthians
Data: 28/07/2024 - domingo às 19h00
Local: ARENA MRV - Belo Horizonte - MG
Transmissão: Premiere
Ref: 203
Rodada: 21

1 x 0

Vitória
Cuiabá Saf
Data: 03/08/2024 - sábado às 16h00
Local: Manoel Barradas - Salvador - BA
Transmissão: Premiere
Ref: 205
Rodada: 21

2 x 2

Vasco da Gama S.a.f.
Red Bull Bragantino
Data: 03/08/2024 - sábado às 19h00
Local: São Januário - Rio de Janeiro - RJ
Transmissão: Premiere, SporTV
Ref: 209
Rodada: 21

1 x 4

Atlético Goianiense Saf
Botafogo
Data: 03/08/2024 - sábado às 20h00
Local: Antônio Accioly - Goiania - GO
Transmissão: Premiere
Ref: 210
Rodada: 21

2 x 1

Criciúma
Atlético Mineiro Saf
Data: 03/08/2024 - sábado às 20h00
Local: Heriberto Hulse - Criciuma - SC
Transmissão: Premiere
Ref: 207
Rodada: 21

1 x 0

São Paulo
Flamengo
Data: 03/08/2024 - sábado às 21h30
Local: Morumbi - Sao Paulo - SP
Transmissão: Globo, Premiere
Ref: 206
Rodada: 21

1 x 1

Corinthians
Juventude
Data: 04/08/2024 - domingo às 16h00
Local: Neo Química Arena - Sao Paulo - SP
Transmissão: Premiere
Ref: 204
Rodada: 21

1 x 0

Fluminense
Bahia
Data: 04/08/2024 - domingo às 16h00
Local: Maracanã - Rio de Janeiro - RJ
Transmissão: Premiere
Ref: 208
Rodada: 21

0 x 2

Athletico Paranaense
Grêmio
Data: 04/08/2024 - domingo às 16h00
Local: Arena da Baixada - Curitiba - PR
Transmissão: Rede Furacão
Ref: 201
Rodada: 21

1 x 1

Internacional
Palmeiras
Data: 04/08/2024 - domingo às 17h00
Local: Beira-Rio - Porto Alegre - RS
Transmissão: Premiere
Ref: 202
Rodada: 21

1 x 2

Cruzeiro Saf
Fortaleza
Data: 05/08/2024 - segunda-feira às 21h00
Local: Kleber Andrade - Cariacica - ES
Transmissão: Premiere, SporTV
Ref: 218
Rodada: 22

1 x 0

Fortaleza
Criciúma
Data: 10/08/2024 - sábado às 16h00
Local: Arena Castelão - Fortaleza - CE
Transmissão: Premiere
Ref: 219
Rodada: 22

1 x 3

Cuiabá Saf
Grêmio
Data: 10/08/2024 - sábado às 19h00
Local: Arena Pantanal - Cuiaba - MT
Transmissão: Premiere, SporTV
Ref: 212
Rodada: 22

0 x 0

Cruzeiro Saf
Atlético Mineiro Saf
Data: 10/08/2024 - sábado às 21h30
Local: Mineirão - Belo Horizonte - MG
Transmissão: Globo, Premiere
Ref: 216
Rodada: 22

1 x 1

Corinthians
Red Bull Bragantino
Data: 10/08/2024 - sábado às 21h30
Local: Neo Química Arena - Sao Paulo - SP
Transmissão: Globo, Premiere
Ref: 215
Rodada: 22

2 x 0

Vasco da Gama S.a.f.
Fluminense
Data: 10/08/2024 - sábado às 21h30
Local: Nilton Santos - Rio de Janeiro - RJ
Transmissão: Globo, Premiere
Ref: 220
Rodada: 22

3 x 2

Juventude
Botafogo
Data: 11/08/2024 - domingo às 11h00
Local: Alfredo Jaconi - Caxias do Sul - RS
Transmissão: Premiere
Ref: 217
Rodada: 22

1 x 0

São Paulo
Atlético Goianiense Saf
Data: 11/08/2024 - domingo às 16h00
Local: Morumbi - Sao Paulo - SP
Transmissão: Premiere
Ref: 214
Rodada: 22

1 x 1

Flamengo
Palmeiras
Data: 11/08/2024 - domingo às 16h00
Local: Maracanã - Rio de Janeiro - RJ
Transmissão: Premiere
Ref: 213
Rodada: 22

2 x 0

Bahia
Vitória
Data: 11/08/2024 - domingo às 16h00
Local: Arena Fonte Nova - Salvador - BA
Transmissão: Premiere
Ref: 211
Rodada: 22

2 x 2

Internacional
Athletico Paranaense
Data: 11/08/2024 - domingo às 19h00
Local: Beira-Rio - Porto Alegre - RS
Transmissão: Premiere, SporTV
Ref: 221
Rodada: 23

0 x 2

Grêmio
Bahia
Data: 17/08/2024 - sábado às 16h00
Local: Alfredo Jaconi - Caxias do Sul - RS
Transmissão: Premiere
Ref: 222
Rodada: 23

1 x 1

Atlético Mineiro Saf
Cuiabá Saf
Data: 17/08/2024 - sábado às 16h00
Local: ARENA MRV - Belo Horizonte - MG
Transmissão: Premiere
Ref: 227
Rodada: 23

1 x 2

Red Bull Bragantino
Fortaleza
Data: 17/08/2024 - sábado às 18h30
Local: Nabi Abi Chedid - Braganca Paulista - SP
Transmissão: Premiere
Ref: 224
Rodada: 23

0 x 0

Fluminense
Corinthians
Data: 17/08/2024 - sábado às 21h00
Local: Maracanã - Rio de Janeiro - RJ
Transmissão: Premiere, SporTV
Ref: 226
Rodada: 23

2 x 1

Palmeiras
São Paulo
Data: 18/08/2024 - domingo às 16h00
Local: Allianz Parque - Sao Paulo - SP
Transmissão: Globo, Premiere
Ref: 230
Rodada: 23

2 x 2

Criciúma
Vasco da Gama S.a.f.
Data: 18/08/2024 - domingo às 16h00
Local: Heriberto Hulse - Criciuma - SC
Transmissão: Globo, Premiere
Ref: 229
Rodada: 23

1 x 0

Atlético Goianiense Saf
Internacional
Data: 18/08/2024 - domingo às 16h00
Local: Antônio Accioly - Goiania - GO
Transmissão: Globo, Premiere
Ref: 225
Rodada: 23

4 x 1

Botafogo
Flamengo
Data: 18/08/2024 - domingo às 18h30
Local: Nilton Santos - Rio de Janeiro - RJ
Transmissão: Premiere
Ref: 228
Rodada: 23

1 x 2

Athletico Paranaense
Juventude
Data: 18/08/2024 - domingo às 18h30
Local: Arena da Baixada - Curitiba - PR
Transmissão: Rede Furacão
Ref: 223
Rodada: 23

2 x 2

Vitória
Cruzeiro Saf
Data: 19/08/2024 - segunda-feira às 20h00
Local: Manoel Barradas - Salvador - BA
Transmissão: Premiere, SporTV
Ref: 239
Rodada: 24

2 x 1

Atlético Goianiense Saf
Juventude
Data: 24/08/2024 - sábado às 16h00
Local: Antônio Accioly - Goiania - GO
Transmissão: Premiere
Ref: 236
Rodada: 24

5 x 0

Palmeiras
Cuiabá Saf
Data: 24/08/2024 - sábado às 18h30
Local: Brinco de Ouro - Campinas - SP
Transmissão: Premiere
Ref: 232
Rodada: 24

0 x 2

Atlético Mineiro Saf
Fluminense
Data: 24/08/2024 - sábado às 21h00
Local: Mineirão - Belo Horizonte - MG
Transmissão: Premiere, SporTV
Ref: 233
Rodada: 24

0 x 0

Bahia
Botafogo
Data: 25/08/2024 - domingo às 16h00
Local: Arena Fonte Nova - Salvador - BA
Transmissão: Globo, Premiere
Ref: 240
Rodada: 24

0 x 1

Criciúma
Grêmio
Data: 25/08/2024 - domingo às 16h00
Local: Heriberto Hulse - Criciuma - SC
Transmissão: Premiere
Ref: 238
Rodada: 24

1 x 0

Fortaleza
Corinthians
Data: 25/08/2024 - domingo às 16h00
Local: Arena Castelão - Fortaleza - CE
Transmissão: Globo, Premiere
Ref: 237
Rodada: 24

2 x 1

São Paulo
Vitória
Data: 25/08/2024 - domingo às 18h30
Local: Morumbi - Sao Paulo - SP
Transmissão: Premiere
Ref: 231
Rodada: 24

1 x 0

Internacional
Cruzeiro Saf
Data: 25/08/2024 - domingo às 19h00
Local: Beira-Rio - Porto Alegre - RS
Transmissão: Globo, Premiere
Ref: 234
Rodada: 24

2 x 1

Flamengo
Red Bull Bragantino
Data: 25/08/2024 - domingo às 20h00
Local: Maracanã - Rio de Janeiro - RJ
Transmissão: Premiere
Ref: 235
Rodada: 24

2 x 1

Vasco da Gama S.a.f.
Athletico Paranaense
Data: 26/08/2024 - segunda-feira às 21h00
Local: São Januário - Rio de Janeiro - RJ
Transmissão: Premiere, SporTV
Ref: 249
Rodada: 25

2 x 1

Cuiabá Saf
Criciúma
Data: 31/08/2024 - sábado às 18h30
Local: Arena Pantanal - Cuiaba - MT
Transmissão: Premiere
Ref: 245
Rodada: 25

2 x 0

Botafogo
Fortaleza
Data: 31/08/2024 - sábado às 21h00
Local: Nilton Santos - Rio de Janeiro - RJ
Transmissão: Premiere, SporTV
Ref: 242
Rodada: 25

3 x 1

Cruzeiro Saf
Atlético Goianiense Saf
Data: 01/09/2024 - domingo às 11h00
Local: Mineirão - Belo Horizonte - MG
Transmissão: Premiere
Ref: 241
Rodada: 25

2 x 3

Grêmio
Atlético Mineiro Saf
Data: 01/09/2024 - domingo às 11h00
Local: Arena do Grêmio - Porto Alegre - RS
Transmissão: Globo, Premiere
Ref: 246
Rodada: 25

2 x 1

Corinthians
Flamengo
Data: 01/09/2024 - domingo às 16h00
Local: Neo Química Arena - Sao Paulo - SP
Transmissão: Globo, Premiere
Ref: 247
Rodada: 25

2 x 1

Red Bull Bragantino
Bahia
Data: 01/09/2024 - domingo às 18h30
Local: Nabi Abi Chedid - Braganca Paulista - SP
Transmissão: Premiere
Ref: 244
Rodada: 25

2 x 0

Fluminense
São Paulo
Data: 01/09/2024 - domingo às 18h30
Local: Maracanã - Rio de Janeiro - RJ
Transmissão: Premiere
Ref: 248
Rodada: 25

0 x 2

Athletico Paranaense
Palmeiras
Data: 01/09/2024 - domingo às 18h30
Local: Arena da Baixada - Curitiba - PR
Transmissão: Rede Furacão
Ref: 250
Rodada: 25

1 x 3

Juventude
Internacional
Data: 01/09/2024 - domingo às 18h30
Local: Alfredo Jaconi - Caxias do Sul - RS
Transmissão: Premiere, SporTV
Ref: 243
Rodada: 25

0 x 1

Vitória
Vasco da Gama S.a.f.
Data: 01/09/2024 - domingo às 18h30
Local: Manoel Barradas - Salvador - BA
Transmissão: Premiere
Ref: 259
Rodada: 26

0 x 2

Atlético Goianiense Saf
Vitória
Data: 14/09/2024 - sábado às 16h00
Local: Antônio Accioly - Goiania - GO
Transmissão: Premiere
Ref: 258
Rodada: 26

1 x 1

Athletico Paranaense
Fortaleza
Data: 14/09/2024 - sábado às 18h30
Local: Arena da Baixada - Curitiba - PR
Transmissão: Rede Furacão
Ref: 255
Rodada: 26

2 x 1

Botafogo
Corinthians
Data: 14/09/2024 - sábado às 21h00
Local: Nilton Santos - Rio de Janeiro - RJ
Transmissão: Premiere, SporTV
Ref: 260
Rodada: 26

2 x 1

Juventude
Fluminense
Data: 15/09/2024 - domingo às 16h00
Local: Alfredo Jaconi - Caxias do Sul - RS
Transmissão: Globo, Premiere
Ref: 257
Rodada: 26

2 x 2

Red Bull Bragantino
Grêmio
Data: 15/09/2024 - domingo às 16h00
Local: Nabi Abi Chedid - Braganca Paulista - SP
Transmissão: Globo, Premiere
Ref: 256
Rodada: 26

5 x 0

Palmeiras
Criciúma
Data: 15/09/2024 - domingo às 16h00
Local: Allianz Parque - Sao Paulo - SP
Transmissão: Globo, Premiere
Ref: 254
Rodada: 26

1 x 1

Flamengo
Vasco da Gama S.a.f.
Data: 15/09/2024 - domingo às 18h30
Local: Maracanã - Rio de Janeiro - RJ
Transmissão: Premiere
Ref: 252
Rodada: 26

0 x 1

Cruzeiro Saf
São Paulo
Data: 15/09/2024 - domingo às 18h30
Local: Mineirão - Belo Horizonte - MG
Transmissão: Premiere
Ref: 253
Rodada: 26

3 x 0

Bahia
Atlético Mineiro Saf
Data: 15/09/2024 - domingo às 18h30
Local: Arena Fonte Nova - Salvador - BA
Transmissão: Premiere
Ref: 251
Rodada: 26

3 x 0

Internacional
Cuiabá Saf
Data: 16/09/2024 - segunda-feira às 20h00
Local: Beira-Rio - Porto Alegre - RS
Transmissão: Premiere, SporTV
Ref: 266
Rodada: 27

3 x 0

Corinthians
Atlético Goianiense Saf
Data: 21/09/2024 - sábado às 16h00
Local: Neo Química Arena - Sao Paulo - SP
Transmissão: Premiere
Ref: 263
Rodada: 27

1 x 0

Vitória
Juventude
Data: 21/09/2024 - sábado às 16h00
Local: Manoel Barradas - Salvador - BA
Transmissão: Premiere
Ref: 264
Rodada: 27

0 x 1

Fluminense
Botafogo
Data: 21/09/2024 - sábado às 18h30
Local: Maracanã - Rio de Janeiro - RJ
Transmissão: Premiere
Ref: 268
Rodada: 27

4 x 1

Fortaleza
Bahia
Data: 21/09/2024 - sábado às 21h00
Local: Arena Castelão - Fortaleza - CE
Transmissão: Premiere, SporTV
Ref: 262
Rodada: 27

3 x 0

Atlético Mineiro Saf
Red Bull Bragantino
Data: 22/09/2024 - domingo às 16h00
Local: ARENA MRV - Belo Horizonte - MG
Transmissão: Globo, Premiere
Ref: 265
Rodada: 27

0 x 1

Vasco da Gama S.a.f.
Palmeiras
Data: 22/09/2024 - domingo às 16h00
Local: Mané Garrincha - Brasilia - DF
Transmissão: Globo, Premiere
Ref: 269
Rodada: 27

0 x 0

Cuiabá Saf
Cruzeiro Saf
Data: 22/09/2024 - domingo às 18h30
Local: Arena Pantanal - Cuiaba - MT
Transmissão: Premiere
Ref: 261
Rodada: 27

3 x 2

Grêmio
Flamengo
Data: 22/09/2024 - domingo às 18h30
Local: Arena do Grêmio - Porto Alegre - RS
Transmissão: Premiere, SporTV
Ref: 267
Rodada: 27

1 x 3

São Paulo
Internacional
Data: 22/09/2024 - domingo às 18h30
Local: Morumbi - Sao Paulo - SP
Transmissão: Premiere
Ref: 270
Rodada: 27

0 x 0

Criciúma
Athletico Paranaense
Data: 22/09/2024 - domingo às 20h00
Local: Heriberto Hulse - Criciuma - SC
Transmissão: Premiere
Ref: 276
Rodada: 28

2 x 1

Palmeiras
Atlético Mineiro Saf
Data: 28/09/2024 - sábado às 18h30
Local: Brinco de Ouro - Campinas - SP
Transmissão: Premiere
Ref: 275
Rodada: 28

0 x 0

Botafogo
Grêmio
Data: 28/09/2024 - sábado às 21h00
Local: Mané Garrincha - Brasilia - DF
Transmissão: Premiere, SporTV
Ref: 280
Rodada: 28

1 x 1

Juventude
Red Bull Bragantino
Data: 29/09/2024 - domingo às 11h00
Local: Alfredo Jaconi - Caxias do Sul - RS
Transmissão: Premiere
Ref: 278
Rodada: 28

1 x 0

Fortaleza
Cuiabá Saf
Data: 29/09/2024 - domingo às 16h00
Local: Arena Castelão - Fortaleza - CE
Transmissão: Globo, Premiere
Ref: 277
Rodada: 28

3 x 1

São Paulo
Corinthians
Data: 29/09/2024 - domingo às 16h00
Local: Mané Garrincha - Brasilia - DF
Transmissão: Globo, Premiere
Ref: 279
Rodada: 28

1 x 0

Atlético Goianiense Saf
Fluminense
Data: 29/09/2024 - domingo às 16h00
Local: Antônio Accioly - Goiania - GO
Transmissão: Globo, Premiere
Ref: 273
Rodada: 28

1 x 0

Bahia
Criciúma
Data: 29/09/2024 - domingo às 18h30
Local: Arena Fonte Nova - Salvador - BA
Transmissão: Premiere
Ref: 271
Rodada: 28

3 x 1

Internacional
Vitória
Data: 29/09/2024 - domingo às 18h30
Local: Beira-Rio - Porto Alegre - RS
Transmissão: Premiere
Ref: 272
Rodada: 28

1 x 1

Cruzeiro Saf
Vasco da Gama S.a.f.
Data: 29/09/2024 - domingo às 18h30
Local: Mineirão - Belo Horizonte - MG
Transmissão: Premiere
Ref: 274
Rodada: 28

1 x 0

Flamengo
Athletico Paranaense
Data: 29/09/2024 - domingo às 20h00
Local: Maracanã - Rio de Janeiro - RJ
Transmissão: Premiere, SporTV
Ref: 290
Rodada: 29

2 x 0

Criciúma
Atlético Goianiense Saf
Data: 03/10/2024 - quinta-feira às 19h00
Local: Heriberto Hulse - Criciuma - SC
Transmissão: Premiere
Ref: 284
Rodada: 29

1 x 0

Fluminense
Cruzeiro Saf
Data: 03/10/2024 - quinta-feira às 21h30
Local: Maracanã - Rio de Janeiro - RJ
Transmissão: Premiere, SporTV
Ref: 281
Rodada: 29

3 x 1

Grêmio
Fortaleza
Data: 04/10/2024 - sexta-feira às 21h30
Local: Arena do Grêmio - Porto Alegre - RS
Transmissão: Premiere
Ref: 287
Rodada: 29

0 x 0

Red Bull Bragantino
Palmeiras
Data: 05/10/2024 - sábado às 16h30
Local: Nabi Abi Chedid - Braganca Paulista - SP
Transmissão: Globo, Premiere
Ref: 288
Rodada: 29

0 x 1

Athletico Paranaense
Botafogo
Data: 05/10/2024 - sábado às 16h30
Local: Arena da Baixada - Curitiba - PR
Transmissão: Globo, Rede Furacão
Ref: 282
Rodada: 29

2 x 2

Atlético Mineiro Saf
Vitória
Data: 05/10/2024 - sábado às 16h30
Local: ARENA MRV - Belo Horizonte - MG
Transmissão: Globo, Premiere
Ref: 283
Rodada: 29

0 x 2

Bahia
Flamengo
Data: 05/10/2024 - sábado às 19h00
Local: Arena Fonte Nova - Salvador - BA
Transmissão: Premiere
Ref: 289
Rodada: 29

2 x 0

Cuiabá Saf
São Paulo
Data: 05/10/2024 - sábado às 19h00
Local: Arena Pantanal - Cuiaba - MT
Transmissão: Premiere
Ref: 286
Rodada: 29

2 x 2

Corinthians
Internacional
Data: 05/10/2024 - sábado às 19h00
Local: Neo Química Arena - Sao Paulo - SP
Transmissão: Premiere
Ref: 285
Rodada: 29

1 x 1

Vasco da Gama S.a.f.
Juventude
Data: 05/10/2024 - sábado às 21h00
Local: São Januário - Rio de Janeiro - RJ
Transmissão: Premiere, SporTV
Ref: 297
Rodada: 30

3 x 0

São Paulo
Vasco da Gama S.a.f.
Data: 16/10/2024 - quarta-feira às 21h45
Local: Brinco de Ouro - Campinas - SP
Transmissão: Globo, Premiere
Ref: 298
Rodada: 30

1 x 1

Fortaleza
Atlético Mineiro Saf
Data: 16/10/2024 - quarta-feira às 21h45
Local: Arena Castelão - Fortaleza - CE
Transmissão: Globo, Premiere
Ref: 296
Rodada: 30

5 x 2

Corinthians
Athletico Paranaense
Data: 17/10/2024 - quinta-feira às 20h00
Local: Neo Química Arena - Sao Paulo - SP
Transmissão: Premiere
Ref: 294
Rodada: 30

0 x 2

Flamengo
Fluminense
Data: 17/10/2024 - quinta-feira às 20h00
Local: Maracanã - Rio de Janeiro - RJ
Transmissão: Premiere
Ref: 299
Rodada: 30

0 x 0

Atlético Goianiense Saf
Cuiabá Saf
Data: 18/10/2024 - sexta-feira às 19h00
Local: Antônio Accioly - Goiania - GO
Transmissão: Premiere
Ref: 295
Rodada: 30

1 x 1

Botafogo
Criciúma
Data: 18/10/2024 - sexta-feira às 20h00
Local: Maracanã - Rio de Janeiro - RJ
Transmissão: Premiere
Ref: 292
Rodada: 30

1 x 1

Cruzeiro Saf
Bahia
Data: 18/10/2024 - sexta-feira às 21h30
Local: Mineirão - Belo Horizonte - MG
Transmissão: Premiere, SporTV
Ref: 293
Rodada: 30

1 x 0

Vitória
Red Bull Bragantino
Data: 19/10/2024 - sábado às 16h00
Local: Manoel Barradas - Salvador - BA
Transmissão: Premiere
Ref: 291
Rodada: 30

1 x 0

Internacional
Grêmio
Data: 19/10/2024 - sábado às 16h00
Local: Beira-Rio - Porto Alegre - RS
Transmissão: Premiere
Ref: 300
Rodada: 30

3 x 5

Juventude
Palmeiras
Data: 20/10/2024 - domingo às 20h00
Local: Alfredo Jaconi - Caxias do Sul - RS
Transmissão: Premiere, SporTV
Ref: 303
Rodada: 31

2 x 1

Vitória
Fluminense
Data: 26/10/2024 - sábado às 16h30
Local: Manoel Barradas - Salvador - BA
Transmissão: Globo, Premiere
Ref: 301
Rodada: 31

3 x 1

Grêmio
Atlético Goianiense Saf
Data: 26/10/2024 - sábado às 16h30
Local: Arena do Grêmio - Porto Alegre - RS
Transmissão: Globo, Premiere
Ref: 304
Rodada: 31

4 x 2

Flamengo
Juventude
Data: 26/10/2024 - sábado às 16h30
Local: Maracanã - Rio de Janeiro - RJ
Transmissão: Globo, Premiere
Ref: 306
Rodada: 31

2 x 2

Palmeiras
Fortaleza
Data: 26/10/2024 - sábado às 16h30
Local: Allianz Parque - Sao Paulo - SP
Transmissão: Globo, Premiere
Ref: 308
Rodada: 31

3 x 0

Athletico Paranaense
Cruzeiro Saf
Data: 26/10/2024 - sábado às 18h30
Local: Arena da Baixada - Curitiba - PR
Transmissão: Rede Furacão
Ref: 307
Rodada: 31

0 x 1

Red Bull Bragantino
Botafogo
Data: 26/10/2024 - sábado às 19h00
Local: Nabi Abi Chedid - Braganca Paulista - SP
Transmissão: Premiere
Ref: 302
Rodada: 31

1 x 3

Atlético Mineiro Saf
Internacional
Data: 26/10/2024 - sábado às 19h00
Local: ARENA MRV - Belo Horizonte - MG
Transmissão: Premiere
Ref: 310
Rodada: 31

1 x 1

Criciúma
São Paulo
Data: 26/10/2024 - sábado às 21h00
Local: Heriberto Hulse - Criciuma - SC
Transmissão: Premiere, SporTV
Ref: 309
Rodada: 31

0 x 1

Cuiabá Saf
Corinthians
Data: 28/10/2024 - segunda-feira às 19h00
Local: Arena Pantanal - Cuiaba - MT
Transmissão: Premiere
Ref: 305
Rodada: 31

3 x 2

Vasco da Gama S.a.f.
Bahia
Data: 28/10/2024 - segunda-feira às 21h00
Local: São Januário - Rio de Janeiro - RJ
Transmissão: Premiere, SporTV
Ref: 314
Rodada: 32

2 x 2

Fluminense
Grêmio
Data: 01/11/2024 - sexta-feira às 21h00
Local: Maracanã - Rio de Janeiro - RJ
Transmissão: Premiere, SporTV
Ref: 317
Rodada: 32

0 x 0

Red Bull Bragantino
Cuiabá Saf
Data: 02/11/2024 - sábado às 16h00
Local: Nabi Abi Chedid - Braganca Paulista - SP
Transmissão: Premiere
Ref: 318
Rodada: 32

1 x 2

Athletico Paranaense
Vitória
Data: 02/11/2024 - sábado às 18h30
Local: Arena da Baixada - Curitiba - PR
Transmissão: Rede Furacão
Ref: 320
Rodada: 32

0 x 3

Juventude
Fortaleza
Data: 02/11/2024 - sábado às 18h30
Local: Alfredo Jaconi - Caxias do Sul - RS
Transmissão: Premiere
Ref: 316
Rodada: 32

2 x 0

Corinthians
Palmeiras
Data: 04/11/2024 - segunda-feira às 20h00
Local: Neo Química Arena - Sao Paulo - SP
Transmissão: Premiere, SporTV
Ref: 311
Rodada: 32

2 x 0

Internacional
Criciúma
Data: 05/11/2024 - terça-feira às 21h30
Local: Beira-Rio - Porto Alegre - RS
Transmissão: Globo, Premiere
Ref: 315
Rodada: 32

3 x 0

Botafogo
Vasco da Gama S.a.f.
Data: 05/11/2024 - terça-feira às 21h30
Local: Nilton Santos - Rio de Janeiro - RJ
Transmissão: Globo, Premiere
Ref: 313
Rodada: 32

0 x 3

Bahia
São Paulo
Data: 05/11/2024 - terça-feira às 21h30
Local: Arena Fonte Nova - Salvador - BA
Transmissão: Globo, Premiere
Ref: 319
Rodada: 32

1 x 0

Atlético Goianiense Saf
Atlético Mineiro Saf
Data: 06/11/2024 - quarta-feira às 21h00
Local: Antônio Accioly - Goiania - GO
Transmissão: Premiere
Ref: 312
Rodada: 32

0 x 1

Cruzeiro Saf
Flamengo
Data: 06/11/2024 - quarta-feira às 21h00
Local: Independência - Belo Horizonte - MG
Transmissão: Premiere
Ref: 321
Rodada: 33

2 x 0

Internacional
Fluminense
Data: 08/11/2024 - sexta-feira às 19h00
Local: Beira-Rio - Porto Alegre - RS
Transmissão: Premiere
Ref: 326
Rodada: 33

1 x 0

Palmeiras
Grêmio
Data: 08/11/2024 - sexta-feira às 21h30
Local: Allianz Parque - Sao Paulo - SP
Transmissão: Premiere, SporTV
Ref: 323
Rodada: 33

1 x 2

Vitória
Corinthians
Data: 09/11/2024 - sábado às 16h30
Local: Manoel Barradas - Salvador - BA
Transmissão: Globo, Premiere
Ref: 325
Rodada: 33

0 x 0

Botafogo
Cuiabá Saf
Data: 09/11/2024 - sábado às 16h30
Local: Nilton Santos - Rio de Janeiro - RJ
Transmissão: Globo, Premiere
Ref: 329
Rodada: 33

0 x 0

Atlético Goianiense Saf
Red Bull Bragantino
Data: 09/11/2024 - sábado às 19h00
Local: Antônio Accioly - Goiania - GO
Transmissão: Premiere
Ref: 330
Rodada: 33

2 x 1

Juventude
Bahia
Data: 09/11/2024 - sábado às 19h00
Local: Alfredo Jaconi - Caxias do Sul - RS
Transmissão: Premiere
Ref: 322
Rodada: 33

2 x 1

Cruzeiro Saf
Criciúma
Data: 09/11/2024 - sábado às 19h00
Local: Mineirão - Belo Horizonte - MG
Transmissão: Premiere
Ref: 328
Rodada: 33

3 x 0

Fortaleza
Vasco da Gama S.a.f.
Data: 09/11/2024 - sábado às 19h00
Local: Arena Castelão - Fortaleza - CE
Transmissão: Premiere
Ref: 327
Rodada: 33

2 x 1

São Paulo
Athletico Paranaense
Data: 09/11/2024 - sábado às 21h00
Local: Morumbi - Sao Paulo - SP
Transmissão: Premiere, SporTV
Ref: 324
Rodada: 33

0 x 0

Flamengo
Atlético Mineiro Saf
Data: 13/11/2024 - quarta-feira às 20h00
Local: Maracanã - Rio de Janeiro - RJ
Transmissão: Premiere
Ref: 336
Rodada: 34

2 x 1

Corinthians
Cruzeiro Saf
Data: 20/11/2024 - quarta-feira às 11h00
Local: Neo Química Arena - Sao Paulo - SP
Transmissão: Premiere
Ref: 337
Rodada: 34

1 x 1

Red Bull Bragantino
São Paulo
Data: 20/11/2024 - quarta-feira às 16h30
Local: Nabi Abi Chedid - Braganca Paulista - SP
Transmissão: Premiere
Ref: 338
Rodada: 34

2 x 0

Athletico Paranaense
Atlético Goianiense Saf
Data: 20/11/2024 - quarta-feira às 16h30
Local: Arena da Baixada - Curitiba - PR
Transmissão: Rede Furacão
Ref: 340
Rodada: 34

0 x 1

Criciúma
Vitória
Data: 20/11/2024 - quarta-feira às 16h30
Local: Heriberto Hulse - Criciuma - SC
Transmissão: Premiere
Ref: 333
Rodada: 34

1 x 2

Bahia
Palmeiras
Data: 20/11/2024 - quarta-feira às 18h00
Local: Arena Fonte Nova - Salvador - BA
Transmissão: Premiere
Ref: 339
Rodada: 34

1 x 2

Cuiabá Saf
Flamengo
Data: 20/11/2024 - quarta-feira às 19h00
Local: Arena Pantanal - Cuiaba - MT
Transmissão: Premiere
Ref: 331
Rodada: 34

2 x 2

Grêmio
Juventude
Data: 20/11/2024 - quarta-feira às 19h00
Local: Arena do Grêmio - Porto Alegre - RS
Transmissão: Premiere
Ref: 332
Rodada: 34

0 x 0

Atlético Mineiro Saf
Botafogo
Data: 20/11/2024 - quarta-feira às 21h30
Local: Independência - Belo Horizonte - MG
Transmissão: Premiere, SporTV
Ref: 335
Rodada: 34

0 x 1

Vasco da Gama S.a.f.
Internacional
Data: 21/11/2024 - quinta-feira às 20h00
Local: São Januário - Rio de Janeiro - RJ
Transmissão: Premiere
Ref: 334
Rodada: 34

2 x 2

Fluminense
Fortaleza
Data: 22/11/2024 - sexta-feira às 21h30
Local: Maracanã - Rio de Janeiro - RJ
Transmissão: Premiere, SporTV
Ref: 350
Rodada: 35

1 x 1

Juventude
Cuiabá Saf
Data: 23/11/2024 - sábado às 19h30
Local: Alfredo Jaconi - Caxias do Sul - RS
Transmissão: Premiere
Ref: 345
Rodada: 35

1 x 1

Botafogo
Vitória
Data: 23/11/2024 - sábado às 19h30
Local: Nilton Santos - Rio de Janeiro - RJ
Transmissão: Premiere
Ref: 349
Rodada: 35

0 x 1

Atlético Goianiense Saf
Palmeiras
Data: 23/11/2024 - sábado às 19h30
Local: Antônio Accioly - Goiania - GO
Transmissão: Premiere
Ref: 347
Rodada: 35

2 x 2

São Paulo
Atlético Mineiro Saf
Data: 23/11/2024 - sábado às 21h30
Local: Morumbi - Sao Paulo - SP
Transmissão: Premiere, SporTV
Ref: 346
Rodada: 35

3 x 1

Corinthians
Vasco da Gama S.a.f.
Data: 24/11/2024 - domingo às 16h00
Local: Neo Química Arena - Sao Paulo - SP
Transmissão: Globo, Premiere
Ref: 341
Rodada: 35

4 x 1

Internacional
Red Bull Bragantino
Data: 24/11/2024 - domingo às 16h00
Local: Beira-Rio - Porto Alegre - RS
Transmissão: Globo, Premiere
Ref: 343
Rodada: 35

1 x 1

Bahia
Athletico Paranaense
Data: 24/11/2024 - domingo às 16h00
Local: Arena Fonte Nova - Salvador - BA
Transmissão: Globo, Premiere
Ref: 344
Rodada: 35

0 x 0

Fluminense
Criciúma
Data: 26/11/2024 - terça-feira às 19h00
Local: Maracanã - Rio de Janeiro - RJ
Transmissão: Premiere
Ref: 348
Rodada: 35

0 x 0

Fortaleza
Flamengo
Data: 26/11/2024 - terça-feira às 20h00
Local: Arena Castelão - Fortaleza - CE
Transmissão: Premiere
Ref: 342
Rodada: 35

1 x 1

Cruzeiro Saf
Grêmio
Data: 27/11/2024 - quarta-feira às 21h00
Local: Mineirão - Belo Horizonte - MG
Transmissão: Premiere, SporTV
Ref: 356
Rodada: 36

1 x 3

Palmeiras
Botafogo
Data: 26/11/2024 - terça-feira às 21h30
Local: Allianz Parque - Sao Paulo - SP
Transmissão: Globo, Premiere
Ref: 352
Rodada: 36

2 x 3

Atlético Mineiro Saf
Juventude
Data: 26/11/2024 - terça-feira às 21h30
Local: Independência - Belo Horizonte - MG
Transmissão: Premiere
Ref: 359
Rodada: 36

1 x 2

Cuiabá Saf
Bahia
Data: 30/11/2024 - sábado às 19h30
Local: Arena Pantanal - Cuiaba - MT
Transmissão: Premiere
Ref: 360
Rodada: 36

2 x 4

Criciúma
Corinthians
Data: 30/11/2024 - sábado às 19h30
Local: Heriberto Hulse - Criciuma - SC
Transmissão: Premiere
Ref: 355
Rodada: 36

2 x 2

Vasco da Gama S.a.f.
Atlético Goianiense Saf
Data: 30/11/2024 - sábado às 21h30
Local: São Januário - Rio de Janeiro - RJ
Transmissão: Premiere, SporTV
Ref: 354
Rodada: 36

3 x 2

Flamengo
Internacional
Data: 01/12/2024 - domingo às 16h00
Local: Maracanã - Rio de Janeiro - RJ
Transmissão: Globo, Premiere
Ref: 351
Rodada: 36

2 x 1

Grêmio
São Paulo
Data: 01/12/2024 - domingo às 16h00
Local: Arena do Grêmio - Porto Alegre - RS
Transmissão: Globo, Premiere
Ref: 357
Rodada: 36

1 x 1

Red Bull Bragantino
Cruzeiro Saf
Data: 01/12/2024 - domingo às 18h30
Local: Nabi Abi Chedid - Braganca Paulista - SP
Transmissão: Premiere
Ref: 353
Rodada: 36

2 x 0

Vitória
Fortaleza
Data: 01/12/2024 - domingo às 18h30
Local: Manoel Barradas - Salvador - BA
Transmissão: Premiere, SporTV
Ref: 358
Rodada: 36

1 x 1

Athletico Paranaense
Fluminense
Data: 01/12/2024 - domingo às 18h30
Local: Arena da Baixada - Curitiba - PR
Transmissão: Rede Furacão
Ref: 366
Rodada: 37

3 x 0

Corinthians
Bahia
Data: 03/12/2024 - terça-feira às 20h00
Local: Neo Química Arena - Sao Paulo - SP
Transmissão: Premiere
Ref: 365
Rodada: 37

2 x 0

Vasco da Gama S.a.f.
Atlético Mineiro Saf
Data: 04/12/2024 - quarta-feira às 19h00
Local: São Januário - Rio de Janeiro - RJ
Transmissão: Premiere
Ref: 367
Rodada: 37

1 x 2

São Paulo
Juventude
Data: 04/12/2024 - quarta-feira às 20h00
Local: Morumbi - Sao Paulo - SP
Transmissão: Premiere
Ref: 363
Rodada: 37

1 x 1

Vitória
Grêmio
Data: 04/12/2024 - quarta-feira às 20h00
Local: Manoel Barradas - Salvador - BA
Transmissão: Premiere
Ref: 370
Rodada: 37

0 x 3

Criciúma
Flamengo
Data: 04/12/2024 - quarta-feira às 20h00
Local: Heriberto Hulse - Criciuma - SC
Transmissão: Premiere
Ref: 362
Rodada: 37

1 x 2

Cruzeiro Saf
Palmeiras
Data: 04/12/2024 - quarta-feira às 21h30
Local: Mineirão - Belo Horizonte - MG
Transmissão: Globo, Premiere
Ref: 361
Rodada: 37

0 x 1

Internacional
Botafogo
Data: 04/12/2024 - quarta-feira às 21h30
Local: Beira-Rio - Porto Alegre - RS
Transmissão: Globo, Premiere
Ref: 369
Rodada: 37

3 x 1

Atlético Goianiense Saf
Fortaleza
Data: 04/12/2024 - quarta-feira às 21h30
Local: Antônio Accioly - Goiania - GO
Transmissão: Globo, Premiere
Ref: 364
Rodada: 37

1 x 0

Fluminense
Cuiabá Saf
Data: 05/12/2024 - quinta-feira às 20h00
Local: Maracanã - Rio de Janeiro - RJ
Transmissão: Premiere, SporTV
Ref: 368
Rodada: 37

1 x 2

Athletico Paranaense
Red Bull Bragantino
Data: 05/12/2024 - quinta-feira às 20h00
Local: Arena da Baixada - Curitiba - PR
Transmissão: Rede Furacão
Ref: 379
Rodada: 38

1 x 2

Cuiabá Saf
Vasco da Gama S.a.f.
Data: 08/12/2024 - domingo às 16h00
Local: Arena Pantanal - Cuiaba - MT
Transmissão: Premiere
Ref: 378
Rodada: 38

3 x 0

Fortaleza
Internacional
Data: 08/12/2024 - domingo às 16h00
Local: Arena Castelão - Fortaleza - CE
Transmissão: Premiere
Ref: 380
Rodada: 38

0 x 1

Juventude
Cruzeiro Saf
Data: 08/12/2024 - domingo às 16h00
Local: Alfredo Jaconi - Caxias do Sul - RS
Transmissão: Premiere
Ref: 374
Rodada: 38

2 x 2

Flamengo
Vitória
Data: 08/12/2024 - domingo às 16h00
Local: Maracanã - Rio de Janeiro - RJ
Transmissão: Premiere
Ref: 371
Rodada: 38

0 x 3

Grêmio
Corinthians
Data: 08/12/2024 - domingo às 16h00
Local: Arena do Grêmio - Porto Alegre - RS
Transmissão: Premiere
Ref: 377
Rodada: 38

5 x 1

Red Bull Bragantino
Criciúma
Data: 08/12/2024 - domingo às 16h00
Local: Nabi Abi Chedid - Braganca Paulista - SP
Transmissão: Premiere
Ref: 376
Rodada: 38

0 x 1

Palmeiras
Fluminense
Data: 08/12/2024 - domingo às 16h00
Local: Allianz Parque - Sao Paulo - SP
Transmissão: Premiere
Ref: 375
Rodada: 38

2 x 1

Botafogo
São Paulo
Data: 08/12/2024 - domingo às 16h00
Local: Nilton Santos - Rio de Janeiro - RJ
Transmissão: Premiere
Ref: 372
Rodada: 38

1 x 0

Atlético Mineiro Saf
Athletico Paranaense
Data: 08/12/2024 - domingo às 16h00
Local: ARENA MRV - Belo Horizonte - MG
Transmissão: Premiere
Ref: 373
Rodada: 38

2 x 0

Bahia
Atlético Goianiense Saf
Data: 08/12/2024 - domingo às 16h00
Local: Arena Fonte Nova - Salvador - BA
Transmissão: Premiere
