Ref: 006
Rodada: 1

2 x 1

Cruzeiro Saf
Mirassol
Data: 29/03/2025 - sábado às 18h30
Local: Mineirão - Belo Horizonte - MG
Transmissão: Amazon Prime
Ref: 007
Rodada: 1

2 x 1

Grêmio
Atlético Mineiro Saf
Data: 29/03/2025 - sábado às 18h30
Local: Arena do Grêmio - Porto Alegre - RS
Transmissão: Premiere
Ref: 009
Rodada: 1

2 x 0

Fortaleza Ec Saf
Fluminense
Data: 29/03/2025 - sábado às 18h30
Local: Arena Castelão - Fortaleza - CE
Transmissão: Premiere
Ref: 010
Rodada: 1

2 x 0

Juventude
Vitória
Data: 29/03/2025 - sábado às 18h30
Local: Alfredo Jaconi - Caxias do Sul - RS
Transmissão: Premiere
Ref: 004
Rodada: 1

0 x 0

São Paulo
Sport Recife
Data: 29/03/2025 - sábado às 18h30
Local: Morumbi - Sao Paulo - SP
Transmissão: Premiere, SporTV
Ref: 001
Rodada: 1

1 x 1

Flamengo
Internacional
Data: 29/03/2025 - sábado às 21h00
Local: Maracanã - Rio de Janeiro - RJ
Transmissão: Premiere, SporTV
Ref: 003
Rodada: 1

0 x 0

Palmeiras
Botafogo
Data: 30/03/2025 - domingo às 16h00
Local: Allianz Parque - Sao Paulo - SP
Transmissão: Globo, Premiere
Ref: 002
Rodada: 1

2 x 1

Vasco da Gama S.a.f.
Santos Fc
Data: 30/03/2025 - domingo às 18h30
Local: São Januário - Rio de Janeiro - RJ
Transmissão: Cazé TV, Premiere, Record
Ref: 008
Rodada: 1

1 x 1

Bahia
Corinthians
Data: 30/03/2025 - domingo às 20h00
Local: Arena Fonte Nova - Salvador - BA
Transmissão: Premiere
Ref: 005
Rodada: 1

2 x 2

Red Bull Bragantino
Ceará
Data: 31/03/2025 - segunda-feira às 20h00
Local: Nabi Abi Chedid - Braganca Paulista - SP
Transmissão: Premiere
Ref: 019
Rodada: 2

2 x 0

Ceará
Grêmio
Data: 05/04/2025 - sábado às 18h30
Local: Arena Castelão - Fortaleza - CE
Transmissão: Premiere
Ref: 013
Rodada: 2

3 x 0

Corinthians
Vasco da Gama S.a.f.
Data: 05/04/2025 - sábado às 18h30
Local: Neo Química Arena - Sao Paulo - SP
Transmissão: Amazon Prime
Ref: 012
Rodada: 2

2 x 0

Botafogo
Juventude
Data: 05/04/2025 - sábado às 21h00
Local: Nilton Santos - Rio de Janeiro - RJ
Transmissão: Premiere, SporTV
Ref: 011
Rodada: 2

2 x 1

Fluminense
Red Bull Bragantino
Data: 06/04/2025 - domingo às 16h00
Local: Maracanã - Rio de Janeiro - RJ
Transmissão: Globo, Premiere
Ref: 016
Rodada: 2

0 x 0

Atlético Mineiro Saf
São Paulo
Data: 06/04/2025 - domingo às 16h00
Local: Mineirão - Belo Horizonte - MG
Transmissão: Globo, Premiere
Ref: 015
Rodada: 2

1 x 1

Mirassol
Fortaleza Ec Saf
Data: 06/04/2025 - domingo às 18h30
Local: José Maria de Campos Maia - Mirassol - SP
Transmissão: Premiere
Ref: 018
Rodada: 2

1 x 2

Vitória
Flamengo
Data: 06/04/2025 - domingo às 18h30
Local: Manoel Barradas - Salvador - BA
Transmissão: Premiere
Ref: 020
Rodada: 2

1 x 2

Sport Recife
Palmeiras
Data: 06/04/2025 - domingo às 18h30
Local: Ilha do Retiro - Recife - PE
Transmissão: Premiere, Record, Youtube
Ref: 017
Rodada: 2

3 x 0

Internacional
Cruzeiro Saf
Data: 06/04/2025 - domingo às 18h30
Local: Beira-Rio - Porto Alegre - RS
Transmissão: Premiere
Ref: 014
Rodada: 2

2 x 2

Santos Fc
Bahia
Data: 06/04/2025 - domingo às 20h30
Local: Vila Belmiro - Santos - SP
Transmissão: Premiere, SporTV
Ref: 030
Rodada: 3

2 x 1

Juventude
Ceará
Data: 12/04/2025 - sábado às 16h00
Local: Alfredo Jaconi - Caxias do Sul - RS
Transmissão: Premiere
Ref: 025
Rodada: 3

1 x 0

Red Bull Bragantino
Botafogo
Data: 12/04/2025 - sábado às 16h00
Local: Nabi Abi Chedid - Braganca Paulista - SP
Transmissão: Premiere
Ref: 023
Rodada: 3

2 x 0

Palmeiras
Corinthians
Data: 12/04/2025 - sábado às 18h30
Local: Arena Barueri - Barueri - SP
Transmissão: Premiere
Ref: 022
Rodada: 3

3 x 1

Vasco da Gama S.a.f.
Sport Recife
Data: 12/04/2025 - sábado às 21h00
Local: São Januário - Rio de Janeiro - RJ
Transmissão: Premiere, SporTV
Ref: 028
Rodada: 3

1 x 1

Bahia
Mirassol
Data: 13/04/2025 - domingo às 16h00
Local: Arena Fonte Nova - Salvador - BA
Transmissão: Premiere
Ref: 024
Rodada: 3

1 x 1

São Paulo
Cruzeiro Saf
Data: 13/04/2025 - domingo às 17h30
Local: Morumbi - Sao Paulo - SP
Transmissão: Globo, Premiere
Ref: 027
Rodada: 3

0 x 2

Grêmio
Flamengo
Data: 13/04/2025 - domingo às 17h30
Local: Arena do Grêmio - Porto Alegre - RS
Transmissão: Globo, Premiere
Ref: 021
Rodada: 3

1 x 0

Fluminense
Santos Fc
Data: 13/04/2025 - domingo às 19h30
Local: Maracanã - Rio de Janeiro - RJ
Transmissão: Amazon Prime
Ref: 029
Rodada: 3

0 x 0

Fortaleza Ec Saf
Internacional
Data: 13/04/2025 - domingo às 20h00
Local: Arena Castelão - Fortaleza - CE
Transmissão: Cazé TV, Premiere, Record
Ref: 026
Rodada: 3

2 x 2

Atlético Mineiro Saf
Vitória
Data: 13/04/2025 - domingo às 20h30
Local: Mineirão - Belo Horizonte - MG
Transmissão: Premiere, SporTV
Ref: 039
Rodada: 4

2 x 1

Ceará
Vasco da Gama S.a.f.
Data: 15/04/2025 - terça-feira às 21h30
Local: Arena Castelão - Fortaleza - CE
Transmissão: Premiere, SporTV
Ref: 032
Rodada: 4

2 x 2

Botafogo
São Paulo
Data: 16/04/2025 - quarta-feira às 18h30
Local: Nilton Santos - Rio de Janeiro - RJ
Transmissão: Premiere
Ref: 035
Rodada: 4

4 x 1

Mirassol
Grêmio
Data: 16/04/2025 - quarta-feira às 19h00
Local: José Maria de Campos Maia - Mirassol - SP
Transmissão: Premiere
Ref: 040
Rodada: 4

0 x 1

Sport Recife
Red Bull Bragantino
Data: 16/04/2025 - quarta-feira às 19h00
Local: Ilha do Retiro - Recife - PE
Transmissão: Premiere
Ref: 037
Rodada: 4

0 x 1

Internacional
Palmeiras
Data: 16/04/2025 - quarta-feira às 19h30
Local: Beira-Rio - Porto Alegre - RS
Transmissão: Amazon Prime
Ref: 033
Rodada: 4

0 x 2

Corinthians
Fluminense
Data: 16/04/2025 - quarta-feira às 19h30
Local: Neo Química Arena - Sao Paulo - SP
Transmissão: Cazé TV, Premiere, Record
Ref: 031
Rodada: 4

6 x 0

Flamengo
Juventude
Data: 16/04/2025 - quarta-feira às 21h30
Local: Maracanã - Rio de Janeiro - RJ
Transmissão: Globo, Premiere
Ref: 038
Rodada: 4

2 x 1

Vitória
Fortaleza Ec Saf
Data: 16/04/2025 - quarta-feira às 21h30
Local: Manoel Barradas - Salvador - BA
Transmissão: Globo, Premiere
Ref: 034
Rodada: 4

2 x 0

Santos Fc
Atlético Mineiro Saf
Data: 16/04/2025 - quarta-feira às 21h30
Local: Vila Belmiro - Santos - SP
Transmissão: Globo, Premiere
Ref: 036
Rodada: 4

3 x 0

Cruzeiro Saf
Bahia
Data: 17/04/2025 - quinta-feira às 21h30
Local: Mineirão - Belo Horizonte - MG
Transmissão: Premiere
Ref: 043
Rodada: 5

2 x 1

Corinthians
Sport Recife
Data: 19/04/2025 - sábado às 16h00
Local: Neo Química Arena - Sao Paulo - SP
Transmissão: Premiere
Ref: 042
Rodada: 5

0 x 0

Vasco da Gama S.a.f.
Flamengo
Data: 19/04/2025 - sábado às 18h30
Local: Maracanã - Rio de Janeiro - RJ
Transmissão: Amazon Prime
Ref: 047
Rodada: 5

1 x 1

Grêmio
Internacional
Data: 19/04/2025 - sábado às 21h00
Local: Arena do Grêmio - Porto Alegre - RS
Transmissão: Premiere, SporTV
Ref: 050
Rodada: 5

2 x 2

Juventude
Mirassol
Data: 20/04/2025 - domingo às 11h00
Local: Alfredo Jaconi - Caxias do Sul - RS
Transmissão: Premiere
Ref: 044
Rodada: 5

2 x 1

São Paulo
Santos Fc
Data: 20/04/2025 - domingo às 16h00
Local: Morumbi - Sao Paulo - SP
Transmissão: Globo, Premiere
Ref: 046
Rodada: 5

1 x 0

Atlético Mineiro Saf
Botafogo
Data: 20/04/2025 - domingo às 16h00
Local: Mineirão - Belo Horizonte - MG
Transmissão: Globo, Premiere
Ref: 041
Rodada: 5

1 x 1

Fluminense
Vitória
Data: 20/04/2025 - domingo às 18h30
Local: Maracanã - Rio de Janeiro - RJ
Transmissão: Premiere
Ref: 049
Rodada: 5

1 x 2

Fortaleza Ec Saf
Palmeiras
Data: 20/04/2025 - domingo às 18h30
Local: Arena Castelão - Fortaleza - CE
Transmissão: Cazé TV, Premiere, Record
Ref: 045
Rodada: 5

1 x 0

Red Bull Bragantino
Cruzeiro Saf
Data: 20/04/2025 - domingo às 20h30
Local: Nabi Abi Chedid - Braganca Paulista - SP
Transmissão: Premiere
Ref: 048
Rodada: 5

1 x 0

Bahia
Ceará
Data: 21/04/2025 - segunda-feira às 20h00
Local: Arena Fonte Nova - Salvador - BA
Transmissão: Premiere, SporTV
Ref: 057
Rodada: 6

3 x 1

Internacional
Juventude
Data: 26/04/2025 - sábado às 16h00
Local: Beira-Rio - Porto Alegre - RS
Transmissão: Premiere
Ref: 055
Rodada: 6

2 x 2

Mirassol
Atlético Mineiro Saf
Data: 26/04/2025 - sábado às 18h30
Local: José Maria de Campos Maia - Mirassol - SP
Transmissão: Premiere
Ref: 059
Rodada: 6

1 x 1

Ceará
São Paulo
Data: 26/04/2025 - sábado às 18h30
Local: Arena Castelão - Fortaleza - CE
Transmissão: Amazon Prime
Ref: 060
Rodada: 6

0 x 0

Sport Recife
Fortaleza Ec Saf
Data: 26/04/2025 - sábado às 20h00
Local: Ilha do Retiro - Recife - PE
Transmissão: Premiere
Ref: 052
Rodada: 6

2 x 0

Botafogo
Fluminense
Data: 26/04/2025 - sábado às 21h00
Local: Nilton Santos - Rio de Janeiro - RJ
Transmissão: Premiere, SporTV
Ref: 051
Rodada: 6

4 x 0

Flamengo
Corinthians
Data: 27/04/2025 - domingo às 16h00
Local: Maracanã - Rio de Janeiro - RJ
Transmissão: Globo, Premiere
Ref: 053
Rodada: 6

0 x 1

Palmeiras
Bahia
Data: 27/04/2025 - domingo às 18h30
Local: Allianz Parque - Sao Paulo - SP
Transmissão: Premiere
Ref: 056
Rodada: 6

1 x 0

Cruzeiro Saf
Vasco da Gama S.a.f.
Data: 27/04/2025 - domingo às 18h30
Local: Parque do Sabiá - Uberlandia - MG
Transmissão: Cazé TV, Premiere, Record
Ref: 058
Rodada: 6

1 x 1

Vitória
Grêmio
Data: 27/04/2025 - domingo às 18h30
Local: Manoel Barradas - Salvador - BA
Transmissão: Premiere
Ref: 054
Rodada: 6

1 x 2

Santos Fc
Red Bull Bragantino
Data: 27/04/2025 - domingo às 20h30
Local: Vila Belmiro - Santos - SP
Transmissão: Premiere, SporTV
Ref: 064
Rodada: 7

0 x 0

São Paulo
Fortaleza Ec Saf
Data: 02/05/2025 - sexta-feira às 21h30
Local: Morumbi - Sao Paulo - SP
Transmissão: Premiere
Ref: 069
Rodada: 7

1 x 0

Ceará
Vitória
Data: 03/05/2025 - sábado às 18h30
Local: Presidente Vargas - Fortaleza - CE
Transmissão: Premiere
Ref: 061
Rodada: 7

2 x 1

Fluminense
Sport Recife
Data: 03/05/2025 - sábado às 18h30
Local: Maracanã - Rio de Janeiro - RJ
Transmissão: Premiere
Ref: 063
Rodada: 7

4 x 2

Corinthians
Internacional
Data: 03/05/2025 - sábado às 18h30
Local: Neo Química Arena - Sao Paulo - SP
Transmissão: Amazon Prime
Ref: 068
Rodada: 7

1 x 0

Bahia
Botafogo
Data: 03/05/2025 - sábado às 21h00
Local: Arena Fonte Nova - Salvador - BA
Transmissão: Premiere, SporTV
Ref: 062
Rodada: 7

0 x 1

Vasco da Gama S.a.f.
Palmeiras
Data: 04/05/2025 - domingo às 16h00
Local: Mané Garrincha - Brasilia - DF
Transmissão: Globo, Premiere
Ref: 067
Rodada: 7

1 x 0

Grêmio
Santos Fc
Data: 04/05/2025 - domingo às 16h00
Local: Arena do Grêmio - Porto Alegre - RS
Transmissão: Globo, Premiere
Ref: 066
Rodada: 7

2 x 1

Cruzeiro Saf
Flamengo
Data: 04/05/2025 - domingo às 18h30
Local: Mineirão - Belo Horizonte - MG
Transmissão: Cazé TV, Premiere, Record
Ref: 065
Rodada: 7

1 x 0

Red Bull Bragantino
Mirassol
Data: 05/05/2025 - segunda-feira às 19h00
Local: Cícero de Souza Marques - Braganca Paulista - SP
Transmissão: Premiere
Ref: 070
Rodada: 7

0 x 1

Juventude
Atlético Mineiro Saf
Data: 05/05/2025 - segunda-feira às 20h00
Local: Alfredo Jaconi - Caxias do Sul - RS
Transmissão: Premiere, SporTV
Ref: 079
Rodada: 8

5 x 0

Fortaleza Ec Saf
Juventude
Data: 10/05/2025 - sábado às 16h00
Local: Presidente Vargas - Fortaleza - CE
Transmissão: Premiere
Ref: 075
Rodada: 8

2 x 1

Mirassol
Corinthians
Data: 10/05/2025 - sábado às 18h30
Local: José Maria de Campos Maia - Mirassol - SP
Transmissão: Amazon Prime
Ref: 078
Rodada: 8

2 x 1

Vitória
Vasco da Gama S.a.f.
Data: 10/05/2025 - sábado às 18h30
Local: Manoel Barradas - Salvador - BA
Transmissão: Premiere
Ref: 077
Rodada: 8

1 x 1

Grêmio
Red Bull Bragantino
Data: 10/05/2025 - sábado às 18h30
Local: Arena do Grêmio - Porto Alegre - RS
Transmissão: Premiere
Ref: 071
Rodada: 8

1 x 0

Flamengo
Bahia
Data: 10/05/2025 - sábado às 21h00
Local: Maracanã - Rio de Janeiro - RJ
Transmissão: Premiere, SporTV
Ref: 080
Rodada: 8

0 x 4

Sport Recife
Cruzeiro Saf
Data: 11/05/2025 - domingo às 16h00
Local: Ilha do Retiro - Recife - PE
Transmissão: Premiere
Ref: 073
Rodada: 8

1 x 0

Palmeiras
São Paulo
Data: 11/05/2025 - domingo às 17h30
Local: Arena Barueri - Barueri - SP
Transmissão: Globo, Premiere
Ref: 076
Rodada: 8

3 x 2

Atlético Mineiro Saf
Fluminense
Data: 11/05/2025 - domingo às 17h30
Local: ARENA MRV - Belo Horizonte - MG
Transmissão: Globo, Premiere
Ref: 072
Rodada: 8

4 x 0

Botafogo
Internacional
Data: 11/05/2025 - domingo às 20h00
Local: Nilton Santos - Rio de Janeiro - RJ
Transmissão: Cazé TV, Premiere, Record
Ref: 074
Rodada: 8

0 x 0

Santos Fc
Ceará
Data: 12/05/2025 - segunda-feira às 20h00
Local: Allianz Parque - Sao Paulo - SP
Transmissão: Premiere, SporTV
Ref: 089
Rodada: 9

2 x 0

Ceará
Sport Recife
Data: 17/05/2025 - sábado às 16h00
Local: Arena Castelão - Fortaleza - CE
Transmissão: Premiere
Ref: 082
Rodada: 9

3 x 0

Vasco da Gama S.a.f.
Fortaleza Ec Saf
Data: 17/05/2025 - sábado às 18h30
Local: São Januário - Rio de Janeiro - RJ
Transmissão: Cazé TV, Premiere, Record
Ref: 084
Rodada: 9

2 x 1

São Paulo
Grêmio
Data: 17/05/2025 - sábado às 21h00
Local: Morumbi - Sao Paulo - SP
Transmissão: Premiere, SporTV
Ref: 088
Rodada: 9

2 x 1

Bahia
Vitória
Data: 18/05/2025 - domingo às 16h00
Local: Arena Fonte Nova - Salvador - BA
Transmissão: Globo, Premiere
Ref: 083
Rodada: 9

1 x 0

Corinthians
Santos Fc
Data: 18/05/2025 - domingo às 16h00
Local: Neo Química Arena - Sao Paulo - SP
Transmissão: Globo, Premiere
Ref: 090
Rodada: 9

1 x 1

Juventude
Fluminense
Data: 18/05/2025 - domingo às 16h00
Local: Alfredo Jaconi - Caxias do Sul - RS
Transmissão: Globo, Premiere
Ref: 081
Rodada: 9

0 x 0

Flamengo
Botafogo
Data: 18/05/2025 - domingo às 18h30
Local: Maracanã - Rio de Janeiro - RJ
Transmissão: Premiere
Ref: 085
Rodada: 9

1 x 2

Red Bull Bragantino
Palmeiras
Data: 18/05/2025 - domingo às 18h30
Local: Cícero de Souza Marques - Braganca Paulista - SP
Transmissão: Premiere
Ref: 086
Rodada: 9

0 x 0

Cruzeiro Saf
Atlético Mineiro Saf
Data: 18/05/2025 - domingo às 20h30
Local: Mineirão - Belo Horizonte - MG
Transmissão: Amazon Prime
Ref: 087
Rodada: 9

1 x 1

Internacional
Mirassol
Data: 18/05/2025 - domingo às 20h30
Local: Beira-Rio - Porto Alegre - RS
Transmissão: Premiere, SporTV
Ref: 094
Rodada: 10

0 x 2

São Paulo
Mirassol
Data: 24/05/2025 - sábado às 18h30
Local: Morumbi - Sao Paulo - SP
Transmissão: Premiere
Ref: 091
Rodada: 10

2 x 1

Fluminense
Vasco da Gama S.a.f.
Data: 24/05/2025 - sábado às 18h30
Local: Maracanã - Rio de Janeiro - RJ
Transmissão: Cazé TV, Premiere, Record
Ref: 096
Rodada: 10

0 x 0

Atlético Mineiro Saf
Corinthians
Data: 24/05/2025 - sábado às 21h00
Local: ARENA MRV - Belo Horizonte - MG
Transmissão: Premiere, SporTV
Ref: 097
Rodada: 10

1 x 0

Grêmio
Bahia
Data: 25/05/2025 - domingo às 11h00
Local: Arena do Grêmio - Porto Alegre - RS
Transmissão: Premiere
Ref: 100
Rodada: 10

1 x 1

Sport Recife
Internacional
Data: 25/05/2025 - domingo às 16h00
Local: Ilha do Retiro - Recife - PE
Transmissão: Globo, Premiere
Ref: 093
Rodada: 10

0 x 2

Palmeiras
Flamengo
Data: 25/05/2025 - domingo às 16h00
Local: Allianz Parque - Sao Paulo - SP
Transmissão: Globo, Premiere
Ref: 098
Rodada: 10

0 x 1

Vitória
Santos Fc
Data: 25/05/2025 - domingo às 18h30
Local: Manoel Barradas - Salvador - BA
Transmissão: Premiere
Ref: 099
Rodada: 10

0 x 2

Fortaleza Ec Saf
Cruzeiro Saf
Data: 25/05/2025 - domingo às 20h30
Local: Arena Castelão - Fortaleza - CE
Transmissão: Premiere, SporTV
Ref: 095
Rodada: 10

1 x 0

Red Bull Bragantino
Juventude
Data: 26/05/2025 - segunda-feira às 20h00
Local: Cícero de Souza Marques - Braganca Paulista - SP
Transmissão: Premiere
Ref: 092
Rodada: 10

3 x 2

Botafogo
Ceará
Data: 04/06/2025 - quarta-feira às 20h00
Local: Nilton Santos - Rio de Janeiro - RJ
Transmissão: Amazon Prime
Ref: 108
Rodada: 11

2 x 1

Bahia
São Paulo
Data: 31/05/2025 - sábado às 18h30
Local: Arena Fonte Nova - Salvador - BA
Transmissão: Premiere
Ref: 102
Rodada: 11

0 x 2

Vasco da Gama S.a.f.
Red Bull Bragantino
Data: 31/05/2025 - sábado às 21h00
Local: São Januário - Rio de Janeiro - RJ
Transmissão: Premiere, SporTV
Ref: 105
Rodada: 11

1 x 0

Mirassol
Sport Recife
Data: 01/06/2025 - domingo às 11h00
Local: José Maria de Campos Maia - Mirassol - SP
Transmissão: Premiere
Ref: 110
Rodada: 11

0 x 2

Juventude
Grêmio
Data: 01/06/2025 - domingo às 16h00
Local: Alfredo Jaconi - Caxias do Sul - RS
Transmissão: Globo, Premiere
Ref: 104
Rodada: 11

0 x 1

Santos Fc
Botafogo
Data: 01/06/2025 - domingo às 16h00
Local: Vila Belmiro - Santos - SP
Transmissão: Globo, Premiere
Ref: 109
Rodada: 11

0 x 1

Ceará
Atlético Mineiro Saf
Data: 01/06/2025 - domingo às 18h30
Local: Arena Castelão - Fortaleza - CE
Transmissão: Premiere
Ref: 103
Rodada: 11

0 x 0

Corinthians
Vitória
Data: 01/06/2025 - domingo às 18h30
Local: Neo Química Arena - Sao Paulo - SP
Transmissão: Cazé TV, Premiere, Record
Ref: 101
Rodada: 11

5 x 0

Flamengo
Fortaleza Ec Saf
Data: 01/06/2025 - domingo às 18h30
Local: Maracanã - Rio de Janeiro - RJ
Transmissão: Premiere
Ref: 106
Rodada: 11

2 x 1

Cruzeiro Saf
Palmeiras
Data: 01/06/2025 - domingo às 19h30
Local: Mineirão - Belo Horizonte - MG
Transmissão: Amazon Prime
Ref: 107
Rodada: 11

0 x 2

Internacional
Fluminense
Data: 01/06/2025 - domingo às 20h30
Local: Beira-Rio - Porto Alegre - RS
Transmissão: Premiere, SporTV
Ref: 115
Rodada: 12

0 x 3

Red Bull Bragantino
Bahia
Data: 12/06/2025 - quinta-feira às 19h00
Local: Cícero de Souza Marques - Braganca Paulista - SP
Transmissão: Premiere
Ref: 118
Rodada: 12

0 x 0

Vitória
Cruzeiro Saf
Data: 12/06/2025 - quinta-feira às 19h00
Local: Manoel Barradas - Salvador - BA
Transmissão: Premiere, SporTV
Ref: 119
Rodada: 12

2 x 3

Fortaleza Ec Saf
Santos Fc
Data: 12/06/2025 - quinta-feira às 19h30
Local: Arena Castelão - Fortaleza - CE
Transmissão: Cazé TV, Premiere, Record
Ref: 117
Rodada: 12

1 x 1

Grêmio
Corinthians
Data: 12/06/2025 - quinta-feira às 20h00
Local: Arena do Grêmio - Porto Alegre - RS
Transmissão: Premiere
Ref: 114
Rodada: 12

1 x 3

São Paulo
Vasco da Gama S.a.f.
Data: 12/06/2025 - quinta-feira às 21h30
Local: Morumbi - Sao Paulo - SP
Transmissão: Globo, Premiere
Ref: 116
Rodada: 12

2 x 0

Atlético Mineiro Saf
Internacional
Data: 12/06/2025 - quinta-feira às 21h30
Local: ARENA MRV - Belo Horizonte - MG
Transmissão: Globo, Premiere
Ref: 112
Rodada: 12

3 x 3

Botafogo
Mirassol
Data: 17/09/2025 - quarta-feira às 19h30
Local: Nilton Santos - Rio de Janeiro - RJ
Ref: 113
Rodada: 12

4 x 1

Palmeiras
Juventude
Data: 11/10/2025 - sábado às 19h00
Local: Allianz Parque - Sao Paulo - SP
Ref: 111
Rodada: 12

1 x 0

Fluminense
Ceará
Data: 29/10/2025 - quarta-feira às 19h00
Local: Maracanã - Rio de Janeiro - RJ
Ref: 120
Rodada: 12

x

Sport Recife
Flamengo
Data: 15/11/2025 - sábado às 18h30
Local: Arena Pernambuco - São Lourenço da Mata - PE
Ref: 121
Rodada: 13

2 x 0

Flamengo
São Paulo
Data: 12/07/2025 - sábado às 16h30
Local: Maracanã - Rio de Janeiro - RJ
Transmissão: Globo, Premiere
Ref: 127
Rodada: 13

1 x 0

Internacional
Vitória
Data: 12/07/2025 - sábado às 16h30
Local: Beira-Rio - Porto Alegre - RS
Transmissão: Globo, Premiere
Ref: 122
Rodada: 13

0 x 2

Vasco da Gama S.a.f.
Botafogo
Data: 12/07/2025 - sábado às 18h30
Local: Mané Garrincha - Brasilia - DF
Transmissão: Premiere
Ref: 128
Rodada: 13

2 x 1

Bahia
Atlético Mineiro Saf
Data: 12/07/2025 - sábado às 21h00
Local: Arena Fonte Nova - Salvador - BA
Transmissão: Premiere, SporTV
Ref: 123
Rodada: 13

1 x 2

Corinthians
Red Bull Bragantino
Data: 13/07/2025 - domingo às 19h00
Local: Neo Química Arena - Sao Paulo - SP
Transmissão: Cazé TV, Premiere, Record
Ref: 126
Rodada: 13

4 x 1

Cruzeiro Saf
Grêmio
Data: 13/07/2025 - domingo às 20h30
Local: Mineirão - Belo Horizonte - MG
Transmissão: Amazon Prime
Ref: 129
Rodada: 13

0 x 1

Fortaleza Ec Saf
Ceará
Data: 13/07/2025 - domingo às 20h30
Local: Arena Castelão - Fortaleza - CE
Transmissão: Premiere
Ref: 130
Rodada: 13

2 x 0

Juventude
Sport Recife
Data: 14/07/2025 - segunda-feira às 20h00
Local: Alfredo Jaconi - Caxias do Sul - RS
Transmissão: Premiere
Ref: 125
Rodada: 13

2 x 1

Mirassol
Fluminense
Data: 08/10/2025 - quarta-feira às 21h00
Local: José Maria de Campos Maia - Mirassol - SP
Transmissão: Premiere
Ref: 124
Rodada: 13

x

Santos Fc
Palmeiras
Data: 15/11/2025 - sábado às 21h00
Local: Vila Belmiro - Santos - SP
Ref: 133
Rodada: 14

1 x 1

Palmeiras
Mirassol
Data: 16/07/2025 - quarta-feira às 19h00
Local: Allianz Parque - Sao Paulo - SP
Transmissão: Premiere
Ref: 139
Rodada: 14

0 x 1

Ceará
Corinthians
Data: 16/07/2025 - quarta-feira às 19h30
Local: Arena Castelão - Fortaleza - CE
Transmissão: Amazon Prime
Ref: 134
Rodada: 14

1 x 0

Santos Fc
Flamengo
Data: 16/07/2025 - quarta-feira às 20h00
Local: Vila Belmiro - Santos - SP
Transmissão: Premiere
Ref: 132
Rodada: 14

0 x 0

Botafogo
Vitória
Data: 16/07/2025 - quarta-feira às 21h30
Local: Nilton Santos - Rio de Janeiro - RJ
Transmissão: Globo, Premiere, SporTV
Ref: 135
Rodada: 14

2 x 2

Red Bull Bragantino
São Paulo
Data: 16/07/2025 - quarta-feira às 21h30
Local: Cícero de Souza Marques - Braganca Paulista - SP
Transmissão: Globo, Premiere
Ref: 131
Rodada: 14

0 x 2

Fluminense
Cruzeiro Saf
Data: 17/07/2025 - quinta-feira às 19h30
Local: Maracanã - Rio de Janeiro - RJ
Transmissão: Cazé TV, Premiere, Record
Ref: 137
Rodada: 14

2 x 1

Grêmio
Fortaleza Ec Saf
Data: 29/07/2025 - terça-feira às 20h30
Local: Arena do Grêmio - Porto Alegre - RS
Transmissão: Premiere
Ref: 140
Rodada: 14

2 x 0

Juventude
Vasco da Gama S.a.f.
Data: 20/08/2025 - quarta-feira às 19h00
Local: Alfredo Jaconi - Caxias do Sul - RS
Ref: 136
Rodada: 14

3 x 1

Atlético Mineiro Saf
Sport Recife
Data: 08/10/2025 - quarta-feira às 19h00
Local: ARENA MRV - Belo Horizonte - MG
Transmissão: Premiere
Ref: 138
Rodada: 14

1 x 0

Bahia
Internacional
Data: 22/10/2025 - quarta-feira às 19h00
Local: Arena Fonte Nova - Salvador - BA
Transmissão: Premiere
Ref: 149
Rodada: 15

1 x 1

Fortaleza Ec Saf
Bahia
Data: 19/07/2025 - sábado às 16h00
Local: Arena Castelão - Fortaleza - CE
Transmissão: Premiere
Ref: 142
Rodada: 15

1 x 1

Vasco da Gama S.a.f.
Grêmio
Data: 19/07/2025 - sábado às 17h30
Local: São Januário - Rio de Janeiro - RJ
Transmissão: Amazon Prime
Ref: 145
Rodada: 15

3 x 0

Mirassol
Santos Fc
Data: 19/07/2025 - sábado às 18h30
Local: José Maria de Campos Maia - Mirassol - SP
Transmissão: Cazé TV, Premiere, Record
Ref: 144
Rodada: 15

2 x 0

São Paulo
Corinthians
Data: 19/07/2025 - sábado às 21h00
Local: Morumbi - Sao Paulo - SP
Transmissão: Premiere, SporTV
Ref: 147
Rodada: 15

1 x 0

Internacional
Ceará
Data: 20/07/2025 - domingo às 11h00
Local: Beira-Rio - Porto Alegre - RS
Transmissão: Premiere
Ref: 148
Rodada: 15

1 x 0

Vitória
Red Bull Bragantino
Data: 20/07/2025 - domingo às 16h00
Local: Manoel Barradas - Salvador - BA
Transmissão: Premiere
Ref: 146
Rodada: 15

4 x 0

Cruzeiro Saf
Juventude
Data: 20/07/2025 - domingo às 16h00
Local: Mineirão - Belo Horizonte - MG
Transmissão: Premiere, SporTV
Ref: 143
Rodada: 15

3 x 2

Palmeiras
Atlético Mineiro Saf
Data: 20/07/2025 - domingo às 17h30
Local: Allianz Parque - Sao Paulo - SP
Transmissão: Globo, Premiere
Ref: 150
Rodada: 15

0 x 1

Sport Recife
Botafogo
Data: 20/07/2025 - domingo às 17h30
Local: Ilha do Retiro - Recife - PE
Transmissão: Globo, Premiere
Ref: 141
Rodada: 15

1 x 0

Flamengo
Fluminense
Data: 20/07/2025 - domingo às 19h30
Local: Maracanã - Rio de Janeiro - RJ
Transmissão: Premiere
Ref: 156
Rodada: 16

x

Atlético Mineiro Saf
Fortaleza Ec Saf
Data: Não definido
Local: - -
Ref: 151
Rodada: 16

1 x 2

Fluminense
Palmeiras
Data: 23/07/2025 - quarta-feira às 19h00
Local: Maracanã - Rio de Janeiro - RJ
Transmissão: Premiere, SporTV
Ref: 159
Rodada: 16

0 x 2

Ceará
Mirassol
Data: 23/07/2025 - quarta-feira às 19h00
Local: Arena Castelão - Fortaleza - CE
Transmissão: Premiere
Ref: 153
Rodada: 16

0 x 0

Corinthians
Cruzeiro Saf
Data: 23/07/2025 - quarta-feira às 19h30
Local: Neo Química Arena - Sao Paulo - SP
Transmissão: Cazé TV, Premiere, Record
Ref: 154
Rodada: 16

1 x 2

Santos Fc
Internacional
Data: 23/07/2025 - quarta-feira às 21h30
Local: Vila Belmiro - Santos - SP
Transmissão: Globo, Premiere
Ref: 155
Rodada: 16

1 x 2

Red Bull Bragantino
Flamengo
Data: 23/07/2025 - quarta-feira às 21h30
Local: Cícero de Souza Marques - Braganca Paulista - SP
Transmissão: Globo, Premiere
Ref: 158
Rodada: 16

2 x 2

Vitória
Sport Recife
Data: 23/07/2025 - quarta-feira às 21h30
Local: Manoel Barradas - Salvador - BA
Transmissão: Globo, Premiere
Ref: 160
Rodada: 16

0 x 1

Juventude
São Paulo
Data: 24/07/2025 - quinta-feira às 19h00
Local: Alfredo Jaconi - Caxias do Sul - RS
Transmissão: Premiere
Ref: 157
Rodada: 16

1 x 1

Grêmio
Botafogo
Data: 24/09/2025 - quarta-feira às 19h30
Local: Arena do Grêmio - Porto Alegre - RS
Ref: 152
Rodada: 16

3 x 1

Vasco da Gama S.a.f.
Bahia
Data: 24/09/2025 - quarta-feira às 19h30
Local: São Januário - Rio de Janeiro - RJ
Ref: 169
Rodada: 17

3 x 1

Fortaleza Ec Saf
Red Bull Bragantino
Data: 26/07/2025 - sábado às 18h30
Local: Arena Castelão - Fortaleza - CE
Transmissão: Premiere
Ref: 170
Rodada: 17

2 x 2

Sport Recife
Santos Fc
Data: 26/07/2025 - sábado às 18h30
Local: Ilha do Retiro - Recife - PE
Transmissão: Premiere
Ref: 162
Rodada: 17

1 x 1

Botafogo
Corinthians
Data: 26/07/2025 - sábado às 18h30
Local: Nilton Santos - Rio de Janeiro - RJ
Transmissão: Amazon Prime
Ref: 165
Rodada: 17

1 x 1

Mirassol
Vitória
Data: 26/07/2025 - sábado às 18h30
Local: José Maria de Campos Maia - Mirassol - SP
Transmissão: Premiere
Ref: 163
Rodada: 17

1 x 0

Palmeiras
Grêmio
Data: 26/07/2025 - sábado às 21h00
Local: Allianz Parque - Sao Paulo - SP
Transmissão: Premiere, SporTV
Ref: 164
Rodada: 17

3 x 1

São Paulo
Fluminense
Data: 27/07/2025 - domingo às 16h00
Local: Morumbi - Sao Paulo - SP
Transmissão: Globo, Premiere
Ref: 166
Rodada: 17

1 x 2

Cruzeiro Saf
Ceará
Data: 27/07/2025 - domingo às 16h00
Local: Mineirão - Belo Horizonte - MG
Transmissão: Globo, Premiere
Ref: 168
Rodada: 17

3 x 0

Bahia
Juventude
Data: 27/07/2025 - domingo às 18h30
Local: Arena Fonte Nova - Salvador - BA
Transmissão: Premiere
Ref: 167
Rodada: 17

1 x 1

Internacional
Vasco da Gama S.a.f.
Data: 27/07/2025 - domingo às 18h30
Local: Beira-Rio - Porto Alegre - RS
Transmissão: Cazé TV, Premiere, Record
Ref: 161
Rodada: 17

1 x 0

Flamengo
Atlético Mineiro Saf
Data: 27/07/2025 - domingo às 20h30
Local: Maracanã - Rio de Janeiro - RJ
Transmissão: Premiere, SporTV
Ref: 180
Rodada: 18

0 x 0

Sport Recife
Bahia
Data: 02/08/2025 - sábado às 16h00
Local: Ilha do Retiro - Recife - PE
Transmissão: Premiere
Ref: 175
Rodada: 18

3 x 2

Mirassol
Vasco da Gama S.a.f.
Data: 02/08/2025 - sábado às 18h30
Local: José Maria de Campos Maia - Mirassol - SP
Transmissão: Premiere
Ref: 171
Rodada: 18

1 x 0

Fluminense
Grêmio
Data: 02/08/2025 - sábado às 21h00
Local: Maracanã - Rio de Janeiro - RJ
Transmissão: Premiere, SporTV
Ref: 173
Rodada: 18

1 x 1

Corinthians
Fortaleza Ec Saf
Data: 03/08/2025 - domingo às 16h00
Local: Neo Química Arena - Sao Paulo - SP
Transmissão: Globo, Premiere
Ref: 172
Rodada: 18

0 x 2

Botafogo
Cruzeiro Saf
Data: 03/08/2025 - domingo às 16h00
Local: Nilton Santos - Rio de Janeiro - RJ
Transmissão: Globo, Premiere
Ref: 179
Rodada: 18

1 x 1

Ceará
Flamengo
Data: 03/08/2025 - domingo às 18h30
Local: Arena Castelão - Fortaleza - CE
Transmissão: Cazé TV, Premiere, Record
Ref: 176
Rodada: 18

2 x 1

Atlético Mineiro Saf
Red Bull Bragantino
Data: 03/08/2025 - domingo às 18h30
Local: ARENA MRV - Belo Horizonte - MG
Transmissão: Premiere
Ref: 178
Rodada: 18

2 x 2

Vitória
Palmeiras
Data: 03/08/2025 - domingo às 19h30
Local: Manoel Barradas - Salvador - BA
Transmissão: Premiere
Ref: 177
Rodada: 18

1 x 2

Internacional
São Paulo
Data: 03/08/2025 - domingo às 20h30
Local: Beira-Rio - Porto Alegre - RS
Transmissão: Amazon Prime
Ref: 174
Rodada: 18

3 x 1

Santos Fc
Juventude
Data: 04/08/2025 - segunda-feira às 20h00
Local: Morumbi - Sao Paulo - SP
Transmissão: Premiere, SporTV
Ref: 185
Rodada: 19

1 x 3

Red Bull Bragantino
Internacional
Data: 09/08/2025 - sábado às 18h30
Local: Cícero de Souza Marques - Braganca Paulista - SP
Transmissão: Premiere
Ref: 184
Rodada: 19

2 x 0

São Paulo
Vitória
Data: 09/08/2025 - sábado às 18h30
Local: Morumbi - Sao Paulo - SP
Transmissão: Premiere
Ref: 181
Rodada: 19

2 x 1

Flamengo
Mirassol
Data: 09/08/2025 - sábado às 18h30
Local: Maracanã - Rio de Janeiro - RJ
Transmissão: Premiere
Ref: 189
Rodada: 19

0 x 5

Fortaleza Ec Saf
Botafogo
Data: 09/08/2025 - sábado às 20h30
Local: Arena Castelão - Fortaleza - CE
Transmissão: Amazon Prime
Ref: 188
Rodada: 19

3 x 3

Bahia
Fluminense
Data: 09/08/2025 - sábado às 21h00
Local: Arena Fonte Nova - Salvador - BA
Transmissão: Premiere, SporTV
Ref: 183
Rodada: 19

2 x 1

Palmeiras
Ceará
Data: 10/08/2025 - domingo às 16h00
Local: Allianz Parque - Sao Paulo - SP
Transmissão: Globo, Premiere
Ref: 182
Rodada: 19

1 x 1

Vasco da Gama S.a.f.
Atlético Mineiro Saf
Data: 10/08/2025 - domingo às 16h00
Local: São Januário - Rio de Janeiro - RJ
Transmissão: Globo, Premiere
Ref: 186
Rodada: 19

1 x 2

Cruzeiro Saf
Santos Fc
Data: 10/08/2025 - domingo às 18h30
Local: Mineirão - Belo Horizonte - MG
Transmissão: Cazé TV, Premiere, Record
Ref: 187
Rodada: 19

0 x 1

Grêmio
Sport Recife
Data: 10/08/2025 - domingo às 20h30
Local: Arena do Grêmio - Porto Alegre - RS
Transmissão: Premiere
Ref: 190
Rodada: 19

2 x 1

Juventude
Corinthians
Data: 11/08/2025 - segunda-feira às 20h00
Local: Alfredo Jaconi - Caxias do Sul - RS
Transmissão: Premiere, SporTV
Fase Única
Returno
Ref: 191
Rodada: 20

2 x 1

Fluminense
Fortaleza Ec Saf
Data: 16/08/2025 - sábado às 16h00
Local: Maracanã - Rio de Janeiro - RJ
Transmissão: Premiere
Ref: 199
Rodada: 20

1 x 0

Ceará
Red Bull Bragantino
Data: 16/08/2025 - sábado às 16h00
Local: Arena Castelão - Fortaleza - CE
Transmissão: Premiere
Ref: 198
Rodada: 20

2 x 2

Vitória
Juventude
Data: 16/08/2025 - sábado às 18h30
Local: Manoel Barradas - Salvador - BA
Transmissão: Premiere
Ref: 200
Rodada: 20

2 x 2

Sport Recife
São Paulo
Data: 16/08/2025 - sábado às 18h30
Local: Ilha do Retiro - Recife - PE
Transmissão: Cazé TV, Premiere, Record
Ref: 193
Rodada: 20

1 x 2

Corinthians
Bahia
Data: 16/08/2025 - sábado às 21h00
Local: Neo Química Arena - Sao Paulo - SP
Transmissão: Premiere, SporTV
Ref: 196
Rodada: 20

1 x 3

Atlético Mineiro Saf
Grêmio
Data: 17/08/2025 - domingo às 16h00
Local: ARENA MRV - Belo Horizonte - MG
Transmissão: Globo, Premiere
Ref: 194
Rodada: 20

0 x 6

Santos Fc
Vasco da Gama S.a.f.
Data: 17/08/2025 - domingo às 16h00
Local: Morumbi - Sao Paulo - SP
Transmissão: Globo, Premiere
Ref: 197
Rodada: 20

1 x 3

Internacional
Flamengo
Data: 17/08/2025 - domingo às 18h30
Local: Beira-Rio - Porto Alegre - RS
Transmissão: Premiere
Ref: 192
Rodada: 20

0 x 1

Botafogo
Palmeiras
Data: 17/08/2025 - domingo às 20h30
Local: Nilton Santos - Rio de Janeiro - RJ
Transmissão: Amazon Prime
Ref: 195
Rodada: 20

1 x 1

Mirassol
Cruzeiro Saf
Data: 18/08/2025 - segunda-feira às 20h00
Local: José Maria de Campos Maia - Mirassol - SP
Transmissão: Premiere, SporTV
Ref: 205
Rodada: 21

4 x 2

Red Bull Bragantino
Fluminense
Data: 23/08/2025 - sábado às 16h00
Local: Cícero de Souza Marques - Braganca Paulista - SP
Transmissão: Premiere
Ref: 206
Rodada: 21

2 x 1

Cruzeiro Saf
Internacional
Data: 23/08/2025 - sábado às 18h30
Local: Mineirão - Belo Horizonte - MG
Transmissão: Amazon Prime
Ref: 207
Rodada: 21

0 x 0

Grêmio
Ceará
Data: 23/08/2025 - sábado às 21h00
Local: Arena do Grêmio - Porto Alegre - RS
Transmissão: Premiere, SporTV
Ref: 202
Rodada: 21

2 x 3

Vasco da Gama S.a.f.
Corinthians
Data: 24/08/2025 - domingo às 16h00
Local: São Januário - Rio de Janeiro - RJ
Transmissão: Globo, Premiere
Ref: 208
Rodada: 21

2 x 0

Bahia
Santos Fc
Data: 24/08/2025 - domingo às 16h00
Local: Arena Fonte Nova - Salvador - BA
Transmissão: Globo, Premiere
Ref: 210
Rodada: 21

1 x 3

Juventude
Botafogo
Data: 24/08/2025 - domingo às 18h30
Local: Alfredo Jaconi - Caxias do Sul - RS
Transmissão: Cazé TV, Premiere, Record
Ref: 209
Rodada: 21

0 x 1

Fortaleza Ec Saf
Mirassol
Data: 24/08/2025 - domingo às 18h30
Local: Arena Castelão - Fortaleza - CE
Transmissão: Premiere
Ref: 204
Rodada: 21

2 x 0

São Paulo
Atlético Mineiro Saf
Data: 24/08/2025 - domingo às 20h30
Local: Morumbi - Sao Paulo - SP
Transmissão: Premiere
Ref: 203
Rodada: 21

3 x 0

Palmeiras
Sport Recife
Data: 25/08/2025 - segunda-feira às 19h00
Local: Allianz Parque - Sao Paulo - SP
Transmissão: Premiere
Ref: 201
Rodada: 21

8 x 0

Flamengo
Vitória
Data: 25/08/2025 - segunda-feira às 21h00
Local: Maracanã - Rio de Janeiro - RJ
Transmissão: Premiere, SporTV
Ref: 219
Rodada: 22

0 x 1

Ceará
Juventude
Data: 30/08/2025 - sábado às 16h00
Local: Arena Castelão - Fortaleza - CE
Transmissão: Premiere
Ref: 212
Rodada: 22

4 x 1

Botafogo
Red Bull Bragantino
Data: 30/08/2025 - sábado às 18h30
Local: Nilton Santos - Rio de Janeiro - RJ
Transmissão: Premiere
Ref: 216
Rodada: 22

1 x 0

Cruzeiro Saf
São Paulo
Data: 30/08/2025 - sábado às 21h00
Local: Mineirão - Belo Horizonte - MG
Transmissão: Premiere, SporTV
Ref: 211
Rodada: 22

1 x 1

Flamengo
Grêmio
Data: 31/08/2025 - domingo às 16h00
Local: Maracanã - Rio de Janeiro - RJ
Transmissão: Globo, Premiere
Ref: 214
Rodada: 22

0 x 0

Santos Fc
Fluminense
Data: 31/08/2025 - domingo às 16h00
Local: Vila Belmiro - Santos - SP
Transmissão: Globo, Premiere
Ref: 213
Rodada: 22

1 x 1

Corinthians
Palmeiras
Data: 31/08/2025 - domingo às 18h30
Local: Neo Química Arena - Sao Paulo - SP
Transmissão: Cazé TV, Premiere, Record
Ref: 218
Rodada: 22

1 x 0

Vitória
Atlético Mineiro Saf
Data: 31/08/2025 - domingo às 18h30
Local: Manoel Barradas - Salvador - BA
Transmissão: Premiere
Ref: 215
Rodada: 22

5 x 1

Mirassol
Bahia
Data: 31/08/2025 - domingo às 18h30
Local: José Maria de Campos Maia - Mirassol - SP
Transmissão: Premiere
Ref: 220
Rodada: 22

2 x 3

Sport Recife
Vasco da Gama S.a.f.
Data: 31/08/2025 - domingo às 20h30
Local: Ilha do Retiro - Recife - PE
Transmissão: Amazon Prime
Ref: 217
Rodada: 22

2 x 1

Internacional
Fortaleza Ec Saf
Data: 31/08/2025 - domingo às 20h30
Local: Beira-Rio - Porto Alegre - RS
Transmissão: Premiere, SporTV
Ref: 229
Rodada: 23

2 x 0

Fortaleza Ec Saf
Vitória
Data: 13/09/2025 - sábado às 16h00
Local: Arena Castelão - Fortaleza - CE
Transmissão: Premiere
Ref: 227
Rodada: 23

0 x 1

Grêmio
Mirassol
Data: 13/09/2025 - sábado às 16h00
Local: Arena do Grêmio - Porto Alegre - RS
Transmissão: Premiere
Ref: 223
Rodada: 23

4 x 1

Palmeiras
Internacional
Data: 13/09/2025 - sábado às 18h30
Local: Allianz Parque - Sao Paulo - SP
Transmissão: Premiere, SporTV
Ref: 221
Rodada: 23

0 x 1

Fluminense
Corinthians
Data: 13/09/2025 - sábado às 21h00
Local: Maracanã - Rio de Janeiro - RJ
Transmissão: Cazé TV, Premiere, Record
Ref: 225
Rodada: 23

1 x 1

Red Bull Bragantino
Sport Recife
Data: 14/09/2025 - domingo às 11h00
Local: Cícero de Souza Marques - Braganca Paulista - SP
Transmissão: Premiere
Ref: 226
Rodada: 23

1 x 1

Atlético Mineiro Saf
Santos Fc
Data: 14/09/2025 - domingo às 16h00
Local: ARENA MRV - Belo Horizonte - MG
Transmissão: Premiere
Ref: 230
Rodada: 23

0 x 2

Juventude
Flamengo
Data: 14/09/2025 - domingo às 16h00
Local: Alfredo Jaconi - Caxias do Sul - RS
Transmissão: Amazon Prime
Ref: 224
Rodada: 23

1 x 0

São Paulo
Botafogo
Data: 14/09/2025 - domingo às 17h30
Local: Morumbi - Sao Paulo - SP
Transmissão: Globo, Premiere
Ref: 222
Rodada: 23

2 x 2

Vasco da Gama S.a.f.
Ceará
Data: 14/09/2025 - domingo às 20h30
Local: São Januário - Rio de Janeiro - RJ
Transmissão: Premiere, SporTV
Ref: 228
Rodada: 23

1 x 2

Bahia
Cruzeiro Saf
Data: 15/09/2025 - segunda-feira às 20h00
Local: Arena Fonte Nova - Salvador - BA
Transmissão: Premiere, SporTV
Ref: 238
Rodada: 24

0 x 1

Vitória
Fluminense
Data: 20/09/2025 - sábado às 16h00
Local: Manoel Barradas - Salvador - BA
Transmissão: Premiere
Ref: 232
Rodada: 24

1 x 0

Botafogo
Atlético Mineiro Saf
Data: 20/09/2025 - sábado às 18h30
Local: Nilton Santos - Rio de Janeiro - RJ
Transmissão: Amazon Prime
Ref: 239
Rodada: 24

1 x 1

Ceará
Bahia
Data: 20/09/2025 - sábado às 18h30
Local: Arena Castelão - Fortaleza - CE
Transmissão: Premiere
Ref: 233
Rodada: 24

4 x 1

Palmeiras
Fortaleza Ec Saf
Data: 20/09/2025 - sábado às 21h00
Local: Allianz Parque - Sao Paulo - SP
Transmissão: Premiere, SporTV
Ref: 235
Rodada: 24

2 x 0

Mirassol
Juventude
Data: 21/09/2025 - domingo às 16h00
Local: José Maria de Campos Maia - Mirassol - SP
Transmissão: Premiere
Ref: 237
Rodada: 24

2 x 3

Internacional
Grêmio
Data: 21/09/2025 - domingo às 17h30
Local: Beira-Rio - Porto Alegre - RS
Transmissão: Globo, Premiere
Ref: 231
Rodada: 24

1 x 1

Flamengo
Vasco da Gama S.a.f.
Data: 21/09/2025 - domingo às 17h30
Local: Maracanã - Rio de Janeiro - RJ
Transmissão: Globo, Premiere
Ref: 240
Rodada: 24

1 x 0

Sport Recife
Corinthians
Data: 21/09/2025 - domingo às 17h30
Local: Ilha do Retiro - Recife - PE
Transmissão: Globo, Premiere
Ref: 234
Rodada: 24

1 x 0

Santos Fc
São Paulo
Data: 21/09/2025 - domingo às 20h30
Local: Vila Belmiro - Santos - SP
Transmissão: Premiere, SporTV
Ref: 236
Rodada: 24

2 x 1

Cruzeiro Saf
Red Bull Bragantino
Data: 21/09/2025 - domingo às 20h30
Local: Mineirão - Belo Horizonte - MG
Transmissão: Cazé TV, Premiere, Record
Ref: 249
Rodada: 25

1 x 0

Fortaleza Ec Saf
Sport Recife
Data: 27/09/2025 - sábado às 16h00
Local: Arena Castelão - Fortaleza - CE
Transmissão: Premiere
Ref: 250
Rodada: 25

1 x 1

Juventude
Internacional
Data: 27/09/2025 - sábado às 18h30
Local: Alfredo Jaconi - Caxias do Sul - RS
Transmissão: Premiere
Ref: 242
Rodada: 25

2 x 0

Vasco da Gama S.a.f.
Cruzeiro Saf
Data: 27/09/2025 - sábado às 18h30
Local: São Januário - Rio de Janeiro - RJ
Transmissão: Amazon Prime
Ref: 246
Rodada: 25

1 x 0

Atlético Mineiro Saf
Mirassol
Data: 27/09/2025 - sábado às 21h00
Local: ARENA MRV - Belo Horizonte - MG
Transmissão: Premiere, SporTV
Ref: 247
Rodada: 25

3 x 1

Grêmio
Vitória
Data: 28/09/2025 - domingo às 11h00
Local: Arena do Grêmio - Porto Alegre - RS
Transmissão: Premiere
Ref: 241
Rodada: 25

2 x 0

Fluminense
Botafogo
Data: 28/09/2025 - domingo às 16h00
Local: Maracanã - Rio de Janeiro - RJ
Transmissão: Globo, Premiere
Ref: 248
Rodada: 25

1 x 0

Bahia
Palmeiras
Data: 28/09/2025 - domingo às 16h00
Local: Arena Fonte Nova - Salvador - BA
Transmissão: Globo, Premiere
Ref: 245
Rodada: 25

2 x 2

Red Bull Bragantino
Santos Fc
Data: 28/09/2025 - domingo às 18h30
Local: Cícero de Souza Marques - Braganca Paulista - SP
Transmissão: Premiere, SporTV
Ref: 243
Rodada: 25

1 x 2

Corinthians
Flamengo
Data: 28/09/2025 - domingo às 20h30
Local: Neo Química Arena - Sao Paulo - SP
Transmissão: Cazé TV, Premiere, Record
Ref: 244
Rodada: 25

0 x 1

São Paulo
Ceará
Data: 29/09/2025 - segunda-feira às 20h00
Local: Morumbi - Sao Paulo - SP
Transmissão: Premiere, SporTV
Ref: 256
Rodada: 26

0 x 0

Atlético Mineiro Saf
Juventude
Data: 30/09/2025 - terça-feira às 21h30
Local: ARENA MRV - Belo Horizonte - MG
Transmissão: Premiere, SporTV
Ref: 255
Rodada: 26

1 x 1

Mirassol
Red Bull Bragantino
Data: 01/10/2025 - quarta-feira às 19h00
Local: José Maria de Campos Maia - Mirassol - SP
Transmissão: Premiere
Ref: 260
Rodada: 26

2 x 2

Sport Recife
Fluminense
Data: 01/10/2025 - quarta-feira às 19h00
Local: Ilha do Retiro - Recife - PE
Transmissão: Premiere
Ref: 253
Rodada: 26

3 x 0

Palmeiras
Vasco da Gama S.a.f.
Data: 01/10/2025 - quarta-feira às 19h00
Local: Allianz Parque - Sao Paulo - SP
Transmissão: Premiere
Ref: 257
Rodada: 26

1 x 1

Internacional
Corinthians
Data: 01/10/2025 - quarta-feira às 19h30
Local: Beira-Rio - Porto Alegre - RS
Transmissão: Amazon Prime
Ref: 252
Rodada: 26

2 x 1

Botafogo
Bahia
Data: 01/10/2025 - quarta-feira às 21h30
Local: Nilton Santos - Rio de Janeiro - RJ
Transmissão: Globo, Premiere
Ref: 254
Rodada: 26

1 x 1

Santos Fc
Grêmio
Data: 01/10/2025 - quarta-feira às 21h30
Local: Vila Belmiro - Santos - SP
Transmissão: Premiere
Ref: 258
Rodada: 26

1 x 0

Vitória
Ceará
Data: 02/10/2025 - quinta-feira às 19h00
Local: Manoel Barradas - Salvador - BA
Transmissão: Premiere
Ref: 259
Rodada: 26

0 x 2

Fortaleza Ec Saf
São Paulo
Data: 02/10/2025 - quinta-feira às 19h30
Local: Arena Castelão - Fortaleza - CE
Transmissão: Cazé TV, Premiere, Record
Ref: 251
Rodada: 26

0 x 0

Flamengo
Cruzeiro Saf
Data: 02/10/2025 - quinta-feira às 20h30
Local: Maracanã - Rio de Janeiro - RJ
Transmissão: Premiere, SporTV
Ref: 265
Rodada: 27

1 x 0

Red Bull Bragantino
Grêmio
Data: 04/10/2025 - sábado às 18h30
Local: Cícero de Souza Marques - Braganca Paulista - SP
Transmissão: Premiere
Ref: 261
Rodada: 27

3 x 0

Fluminense
Atlético Mineiro Saf
Data: 04/10/2025 - sábado às 18h30
Local: Maracanã - Rio de Janeiro - RJ
Transmissão: Cazé TV, Premiere, Record
Ref: 267
Rodada: 27

2 x 0

Internacional
Botafogo
Data: 04/10/2025 - sábado às 18h30
Local: Beira-Rio - Porto Alegre - RS
Transmissão: Premiere
Ref: 263
Rodada: 27

3 x 0

Corinthians
Mirassol
Data: 04/10/2025 - sábado às 21h00
Local: Neo Química Arena - Sao Paulo - SP
Transmissão: Premiere, SporTV
Ref: 264
Rodada: 27

2 x 3

São Paulo
Palmeiras
Data: 05/10/2025 - domingo às 16h00
Local: Morumbi - Sao Paulo - SP
Transmissão: Globo, Premiere
Ref: 262
Rodada: 27

4 x 3

Vasco da Gama S.a.f.
Vitória
Data: 05/10/2025 - domingo às 16h00
Local: São Januário - Rio de Janeiro - RJ
Transmissão: Globo, Premiere
Ref: 270
Rodada: 27

1 x 2

Juventude
Fortaleza Ec Saf
Data: 05/10/2025 - domingo às 18h30
Local: Alfredo Jaconi - Caxias do Sul - RS
Transmissão: Premiere
Ref: 268
Rodada: 27

1 x 0

Bahia
Flamengo
Data: 05/10/2025 - domingo às 18h30
Local: Arena Fonte Nova - Salvador - BA
Transmissão: Premiere
Ref: 266
Rodada: 27

1 x 1

Cruzeiro Saf
Sport Recife
Data: 05/10/2025 - domingo às 20h30
Local: Mineirão - Belo Horizonte - MG
Transmissão: Premiere, SporTV
Ref: 269
Rodada: 27

3 x 0

Ceará
Santos Fc
Data: 05/10/2025 - domingo às 20h30
Local: Arena Castelão - Fortaleza - CE
Transmissão: Amazon Prime
Ref: 273
Rodada: 28

5 x 1

Palmeiras
Red Bull Bragantino
Data: 15/10/2025 - quarta-feira às 19h00
Local: Allianz Parque - Sao Paulo - SP
Transmissão: Premiere
Ref: 272
Rodada: 28

0 x 3

Botafogo
Flamengo
Data: 15/10/2025 - quarta-feira às 19h30
Local: Nilton Santos - Rio de Janeiro - RJ
Transmissão: Cazé TV, Premiere, Record
Ref: 280
Rodada: 28

1 x 1

Sport Recife
Ceará
Data: 15/10/2025 - quarta-feira às 20h00
Local: Ilha do Retiro - Recife - PE
Transmissão: Premiere
Ref: 275
Rodada: 28

3 x 1

Mirassol
Internacional
Data: 15/10/2025 - quarta-feira às 20h00
Local: José Maria de Campos Maia - Mirassol - SP
Transmissão: Premiere
Ref: 276
Rodada: 28

1 x 1

Atlético Mineiro Saf
Cruzeiro Saf
Data: 15/10/2025 - quarta-feira às 21h30
Local: ARENA MRV - Belo Horizonte - MG
Transmissão: Globo, Premiere
Ref: 274
Rodada: 28

3 x 1

Santos Fc
Corinthians
Data: 15/10/2025 - quarta-feira às 21h30
Local: Vila Belmiro - Santos - SP
Transmissão: Globo, Premiere
Ref: 279
Rodada: 28

0 x 2

Fortaleza Ec Saf
Vasco da Gama S.a.f.
Data: 15/10/2025 - quarta-feira às 21h30
Local: Arena Castelão - Fortaleza - CE
Transmissão: Globo, Premiere
Ref: 277
Rodada: 28

2 x 0

Grêmio
São Paulo
Data: 16/10/2025 - quinta-feira às 19h00
Local: Arena do Grêmio - Porto Alegre - RS
Transmissão: Premiere, SporTV
Ref: 278
Rodada: 28

2 x 1

Vitória
Bahia
Data: 16/10/2025 - quinta-feira às 21h30
Local: Manoel Barradas - Salvador - BA
Transmissão: Premiere, SporTV
Ref: 271
Rodada: 28

1 x 0

Fluminense
Juventude
Data: 16/10/2025 - quinta-feira às 21h30
Local: Maracanã - Rio de Janeiro - RJ
Transmissão: Amazon Prime
Ref: 283
Rodada: 29

1 x 0

Corinthians
Atlético Mineiro Saf
Data: 18/10/2025 - sábado às 18h30
Local: Neo Química Arena - Sao Paulo - SP
Transmissão: Amazon Prime
Ref: 286
Rodada: 29

1 x 0

Cruzeiro Saf
Fortaleza Ec Saf
Data: 18/10/2025 - sábado às 21h00
Local: Mineirão - Belo Horizonte - MG
Transmissão: Premiere, SporTV
Ref: 281
Rodada: 29

3 x 2

Flamengo
Palmeiras
Data: 19/10/2025 - domingo às 16h00
Local: Maracanã - Rio de Janeiro - RJ
Transmissão: Globo, GloboEsporte.com, Premiere, SporTV
Ref: 285
Rodada: 29

3 x 0

Mirassol
São Paulo
Data: 19/10/2025 - domingo às 18h30
Local: José Maria de Campos Maia - Mirassol - SP
Transmissão: Premiere
Ref: 287
Rodada: 29

2 x 0

Internacional
Sport Recife
Data: 19/10/2025 - domingo às 18h30
Local: Beira-Rio - Porto Alegre - RS
Transmissão: Premiere
Ref: 289
Rodada: 29

0 x 2

Ceará
Botafogo
Data: 19/10/2025 - domingo às 18h30
Local: Arena Castelão - Fortaleza - CE
Transmissão: Premiere
Ref: 288
Rodada: 29

4 x 0

Bahia
Grêmio
Data: 19/10/2025 - domingo às 20h30
Local: Arena Fonte Nova - Salvador - BA
Transmissão: Premiere
Ref: 290
Rodada: 29

1 x 0

Juventude
Red Bull Bragantino
Data: 20/10/2025 - segunda-feira às 19h00
Local: Alfredo Jaconi - Caxias do Sul - RS
Transmissão: Premiere
Ref: 282
Rodada: 29

2 x 0

Vasco da Gama S.a.f.
Fluminense
Data: 20/10/2025 - segunda-feira às 19h30
Local: Maracanã - Rio de Janeiro - RJ
Transmissão: Cazé TV, Premiere, Record
Ref: 284
Rodada: 29

0 x 1

Santos Fc
Vitória
Data: 20/10/2025 - segunda-feira às 21h30
Local: Vila Belmiro - Santos - SP
Transmissão: Premiere, SporTV
Ref: 298
Rodada: 30

0 x 1

Vitória
Corinthians
Data: 25/10/2025 - sábado às 16h00
Local: Manoel Barradas - Salvador - BA
Transmissão: Premiere
Ref: 296
Rodada: 30

1 x 0

Atlético Mineiro Saf
Ceará
Data: 25/10/2025 - sábado às 16h00
Local: ARENA MRV - Belo Horizonte - MG
Transmissão: Premiere
Ref: 291
Rodada: 30

1 x 0

Fluminense
Internacional
Data: 25/10/2025 - sábado às 17h30
Local: Maracanã - Rio de Janeiro - RJ
Transmissão: Amazon Prime
Ref: 300
Rodada: 30

1 x 2

Sport Recife
Mirassol
Data: 25/10/2025 - sábado às 18h30
Local: Ilha do Retiro - Recife - PE
Transmissão: Cazé TV, Premiere, Record
Ref: 299
Rodada: 30

1 x 0

Fortaleza Ec Saf
Flamengo
Data: 25/10/2025 - sábado às 19h30
Local: Arena Castelão - Fortaleza - CE
Transmissão: Premiere
Ref: 294
Rodada: 30

2 x 0

São Paulo
Bahia
Data: 25/10/2025 - sábado às 21h30
Local: Morumbi - Sao Paulo - SP
Transmissão: Premiere, SporTV
Ref: 297
Rodada: 30

3 x 1

Grêmio
Juventude
Data: 26/10/2025 - domingo às 16h00
Local: Arena do Grêmio - Porto Alegre - RS
Transmissão: Globo, GloboEsporte.com, Premiere, SporTV
Ref: 292
Rodada: 30

2 x 2

Botafogo
Santos Fc
Data: 26/10/2025 - domingo às 16h00
Local: Nilton Santos - Rio de Janeiro - RJ
Transmissão: Globo, Premiere
Ref: 295
Rodada: 30

0 x 3

Red Bull Bragantino
Vasco da Gama S.a.f.
Data: 26/10/2025 - domingo às 18h30
Local: Cícero de Souza Marques - Braganca Paulista - SP
Transmissão: Premiere, SporTV
Ref: 293
Rodada: 30

0 x 0

Palmeiras
Cruzeiro Saf
Data: 26/10/2025 - domingo às 20h30
Local: Allianz Parque - Sao Paulo - SP
Transmissão: Premiere
Ref: 304
Rodada: 31

1 x 1

Santos Fc
Fortaleza Ec Saf
Data: 01/11/2025 - sábado às 16h00
Local: Vila Belmiro - Santos - SP
Transmissão: Premiere, SporTV
Ref: 306
Rodada: 31

3 x 1

Cruzeiro Saf
Vitória
Data: 01/11/2025 - sábado às 16h00
Local: Mineirão - Belo Horizonte - MG
Transmissão: Premiere
Ref: 305
Rodada: 31

0 x 0

Mirassol
Botafogo
Data: 01/11/2025 - sábado às 18h00
Local: José Maria de Campos Maia - Mirassol - SP
Transmissão: Premiere
Ref: 301
Rodada: 31

3 x 0

Flamengo
Sport Recife
Data: 01/11/2025 - sábado às 21h00
Local: Maracanã - Rio de Janeiro - RJ
Transmissão: Premiere, SporTV
Ref: 308
Rodada: 31

2 x 1

Bahia
Red Bull Bragantino
Data: 02/11/2025 - domingo às 16h00
Local: Arena Fonte Nova - Salvador - BA
Transmissão: GloboEsporte.com, Premiere
Ref: 303
Rodada: 31

2 x 0

Corinthians
Grêmio
Data: 02/11/2025 - domingo às 16h00
Local: Neo Química Arena - Sao Paulo - SP
Transmissão: Globo, Premiere
Ref: 309
Rodada: 31

2 x 0

Ceará
Fluminense
Data: 02/11/2025 - domingo às 16h00
Local: Arena Castelão - Fortaleza - CE
Transmissão: Globo, Premiere
Ref: 307
Rodada: 31

0 x 0

Internacional
Atlético Mineiro Saf
Data: 02/11/2025 - domingo às 18h30
Local: Beira-Rio - Porto Alegre - RS
Transmissão: Amazon Prime
Ref: 310
Rodada: 31

0 x 2

Juventude
Palmeiras
Data: 02/11/2025 - domingo às 18h30
Local: Alfredo Jaconi - Caxias do Sul - RS
Transmissão: Premiere
Ref: 302
Rodada: 31

0 x 2

Vasco da Gama S.a.f.
São Paulo
Data: 02/11/2025 - domingo às 20h30
Local: São Januário - Rio de Janeiro - RJ
Transmissão: Cazé TV, Premiere, Record
Ref: 320
Rodada: 32

x

Sport Recife
Juventude
Data: 05/11/2025 - quarta-feira às 19h00
Local: Ilha do Retiro - Recife - PE
Transmissão: Premiere
Ref: 315
Rodada: 32

x

Red Bull Bragantino
Corinthians
Data: 05/11/2025 - quarta-feira às 19h00
Local: Cícero de Souza Marques - Braganca Paulista - SP
Transmissão: Premiere
Ref: 318
Rodada: 32

x

Vitória
Internacional
Data: 05/11/2025 - quarta-feira às 19h00
Local: Manoel Barradas - Salvador - BA
Transmissão: Premiere
Ref: 312
Rodada: 32

x

Botafogo
Vasco da Gama S.a.f.
Data: 05/11/2025 - quarta-feira às 19h30
Local: Nilton Santos - Rio de Janeiro - RJ
Transmissão: Amazon Prime
Ref: 316
Rodada: 32

x

Atlético Mineiro Saf
Bahia
Data: 05/11/2025 - quarta-feira às 20h00
Local: ARENA MRV - Belo Horizonte - MG
Transmissão: Premiere
Ref: 317
Rodada: 32

x

Grêmio
Cruzeiro Saf
Data: 05/11/2025 - quarta-feira às 20h00
Local: Arena do Grêmio - Porto Alegre - RS
Transmissão: Premiere
Ref: 314
Rodada: 32

x

São Paulo
Flamengo
Data: 05/11/2025 - quarta-feira às 21h30
Local: Vila Belmiro - Santos - SP
Transmissão: Globo, Premiere
Ref: 311
Rodada: 32

x

Fluminense
Mirassol
Data: 06/11/2025 - quinta-feira às 19h30
Local: Maracanã - Rio de Janeiro - RJ
Transmissão: Cazé TV, Premiere, Record
Ref: 319
Rodada: 32

x

Ceará
Fortaleza Ec Saf
Data: 06/11/2025 - quinta-feira às 20h00
Local: Arena Castelão - Fortaleza - CE
Transmissão: Premiere
Ref: 313
Rodada: 32

x

Palmeiras
Santos Fc
Data: 06/11/2025 - quinta-feira às 21h30
Local: Allianz Parque - Sao Paulo - SP
Transmissão: Premiere, SporTV
Ref: 330
Rodada: 33

x

Sport Recife
Atlético Mineiro Saf
Data: 08/11/2025 - sábado às 16h00
Local: Ilha do Retiro - Recife - PE
Transmissão: Premiere
Ref: 322
Rodada: 33

x

Vasco da Gama S.a.f.
Juventude
Data: 08/11/2025 - sábado às 18h00
Local: São Januário - Rio de Janeiro - RJ
Transmissão: Premiere, SporTV
Ref: 327
Rodada: 33

x

Internacional
Bahia
Data: 08/11/2025 - sábado às 18h30
Local: Beira-Rio - Porto Alegre - RS
Transmissão: Cazé TV, Premiere, Record
Ref: 324
Rodada: 33

x

São Paulo
Red Bull Bragantino
Data: 08/11/2025 - sábado às 21h00
Local: Vila Belmiro - Santos - SP
Transmissão: Premiere, SporTV
Ref: 326
Rodada: 33

x

Cruzeiro Saf
Fluminense
Data: 09/11/2025 - domingo às 16h00
Local: Mineirão - Belo Horizonte - MG
Transmissão: Globo, Premiere
Ref: 328
Rodada: 33

x

Vitória
Botafogo
Data: 09/11/2025 - domingo às 16h00
Local: Manoel Barradas - Salvador - BA
Transmissão: Globo, GloboEsporte.com, Premiere
Ref: 323
Rodada: 33

x

Corinthians
Ceará
Data: 09/11/2025 - domingo às 16h00
Local: Neo Química Arena - Sao Paulo - SP
Transmissão: Globo, Premiere
Ref: 321
Rodada: 33

x

Flamengo
Santos Fc
Data: 09/11/2025 - domingo às 18h30
Local: Maracanã - Rio de Janeiro - RJ
Transmissão: Premiere
Ref: 329
Rodada: 33

x

Fortaleza Ec Saf
Grêmio
Data: 09/11/2025 - domingo às 20h30
Local: Arena Castelão - Fortaleza - CE
Transmissão: Premiere
Ref: 325
Rodada: 33

x

Mirassol
Palmeiras
Data: 09/11/2025 - domingo às 20h30
Local: José Maria de Campos Maia - Mirassol - SP
Transmissão: Amazon Prime
Ref: 331
Rodada: 34

x

Fluminense
Flamengo
Data: Não definido
Local: - -
Ref: 338
Rodada: 34

x

Bahia
Fortaleza Ec Saf
Data: Não definido
Local: - -
Ref: 339
Rodada: 34

x

Ceará
Internacional
Data: Não definido
Local: - -
Ref: 340
Rodada: 34

x

Juventude
Cruzeiro Saf
Data: Não definido
Local: - -
Ref: 332
Rodada: 34

x

Botafogo
Sport Recife
Data: Não definido
Local: - -
Ref: 333
Rodada: 34

x

Corinthians
São Paulo
Data: Não definido
Local: - -
Ref: 334
Rodada: 34

x

Santos Fc
Mirassol
Data: Não definido
Local: - -
Ref: 335
Rodada: 34

x

Red Bull Bragantino
Vitória
Data: Não definido
Local: - -
Ref: 336
Rodada: 34

x

Atlético Mineiro Saf
Palmeiras
Data: Não definido
Local: - -
Ref: 337
Rodada: 34

x

Grêmio
Vasco da Gama S.a.f.
Data: Não definido
Local: - -
Ref: 341
Rodada: 35

x

Flamengo
Red Bull Bragantino
Data: Não definido
Local: - -
Ref: 342
Rodada: 35

x

Botafogo
Grêmio
Data: Não definido
Local: - -
Ref: 343
Rodada: 35

x

Palmeiras
Fluminense
Data: Não definido
Local: - -
Ref: 350
Rodada: 35

x

Sport Recife
Vitória
Data: Não definido
Local: - -
Ref: 344
Rodada: 35

x

São Paulo
Juventude
Data: Não definido
Local: - -
Ref: 345
Rodada: 35

x

Mirassol
Ceará
Data: Não definido
Local: - -
Ref: 346
Rodada: 35

x

Cruzeiro Saf
Corinthians
Data: Não definido
Local: - -
Ref: 347
Rodada: 35

x

Internacional
Santos Fc
Data: Não definido
Local: - -
Ref: 348
Rodada: 35

x

Bahia
Vasco da Gama S.a.f.
Data: Não definido
Local: - -
Ref: 349
Rodada: 35

x

Fortaleza Ec Saf
Atlético Mineiro Saf
Data: Não definido
Local: - -
Ref: 351
Rodada: 36

x

Fluminense
São Paulo
Data: Não definido
Local: - -
Ref: 352
Rodada: 36

x

Vasco da Gama S.a.f.
Internacional
Data: Não definido
Local: - -
Ref: 353
Rodada: 36

x

Corinthians
Botafogo
Data: Não definido
Local: - -
Ref: 354
Rodada: 36

x

Santos Fc
Sport Recife
Data: Não definido
Local: - -
Ref: 355
Rodada: 36

x

Red Bull Bragantino
Fortaleza Ec Saf
Data: Não definido
Local: - -
Ref: 356
Rodada: 36

x

Atlético Mineiro Saf
Flamengo
Data: Não definido
Local: - -
Ref: 357
Rodada: 36

x

Grêmio
Palmeiras
Data: Não definido
Local: - -
Ref: 358
Rodada: 36

x

Vitória
Mirassol
Data: Não definido
Local: - -
Ref: 359
Rodada: 36

x

Ceará
Cruzeiro Saf
Data: Não definido
Local: - -
Ref: 360
Rodada: 36

x

Juventude
Bahia
Data: Não definido
Local: - -
Ref: 361
Rodada: 37

x

Flamengo
Ceará
Data: Não definido
Local: - -
Ref: 362
Rodada: 37

x

Vasco da Gama S.a.f.
Mirassol
Data: Não definido
Local: - -
Ref: 363
Rodada: 37

x

Palmeiras
Vitória
Data: Não definido
Local: - -
Ref: 364
Rodada: 37

x

São Paulo
Internacional
Data: Não definido
Local: - -
Ref: 365
Rodada: 37

x

Red Bull Bragantino
Atlético Mineiro Saf
Data: Não definido
Local: - -
Ref: 366
Rodada: 37

x

Cruzeiro Saf
Botafogo
Data: Não definido
Local: - -
Ref: 367
Rodada: 37

x

Grêmio
Fluminense
Data: Não definido
Local: - -
Ref: 368
Rodada: 37

x

Bahia
Sport Recife
Data: Não definido
Local: - -
Ref: 369
Rodada: 37

x

Fortaleza Ec Saf
Corinthians
Data: Não definido
Local: - -
Ref: 370
Rodada: 37

x

Juventude
Santos Fc
Data: Não definido
Local: - -
Ref: 371
Rodada: 38

x

Fluminense
Bahia
Data: Não definido
Local: - -
Ref: 372
Rodada: 38

x

Botafogo
Fortaleza Ec Saf
Data: Não definido
Local: - -
Ref: 373
Rodada: 38

x

Corinthians
Juventude
Data: Não definido
Local: - -
Ref: 374
Rodada: 38

x

Santos Fc
Cruzeiro Saf
Data: Não definido
Local: - -
Ref: 375
Rodada: 38

x

Mirassol
Flamengo
Data: Não definido
Local: - -
Ref: 376
Rodada: 38

x

Atlético Mineiro Saf
Vasco da Gama S.a.f.
Data: Não definido
Local: - -
Ref: 377
Rodada: 38

x

Internacional
Red Bull Bragantino
Data: Não definido
Local: - -
Ref: 378
Rodada: 38

x

Vitória
São Paulo
Data: Não definido
Local: - -
Ref: 379
Rodada: 38

x

Ceará
Palmeiras
Data: Não definido
Local: - -
Ref: 380
Rodada: 38

x

Sport Recife
Grêmio
Data: Não definido
Local: - -